Copyright 1986-2022 Xilinx, Inc. All Rights Reserved. Copyright 2022-2025 Advanced Micro Devices, Inc. All Rights Reserved.
-----------------------------------------------------------------------------------------------------------------------------------------------------------------------
| Tool Version      : Vivado v.2025.2 (win64) Build 6299465 Fri Nov 14 19:35:11 GMT 2025
| Date              : Fri Jul 31 14:37:04 2026
| Host              : Ngoclaptop running 64-bit major release  (build 9200)
| Command           : report_timing_summary -delay_type min_max -max_paths 20 -file C:/Users/Dell/Desktop/RISCV_RV32I/verification/build/core_current_timing_synth.rpt
| Design            : rv32i_axi_integration_top
| Device            : xczu7ev-ffvc1156
| Speed File        : -2  PRODUCTION 1.30 05-15-2022
| Design State      : Synthesized
| Temperature Grade : E
-----------------------------------------------------------------------------------------------------------------------------------------------------------------------

Timing Summary Report

------------------------------------------------------------------------------------------------
| Timer Settings
| --------------
------------------------------------------------------------------------------------------------

  Enable Multi Corner Analysis               :  Yes
  Enable Pessimism Removal                   :  Yes
  Pessimism Removal Resolution               :  Nearest Common Node
  Enable Input Delay Default Clock           :  No
  Enable Preset / Clear Arcs                 :  No
  Disable Flight Delays                      :  No
  Ignore I/O Paths                           :  No
  Timing Early Launch at Borrowing Latches   :  No
  Borrow Time for Max Delay Exceptions       :  Yes
  Merge Timing Exceptions                    :  Yes
  Inter-SLR Compensation                     :  Conservative

  Corner  Analyze    Analyze    
  Name    Max Paths  Min Paths  
  ------  ---------  ---------  
  Slow    Yes        Yes        
  Fast    Yes        Yes        


------------------------------------------------------------------------------------------------
| Report Methodology
| ------------------
------------------------------------------------------------------------------------------------

No report available as report_methodology has not been run prior. Run report_methodology on the current design for the summary of methodology violations.



check_timing report

Table of Contents
-----------------
1. checking no_clock (0)
2. checking constant_clock (0)
3. checking pulse_width_clock (0)
4. checking unconstrained_internal_endpoints (0)
5. checking no_input_delay (79)
6. checking no_output_delay (197)
7. checking multiple_clock (0)
8. checking generated_clocks (0)
9. checking loops (0)
10. checking partial_input_delay (0)
11. checking partial_output_delay (0)
12. checking latch_loops (0)

1. checking no_clock (0)
------------------------
 There are 0 register/latch pins with no clock.


2. checking constant_clock (0)
------------------------------
 There are 0 register/latch pins with constant_clock.


3. checking pulse_width_clock (0)
---------------------------------
 There are 0 register/latch pins which need pulse_width check


4. checking unconstrained_internal_endpoints (0)
------------------------------------------------
 There are 0 pins that are not constrained for maximum delay.

 There are 0 pins that are not constrained for maximum delay due to constant clock.


5. checking no_input_delay (79)
-------------------------------
 There are 79 input ports with no input delay specified. (HIGH)

 There are 0 input ports with no input delay but user has a false path constraint.


6. checking no_output_delay (197)
---------------------------------
 There are 197 ports with no output delay specified. (HIGH)

 There are 0 ports with no output delay but user has a false path constraint

 There are 0 ports with no output delay but with a timing clock defined on it or propagating through it


7. checking multiple_clock (0)
------------------------------
 There are 0 register/latch pins with multiple clocks.


8. checking generated_clocks (0)
--------------------------------
 There are 0 generated clocks that are not connected to a clock source.


9. checking loops (0)
---------------------
 There are 0 combinational loops in the design.


10. checking partial_input_delay (0)
------------------------------------
 There are 0 input ports with partial input delay specified.


11. checking partial_output_delay (0)
-------------------------------------
 There are 0 ports with partial output delay specified.


12. checking latch_loops (0)
----------------------------
 There are 0 combinational latch loops in the design through latch input



------------------------------------------------------------------------------------------------
| Design Timing Summary
| ---------------------
------------------------------------------------------------------------------------------------

    WNS(ns)      TNS(ns)  TNS Failing Endpoints  TNS Total Endpoints      WHS(ns)      THS(ns)  THS Failing Endpoints  THS Total Endpoints     WPWS(ns)     TPWS(ns)  TPWS Failing Endpoints  TPWS Total Endpoints  
    -------      -------  ---------------------  -------------------      -------      -------  ---------------------  -------------------     --------     --------  ----------------------  --------------------  
      5.327        0.000                      0                 3442        0.040        0.000                      0                 3442        4.468        0.000                       0                  1630  


All user specified timing constraints are met.


------------------------------------------------------------------------------------------------
| Clock Summary
| -------------
------------------------------------------------------------------------------------------------

Clock  Waveform(ns)       Period(ns)      Frequency(MHz)
-----  ------------       ----------      --------------
aclk   {0.000 5.000}      10.000          100.000         


------------------------------------------------------------------------------------------------
| Intra Clock Table
| -----------------
------------------------------------------------------------------------------------------------

Clock             WNS(ns)      TNS(ns)  TNS Failing Endpoints  TNS Total Endpoints      WHS(ns)      THS(ns)  THS Failing Endpoints  THS Total Endpoints     WPWS(ns)     TPWS(ns)  TPWS Failing Endpoints  TPWS Total Endpoints  
-----             -------      -------  ---------------------  -------------------      -------      -------  ---------------------  -------------------     --------     --------  ----------------------  --------------------  
aclk                5.327        0.000                      0                 3442        0.040        0.000                      0                 3442        4.468        0.000                       0                  1630  


------------------------------------------------------------------------------------------------
| Inter Clock Table
| -----------------
------------------------------------------------------------------------------------------------

From Clock    To Clock          WNS(ns)      TNS(ns)  TNS Failing Endpoints  TNS Total Endpoints      WHS(ns)      THS(ns)  THS Failing Endpoints  THS Total Endpoints  
----------    --------          -------      -------  ---------------------  -------------------      -------      -------  ---------------------  -------------------  


------------------------------------------------------------------------------------------------
| Other Path Groups Table
| -----------------------
------------------------------------------------------------------------------------------------

Path Group    From Clock    To Clock          WNS(ns)      TNS(ns)  TNS Failing Endpoints  TNS Total Endpoints      WHS(ns)      THS(ns)  THS Failing Endpoints  THS Total Endpoints  
----------    ----------    --------          -------      -------  ---------------------  -------------------      -------      -------  ---------------------  -------------------  


------------------------------------------------------------------------------------------------
| Timing Details
| --------------
------------------------------------------------------------------------------------------------


---------------------------------------------------------------------------------------------------
From Clock:  aclk
  To Clock:  aclk

Setup :            0  Failing Endpoints,  Worst Slack        5.327ns,  Total Violation        0.000ns
Hold  :            0  Failing Endpoints,  Worst Slack        0.040ns,  Total Violation        0.000ns
PW    :            0  Failing Endpoints,  Worst Slack        4.468ns,  Total Violation        0.000ns
---------------------------------------------------------------------------------------------------


Max Delay Paths
--------------------------------------------------------------------------------------
Slack (MET) :             5.327ns  (required time - arrival time)
  Source:                 u_core/u_mem_wb/wb_rd_reg[0]/C
                            (rising edge-triggered cell FDCE clocked by aclk  {rise@0.000ns fall@5.000ns period=10.000ns})
  Destination:            u_core/u_if/u_pc/pc_current_reg[26]/D
                            (rising edge-triggered cell FDCE clocked by aclk  {rise@0.000ns fall@5.000ns period=10.000ns})
  Path Group:             aclk
  Path Type:              Setup (Max at Slow Process Corner)
  Requirement:            10.000ns  (aclk rise@10.000ns - aclk rise@0.000ns)
  Data Path Delay:        4.654ns  (logic 1.245ns (26.751%)  route 3.409ns (73.249%))
  Logic Levels:           22  (CARRY8=6 LUT2=1 LUT3=3 LUT4=2 LUT5=3 LUT6=7)
  Clock Path Skew:        -0.009ns (DCD - SCD + CPR)
    Destination Clock Delay (DCD):    0.021ns = ( 10.021 - 10.000 ) 
    Source Clock Delay      (SCD):    0.030ns
    Clock Pessimism Removal (CPR):    0.000ns
  Clock Uncertainty:      0.035ns  ((TSJ^2 + TIJ^2)^1/2 + DJ) / 2 + PE
    Total System Jitter     (TSJ):    0.071ns
    Total Input Jitter      (TIJ):    0.000ns
    Discrete Jitter          (DJ):    0.000ns
    Phase Error              (PE):    0.000ns

    Location             Delay type                Incr(ns)  Path(ns)    Netlist Resource(s)
  -------------------------------------------------------------------    -------------------
                         (clock aclk rise edge)       0.000     0.000 r  
                                                      0.000     0.000 r  aclk (IN)
                         net (fo=1629, unset)         0.030     0.030    u_core/u_mem_wb/aclk
                         FDCE                                         r  u_core/u_mem_wb/wb_rd_reg[0]/C
  -------------------------------------------------------------------    -------------------
                         FDCE (Prop_FDCE_C_Q)         0.077     0.107 r  u_core/u_mem_wb/wb_rd_reg[0]/Q
                         net (fo=88, unplaced)        0.220     0.327    u_core/u_mem_wb/Q[0]
                         LUT2 (Prop_LUT2_I1_O)        0.070     0.397 r  u_core/u_mem_wb/i__carry_i_80/O
                         net (fo=1, unplaced)         0.186     0.583    u_core/u_mem_wb/i__carry_i_80_n_0
                         LUT6 (Prop_LUT6_I2_O)        0.038     0.621 r  u_core/u_mem_wb/i__carry_i_69/O
                         net (fo=1, unplaced)         0.186     0.807    u_core/u_mem_wb/u_forward/p_5_in
                         LUT6 (Prop_LUT6_I4_O)        0.038     0.845 r  u_core/u_mem_wb/i__carry_i_49/O
                         net (fo=32, unplaced)        0.197     1.042    u_core/u_mem_wb/i__carry_i_49_n_0
                         LUT5 (Prop_LUT5_I0_O)        0.053     1.095 r  u_core/u_mem_wb/i__carry_i_48/O
                         net (fo=10, unplaced)        0.219     1.314    u_core/u_ex_mem/ex_store_data[1]
                         LUT4 (Prop_LUT4_I2_O)        0.070     1.384 f  u_core/u_ex_mem/i__carry_i_8/O
                         net (fo=1, unplaced)         0.260     1.644    u_core/u_ex/u_branch/branch_taken0_inferred__2/i__carry__0_0[0]
                         CARRY8 (Prop_CARRY8_DI[0]_CO[7])
                                                      0.140     1.784 f  u_core/u_ex/u_branch/branch_taken0_inferred__2/i__carry/CO[7]
                         net (fo=1, unplaced)         0.005     1.789    u_core/u_ex/u_branch/branch_taken0_inferred__2/i__carry_n_0
                         CARRY8 (Prop_CARRY8_CI_CO[7])
                                                      0.022     1.811 f  u_core/u_ex/u_branch/branch_taken0_inferred__2/i__carry__0/CO[7]
                         net (fo=1, unplaced)         0.020     1.831    u_core/u_id_ex/i__i_1_1[0]
                         LUT5 (Prop_LUT5_I4_O)        0.038     1.869 f  u_core/u_id_ex/i__i_3/O
                         net (fo=3, unplaced)         0.192     2.061    u_core/u_id_ex/i__i_3_n_0
                         LUT3 (Prop_LUT3_I2_O)        0.038     2.099 f  u_core/u_id_ex/mem_fault_i_9/O
                         net (fo=2, unplaced)         0.186     2.285    u_core/u_id_ex/u_ex/pc_redirect_valid25_in
                         LUT6 (Prop_LUT6_I0_O)        0.038     2.323 f  u_core/u_id_ex/mem_fault_i_3/O
                         net (fo=1, unplaced)         0.186     2.509    u_core/u_id_ex/mem_fault_i_3_n_0
                         LUT6 (Prop_LUT6_I0_O)        0.038     2.547 f  u_core/u_id_ex/mem_fault_i_2/O
                         net (fo=8, unplaced)         0.214     2.761    u_core/u_if_id/ex_fault_out
                         LUT6 (Prop_LUT6_I5_O)        0.038     2.799 r  u_core/u_if_id/id_fault_i_2/O
                         net (fo=40, unplaced)        0.251     3.050    u_core/u_if/u_pc/external_irq_inject
                         LUT4 (Prop_LUT4_I2_O)        0.038     3.088 r  u_core/u_if/u_pc/debug_pc[31]_INST_0_i_11/O
                         net (fo=36, unplaced)        0.248     3.336    u_core/u_if_id/trap_valid0
                         LUT3 (Prop_LUT3_I1_O)        0.038     3.374 r  u_core/u_if_id/pc_current[31]_i_23/O
                         net (fo=3, unplaced)         0.192     3.566    u_core/u_if_id/id_valid_reg_4
                         LUT6 (Prop_LUT6_I5_O)        0.038     3.604 r  u_core/u_if_id/pc_current[8]_i_21/O
                         net (fo=1, unplaced)         0.186     3.790    u_core/u_mem_wb/pc_current_reg[8]_i_3_0
                         LUT6 (Prop_LUT6_I5_O)        0.037     3.827 r  u_core/u_mem_wb/pc_current[8]_i_13/O
                         net (fo=1, unplaced)         0.028     3.855    u_core/u_id_ex/S[1]
                         CARRY8 (Prop_CARRY8_S[2]_CO[7])
                                                      0.168     4.023 r  u_core/u_id_ex/pc_current_reg[8]_i_3/CO[7]
                         net (fo=1, unplaced)         0.005     4.028    u_core/u_id_ex/pc_current_reg[8]_i_3_n_0
                         CARRY8 (Prop_CARRY8_CI_CO[7])
                                                      0.022     4.050 r  u_core/u_id_ex/pc_current_reg[16]_i_3/CO[7]
                         net (fo=1, unplaced)         0.005     4.055    u_core/u_ex_mem/pc_current[17]_i_2[0]
                         CARRY8 (Prop_CARRY8_CI_CO[7])
                                                      0.022     4.077 r  u_core/u_ex_mem/pc_current_reg[24]_i_3/CO[7]
                         net (fo=1, unplaced)         0.005     4.082    u_core/u_id_ex/CO[0]
                         CARRY8 (Prop_CARRY8_CI_O[1])
                                                      0.076     4.158 r  u_core/u_id_ex/pc_current_reg[31]_i_4/O[1]
                         net (fo=1, unplaced)         0.184     4.342    u_core/u_id_ex/u_trap/trap_target0[26]
                         LUT5 (Prop_LUT5_I0_O)        0.038     4.380 r  u_core/u_id_ex/pc_current[26]_i_2/O
                         net (fo=1, unplaced)         0.186     4.566    u_core/u_id_ex/pc_redirect_target[26]
                         LUT3 (Prop_LUT3_I0_O)        0.070     4.636 r  u_core/u_id_ex/pc_current[26]_i_1/O
                         net (fo=1, unplaced)         0.048     4.684    u_core/u_if/u_pc/pc_current_reg[31]_0[26]
                         FDCE                                         r  u_core/u_if/u_pc/pc_current_reg[26]/D
  -------------------------------------------------------------------    -------------------

                         (clock aclk rise edge)      10.000    10.000 r  
                                                      0.000    10.000 r  aclk (IN)
                         net (fo=1629, unset)         0.021    10.021    u_core/u_if/u_pc/aclk
                         FDCE                                         r  u_core/u_if/u_pc/pc_current_reg[26]/C
                         clock pessimism              0.000    10.021    
                         clock uncertainty           -0.035     9.986    
                         FDCE (Setup_FDCE_C_D)        0.025    10.011    u_core/u_if/u_pc/pc_current_reg[26]
  -------------------------------------------------------------------
                         required time                         10.011    
                         arrival time                          -4.684    
  -------------------------------------------------------------------
                         slack                                  5.327    

Slack (MET) :             5.349ns  (required time - arrival time)
  Source:                 u_core/u_mem_wb/wb_rd_reg[0]/C
                            (rising edge-triggered cell FDCE clocked by aclk  {rise@0.000ns fall@5.000ns period=10.000ns})
  Destination:            u_core/u_if/u_pc/pc_current_reg[29]/D
                            (rising edge-triggered cell FDCE clocked by aclk  {rise@0.000ns fall@5.000ns period=10.000ns})
  Path Group:             aclk
  Path Type:              Setup (Max at Slow Process Corner)
  Requirement:            10.000ns  (aclk rise@10.000ns - aclk rise@0.000ns)
  Data Path Delay:        4.632ns  (logic 1.223ns (26.403%)  route 3.409ns (73.597%))
  Logic Levels:           22  (CARRY8=6 LUT2=1 LUT3=3 LUT4=2 LUT5=3 LUT6=7)
  Clock Path Skew:        -0.009ns (DCD - SCD + CPR)
    Destination Clock Delay (DCD):    0.021ns = ( 10.021 - 10.000 ) 
    Source Clock Delay      (SCD):    0.030ns
    Clock Pessimism Removal (CPR):    0.000ns
  Clock Uncertainty:      0.035ns  ((TSJ^2 + TIJ^2)^1/2 + DJ) / 2 + PE
    Total System Jitter     (TSJ):    0.071ns
    Total Input Jitter      (TIJ):    0.000ns
    Discrete Jitter          (DJ):    0.000ns
    Phase Error              (PE):    0.000ns

    Location             Delay type                Incr(ns)  Path(ns)    Netlist Resource(s)
  -------------------------------------------------------------------    -------------------
                         (clock aclk rise edge)       0.000     0.000 r  
                                                      0.000     0.000 r  aclk (IN)
                         net (fo=1629, unset)         0.030     0.030    u_core/u_mem_wb/aclk
                         FDCE                                         r  u_core/u_mem_wb/wb_rd_reg[0]/C
  -------------------------------------------------------------------    -------------------
                         FDCE (Prop_FDCE_C_Q)         0.077     0.107 r  u_core/u_mem_wb/wb_rd_reg[0]/Q
                         net (fo=88, unplaced)        0.220     0.327    u_core/u_mem_wb/Q[0]
                         LUT2 (Prop_LUT2_I1_O)        0.070     0.397 r  u_core/u_mem_wb/i__carry_i_80/O
                         net (fo=1, unplaced)         0.186     0.583    u_core/u_mem_wb/i__carry_i_80_n_0
                         LUT6 (Prop_LUT6_I2_O)        0.038     0.621 r  u_core/u_mem_wb/i__carry_i_69/O
                         net (fo=1, unplaced)         0.186     0.807    u_core/u_mem_wb/u_forward/p_5_in
                         LUT6 (Prop_LUT6_I4_O)        0.038     0.845 r  u_core/u_mem_wb/i__carry_i_49/O
                         net (fo=32, unplaced)        0.197     1.042    u_core/u_mem_wb/i__carry_i_49_n_0
                         LUT5 (Prop_LUT5_I0_O)        0.053     1.095 r  u_core/u_mem_wb/i__carry_i_48/O
                         net (fo=10, unplaced)        0.219     1.314    u_core/u_ex_mem/ex_store_data[1]
                         LUT4 (Prop_LUT4_I2_O)        0.070     1.384 f  u_core/u_ex_mem/i__carry_i_8/O
                         net (fo=1, unplaced)         0.260     1.644    u_core/u_ex/u_branch/branch_taken0_inferred__2/i__carry__0_0[0]
                         CARRY8 (Prop_CARRY8_DI[0]_CO[7])
                                                      0.140     1.784 f  u_core/u_ex/u_branch/branch_taken0_inferred__2/i__carry/CO[7]
                         net (fo=1, unplaced)         0.005     1.789    u_core/u_ex/u_branch/branch_taken0_inferred__2/i__carry_n_0
                         CARRY8 (Prop_CARRY8_CI_CO[7])
                                                      0.022     1.811 f  u_core/u_ex/u_branch/branch_taken0_inferred__2/i__carry__0/CO[7]
                         net (fo=1, unplaced)         0.020     1.831    u_core/u_id_ex/i__i_1_1[0]
                         LUT5 (Prop_LUT5_I4_O)        0.038     1.869 f  u_core/u_id_ex/i__i_3/O
                         net (fo=3, unplaced)         0.192     2.061    u_core/u_id_ex/i__i_3_n_0
                         LUT3 (Prop_LUT3_I2_O)        0.038     2.099 f  u_core/u_id_ex/mem_fault_i_9/O
                         net (fo=2, unplaced)         0.186     2.285    u_core/u_id_ex/u_ex/pc_redirect_valid25_in
                         LUT6 (Prop_LUT6_I0_O)        0.038     2.323 f  u_core/u_id_ex/mem_fault_i_3/O
                         net (fo=1, unplaced)         0.186     2.509    u_core/u_id_ex/mem_fault_i_3_n_0
                         LUT6 (Prop_LUT6_I0_O)        0.038     2.547 f  u_core/u_id_ex/mem_fault_i_2/O
                         net (fo=8, unplaced)         0.214     2.761    u_core/u_if_id/ex_fault_out
                         LUT6 (Prop_LUT6_I5_O)        0.038     2.799 r  u_core/u_if_id/id_fault_i_2/O
                         net (fo=40, unplaced)        0.251     3.050    u_core/u_if/u_pc/external_irq_inject
                         LUT4 (Prop_LUT4_I2_O)        0.038     3.088 r  u_core/u_if/u_pc/debug_pc[31]_INST_0_i_11/O
                         net (fo=36, unplaced)        0.248     3.336    u_core/u_if_id/trap_valid0
                         LUT3 (Prop_LUT3_I1_O)        0.038     3.374 r  u_core/u_if_id/pc_current[31]_i_23/O
                         net (fo=3, unplaced)         0.192     3.566    u_core/u_if_id/id_valid_reg_4
                         LUT6 (Prop_LUT6_I5_O)        0.038     3.604 r  u_core/u_if_id/pc_current[8]_i_21/O
                         net (fo=1, unplaced)         0.186     3.790    u_core/u_mem_wb/pc_current_reg[8]_i_3_0
                         LUT6 (Prop_LUT6_I5_O)        0.037     3.827 r  u_core/u_mem_wb/pc_current[8]_i_13/O
                         net (fo=1, unplaced)         0.028     3.855    u_core/u_id_ex/S[1]
                         CARRY8 (Prop_CARRY8_S[2]_CO[7])
                                                      0.168     4.023 r  u_core/u_id_ex/pc_current_reg[8]_i_3/CO[7]
                         net (fo=1, unplaced)         0.005     4.028    u_core/u_id_ex/pc_current_reg[8]_i_3_n_0
                         CARRY8 (Prop_CARRY8_CI_CO[7])
                                                      0.022     4.050 r  u_core/u_id_ex/pc_current_reg[16]_i_3/CO[7]
                         net (fo=1, unplaced)         0.005     4.055    u_core/u_ex_mem/pc_current[17]_i_2[0]
                         CARRY8 (Prop_CARRY8_CI_CO[7])
                                                      0.022     4.077 r  u_core/u_ex_mem/pc_current_reg[24]_i_3/CO[7]
                         net (fo=1, unplaced)         0.005     4.082    u_core/u_id_ex/CO[0]
                         CARRY8 (Prop_CARRY8_CI_O[4])
                                                      0.086     4.168 r  u_core/u_id_ex/pc_current_reg[31]_i_4/O[4]
                         net (fo=1, unplaced)         0.184     4.352    u_core/u_id_ex/u_trap/trap_target0[29]
                         LUT5 (Prop_LUT5_I0_O)        0.038     4.390 r  u_core/u_id_ex/pc_current[29]_i_2/O
                         net (fo=1, unplaced)         0.186     4.576    u_core/u_id_ex/pc_redirect_target[29]
                         LUT3 (Prop_LUT3_I0_O)        0.038     4.614 r  u_core/u_id_ex/pc_current[29]_i_1/O
                         net (fo=1, unplaced)         0.048     4.662    u_core/u_if/u_pc/pc_current_reg[31]_0[29]
                         FDCE                                         r  u_core/u_if/u_pc/pc_current_reg[29]/D
  -------------------------------------------------------------------    -------------------

                         (clock aclk rise edge)      10.000    10.000 r  
                                                      0.000    10.000 r  aclk (IN)
                         net (fo=1629, unset)         0.021    10.021    u_core/u_if/u_pc/aclk
                         FDCE                                         r  u_core/u_if/u_pc/pc_current_reg[29]/C
                         clock pessimism              0.000    10.021    
                         clock uncertainty           -0.035     9.986    
                         FDCE (Setup_FDCE_C_D)        0.025    10.011    u_core/u_if/u_pc/pc_current_reg[29]
  -------------------------------------------------------------------
                         required time                         10.011    
                         arrival time                          -4.662    
  -------------------------------------------------------------------
                         slack                                  5.349    

Slack (MET) :             5.360ns  (required time - arrival time)
  Source:                 u_core/u_mem_wb/wb_rd_reg[0]/C
                            (rising edge-triggered cell FDCE clocked by aclk  {rise@0.000ns fall@5.000ns period=10.000ns})
  Destination:            u_core/u_if/u_pc/pc_current_reg[24]/D
                            (rising edge-triggered cell FDCE clocked by aclk  {rise@0.000ns fall@5.000ns period=10.000ns})
  Path Group:             aclk
  Path Type:              Setup (Max at Slow Process Corner)
  Requirement:            10.000ns  (aclk rise@10.000ns - aclk rise@0.000ns)
  Data Path Delay:        4.621ns  (logic 1.263ns (27.332%)  route 3.358ns (72.668%))
  Logic Levels:           21  (CARRY8=5 LUT2=1 LUT3=3 LUT4=2 LUT5=3 LUT6=7)
  Clock Path Skew:        -0.009ns (DCD - SCD + CPR)
    Destination Clock Delay (DCD):    0.021ns = ( 10.021 - 10.000 ) 
    Source Clock Delay      (SCD):    0.030ns
    Clock Pessimism Removal (CPR):    0.000ns
  Clock Uncertainty:      0.035ns  ((TSJ^2 + TIJ^2)^1/2 + DJ) / 2 + PE
    Total System Jitter     (TSJ):    0.071ns
    Total Input Jitter      (TIJ):    0.000ns
    Discrete Jitter          (DJ):    0.000ns
    Phase Error              (PE):    0.000ns

    Location             Delay type                Incr(ns)  Path(ns)    Netlist Resource(s)
  -------------------------------------------------------------------    -------------------
                         (clock aclk rise edge)       0.000     0.000 r  
                                                      0.000     0.000 r  aclk (IN)
                         net (fo=1629, unset)         0.030     0.030    u_core/u_mem_wb/aclk
                         FDCE                                         r  u_core/u_mem_wb/wb_rd_reg[0]/C
  -------------------------------------------------------------------    -------------------
                         FDCE (Prop_FDCE_C_Q)         0.077     0.107 r  u_core/u_mem_wb/wb_rd_reg[0]/Q
                         net (fo=88, unplaced)        0.220     0.327    u_core/u_mem_wb/Q[0]
                         LUT2 (Prop_LUT2_I1_O)        0.070     0.397 r  u_core/u_mem_wb/i__carry_i_80/O
                         net (fo=1, unplaced)         0.186     0.583    u_core/u_mem_wb/i__carry_i_80_n_0
                         LUT6 (Prop_LUT6_I2_O)        0.038     0.621 r  u_core/u_mem_wb/i__carry_i_69/O
                         net (fo=1, unplaced)         0.186     0.807    u_core/u_mem_wb/u_forward/p_5_in
                         LUT6 (Prop_LUT6_I4_O)        0.038     0.845 r  u_core/u_mem_wb/i__carry_i_49/O
                         net (fo=32, unplaced)        0.197     1.042    u_core/u_mem_wb/i__carry_i_49_n_0
                         LUT5 (Prop_LUT5_I0_O)        0.053     1.095 r  u_core/u_mem_wb/i__carry_i_48/O
                         net (fo=10, unplaced)        0.219     1.314    u_core/u_ex_mem/ex_store_data[1]
                         LUT4 (Prop_LUT4_I2_O)        0.070     1.384 f  u_core/u_ex_mem/i__carry_i_8/O
                         net (fo=1, unplaced)         0.260     1.644    u_core/u_ex/u_branch/branch_taken0_inferred__2/i__carry__0_0[0]
                         CARRY8 (Prop_CARRY8_DI[0]_CO[7])
                                                      0.140     1.784 f  u_core/u_ex/u_branch/branch_taken0_inferred__2/i__carry/CO[7]
                         net (fo=1, unplaced)         0.005     1.789    u_core/u_ex/u_branch/branch_taken0_inferred__2/i__carry_n_0
                         CARRY8 (Prop_CARRY8_CI_CO[7])
                                                      0.022     1.811 f  u_core/u_ex/u_branch/branch_taken0_inferred__2/i__carry__0/CO[7]
                         net (fo=1, unplaced)         0.020     1.831    u_core/u_id_ex/i__i_1_1[0]
                         LUT5 (Prop_LUT5_I4_O)        0.038     1.869 f  u_core/u_id_ex/i__i_3/O
                         net (fo=3, unplaced)         0.192     2.061    u_core/u_id_ex/i__i_3_n_0
                         LUT3 (Prop_LUT3_I2_O)        0.038     2.099 f  u_core/u_id_ex/mem_fault_i_9/O
                         net (fo=2, unplaced)         0.186     2.285    u_core/u_id_ex/u_ex/pc_redirect_valid25_in
                         LUT6 (Prop_LUT6_I0_O)        0.038     2.323 f  u_core/u_id_ex/mem_fault_i_3/O
                         net (fo=1, unplaced)         0.186     2.509    u_core/u_id_ex/mem_fault_i_3_n_0
                         LUT6 (Prop_LUT6_I0_O)        0.038     2.547 f  u_core/u_id_ex/mem_fault_i_2/O
                         net (fo=8, unplaced)         0.214     2.761    u_core/u_if_id/ex_fault_out
                         LUT6 (Prop_LUT6_I5_O)        0.038     2.799 r  u_core/u_if_id/id_fault_i_2/O
                         net (fo=40, unplaced)        0.251     3.050    u_core/u_if/u_pc/external_irq_inject
                         LUT4 (Prop_LUT4_I2_O)        0.038     3.088 r  u_core/u_if/u_pc/debug_pc[31]_INST_0_i_11/O
                         net (fo=36, unplaced)        0.248     3.336    u_core/u_if_id/trap_valid0
                         LUT3 (Prop_LUT3_I1_O)        0.038     3.374 r  u_core/u_if_id/pc_current[31]_i_23/O
                         net (fo=3, unplaced)         0.192     3.566    u_core/u_if_id/id_valid_reg_4
                         LUT6 (Prop_LUT6_I5_O)        0.038     3.604 r  u_core/u_if_id/pc_current[8]_i_21/O
                         net (fo=1, unplaced)         0.186     3.790    u_core/u_mem_wb/pc_current_reg[8]_i_3_0
                         LUT6 (Prop_LUT6_I5_O)        0.037     3.827 r  u_core/u_mem_wb/pc_current[8]_i_13/O
                         net (fo=1, unplaced)         0.028     3.855    u_core/u_id_ex/S[1]
                         CARRY8 (Prop_CARRY8_S[2]_CO[7])
                                                      0.168     4.023 r  u_core/u_id_ex/pc_current_reg[8]_i_3/CO[7]
                         net (fo=1, unplaced)         0.005     4.028    u_core/u_id_ex/pc_current_reg[8]_i_3_n_0
                         CARRY8 (Prop_CARRY8_CI_CO[7])
                                                      0.022     4.050 r  u_core/u_id_ex/pc_current_reg[16]_i_3/CO[7]
                         net (fo=1, unplaced)         0.005     4.055    u_core/u_ex_mem/pc_current[17]_i_2[0]
                         CARRY8 (Prop_CARRY8_CI_O[7])
                                                      0.116     4.171 r  u_core/u_ex_mem/pc_current_reg[24]_i_3/O[7]
                         net (fo=1, unplaced)         0.138     4.309    u_core/u_id_ex/O[2]
                         LUT5 (Prop_LUT5_I0_O)        0.038     4.347 r  u_core/u_id_ex/pc_current[24]_i_2/O
                         net (fo=1, unplaced)         0.186     4.533    u_core/u_id_ex/pc_redirect_target[24]
                         LUT3 (Prop_LUT3_I0_O)        0.070     4.603 r  u_core/u_id_ex/pc_current[24]_i_1/O
                         net (fo=1, unplaced)         0.048     4.651    u_core/u_if/u_pc/pc_current_reg[31]_0[24]
                         FDCE                                         r  u_core/u_if/u_pc/pc_current_reg[24]/D
  -------------------------------------------------------------------    -------------------

                         (clock aclk rise edge)      10.000    10.000 r  
                                                      0.000    10.000 r  aclk (IN)
                         net (fo=1629, unset)         0.021    10.021    u_core/u_if/u_pc/aclk
                         FDCE                                         r  u_core/u_if/u_pc/pc_current_reg[24]/C
                         clock pessimism              0.000    10.021    
                         clock uncertainty           -0.035     9.986    
                         FDCE (Setup_FDCE_C_D)        0.025    10.011    u_core/u_if/u_pc/pc_current_reg[24]
  -------------------------------------------------------------------
                         required time                         10.011    
                         arrival time                          -4.651    
  -------------------------------------------------------------------
                         slack                                  5.360    

Slack (MET) :             5.366ns  (required time - arrival time)
  Source:                 u_core/u_mem_wb/wb_rd_reg[0]/C
                            (rising edge-triggered cell FDCE clocked by aclk  {rise@0.000ns fall@5.000ns period=10.000ns})
  Destination:            u_core/u_if/u_pc/pc_current_reg[27]/D
                            (rising edge-triggered cell FDCE clocked by aclk  {rise@0.000ns fall@5.000ns period=10.000ns})
  Path Group:             aclk
  Path Type:              Setup (Max at Slow Process Corner)
  Requirement:            10.000ns  (aclk rise@10.000ns - aclk rise@0.000ns)
  Data Path Delay:        4.615ns  (logic 1.204ns (26.089%)  route 3.411ns (73.911%))
  Logic Levels:           22  (CARRY8=6 LUT2=1 LUT3=3 LUT4=2 LUT5=3 LUT6=7)
  Clock Path Skew:        -0.009ns (DCD - SCD + CPR)
    Destination Clock Delay (DCD):    0.021ns = ( 10.021 - 10.000 ) 
    Source Clock Delay      (SCD):    0.030ns
    Clock Pessimism Removal (CPR):    0.000ns
  Clock Uncertainty:      0.035ns  ((TSJ^2 + TIJ^2)^1/2 + DJ) / 2 + PE
    Total System Jitter     (TSJ):    0.071ns
    Total Input Jitter      (TIJ):    0.000ns
    Discrete Jitter          (DJ):    0.000ns
    Phase Error              (PE):    0.000ns

    Location             Delay type                Incr(ns)  Path(ns)    Netlist Resource(s)
  -------------------------------------------------------------------    -------------------
                         (clock aclk rise edge)       0.000     0.000 r  
                                                      0.000     0.000 r  aclk (IN)
                         net (fo=1629, unset)         0.030     0.030    u_core/u_mem_wb/aclk
                         FDCE                                         r  u_core/u_mem_wb/wb_rd_reg[0]/C
  -------------------------------------------------------------------    -------------------
                         FDCE (Prop_FDCE_C_Q)         0.077     0.107 r  u_core/u_mem_wb/wb_rd_reg[0]/Q
                         net (fo=88, unplaced)        0.220     0.327    u_core/u_mem_wb/Q[0]
                         LUT2 (Prop_LUT2_I1_O)        0.070     0.397 r  u_core/u_mem_wb/i__carry_i_80/O
                         net (fo=1, unplaced)         0.186     0.583    u_core/u_mem_wb/i__carry_i_80_n_0
                         LUT6 (Prop_LUT6_I2_O)        0.038     0.621 r  u_core/u_mem_wb/i__carry_i_69/O
                         net (fo=1, unplaced)         0.186     0.807    u_core/u_mem_wb/u_forward/p_5_in
                         LUT6 (Prop_LUT6_I4_O)        0.038     0.845 r  u_core/u_mem_wb/i__carry_i_49/O
                         net (fo=32, unplaced)        0.197     1.042    u_core/u_mem_wb/i__carry_i_49_n_0
                         LUT5 (Prop_LUT5_I0_O)        0.053     1.095 r  u_core/u_mem_wb/i__carry_i_48/O
                         net (fo=10, unplaced)        0.219     1.314    u_core/u_ex_mem/ex_store_data[1]
                         LUT4 (Prop_LUT4_I2_O)        0.070     1.384 f  u_core/u_ex_mem/i__carry_i_8/O
                         net (fo=1, unplaced)         0.260     1.644    u_core/u_ex/u_branch/branch_taken0_inferred__2/i__carry__0_0[0]
                         CARRY8 (Prop_CARRY8_DI[0]_CO[7])
                                                      0.140     1.784 f  u_core/u_ex/u_branch/branch_taken0_inferred__2/i__carry/CO[7]
                         net (fo=1, unplaced)         0.005     1.789    u_core/u_ex/u_branch/branch_taken0_inferred__2/i__carry_n_0
                         CARRY8 (Prop_CARRY8_CI_CO[7])
                                                      0.022     1.811 f  u_core/u_ex/u_branch/branch_taken0_inferred__2/i__carry__0/CO[7]
                         net (fo=1, unplaced)         0.020     1.831    u_core/u_id_ex/i__i_1_1[0]
                         LUT5 (Prop_LUT5_I4_O)        0.038     1.869 f  u_core/u_id_ex/i__i_3/O
                         net (fo=3, unplaced)         0.192     2.061    u_core/u_id_ex/i__i_3_n_0
                         LUT3 (Prop_LUT3_I2_O)        0.038     2.099 f  u_core/u_id_ex/mem_fault_i_9/O
                         net (fo=2, unplaced)         0.186     2.285    u_core/u_id_ex/u_ex/pc_redirect_valid25_in
                         LUT6 (Prop_LUT6_I0_O)        0.038     2.323 f  u_core/u_id_ex/mem_fault_i_3/O
                         net (fo=1, unplaced)         0.186     2.509    u_core/u_id_ex/mem_fault_i_3_n_0
                         LUT6 (Prop_LUT6_I0_O)        0.038     2.547 f  u_core/u_id_ex/mem_fault_i_2/O
                         net (fo=8, unplaced)         0.214     2.761    u_core/u_if_id/ex_fault_out
                         LUT6 (Prop_LUT6_I5_O)        0.038     2.799 r  u_core/u_if_id/id_fault_i_2/O
                         net (fo=40, unplaced)        0.251     3.050    u_core/u_if/u_pc/external_irq_inject
                         LUT4 (Prop_LUT4_I2_O)        0.038     3.088 r  u_core/u_if/u_pc/debug_pc[31]_INST_0_i_11/O
                         net (fo=36, unplaced)        0.248     3.336    u_core/u_if_id/trap_valid0
                         LUT3 (Prop_LUT3_I1_O)        0.038     3.374 r  u_core/u_if_id/pc_current[31]_i_23/O
                         net (fo=3, unplaced)         0.192     3.566    u_core/u_if_id/id_valid_reg_4
                         LUT6 (Prop_LUT6_I5_O)        0.038     3.604 r  u_core/u_if_id/pc_current[8]_i_21/O
                         net (fo=1, unplaced)         0.186     3.790    u_core/u_mem_wb/pc_current_reg[8]_i_3_0
                         LUT6 (Prop_LUT6_I5_O)        0.037     3.827 r  u_core/u_mem_wb/pc_current[8]_i_13/O
                         net (fo=1, unplaced)         0.028     3.855    u_core/u_id_ex/S[1]
                         CARRY8 (Prop_CARRY8_S[2]_CO[7])
                                                      0.168     4.023 r  u_core/u_id_ex/pc_current_reg[8]_i_3/CO[7]
                         net (fo=1, unplaced)         0.005     4.028    u_core/u_id_ex/pc_current_reg[8]_i_3_n_0
                         CARRY8 (Prop_CARRY8_CI_CO[7])
                                                      0.022     4.050 r  u_core/u_id_ex/pc_current_reg[16]_i_3/CO[7]
                         net (fo=1, unplaced)         0.005     4.055    u_core/u_ex_mem/pc_current[17]_i_2[0]
                         CARRY8 (Prop_CARRY8_CI_CO[7])
                                                      0.022     4.077 r  u_core/u_ex_mem/pc_current_reg[24]_i_3/CO[7]
                         net (fo=1, unplaced)         0.005     4.082    u_core/u_id_ex/CO[0]
                         CARRY8 (Prop_CARRY8_CI_O[2])
                                                      0.067     4.149 r  u_core/u_id_ex/pc_current_reg[31]_i_4/O[2]
                         net (fo=1, unplaced)         0.186     4.335    u_core/u_id_ex/u_trap/trap_target0[27]
                         LUT5 (Prop_LUT5_I0_O)        0.038     4.373 r  u_core/u_id_ex/pc_current[27]_i_2/O
                         net (fo=1, unplaced)         0.186     4.559    u_core/u_id_ex/pc_redirect_target[27]
                         LUT3 (Prop_LUT3_I0_O)        0.038     4.597 r  u_core/u_id_ex/pc_current[27]_i_1/O
                         net (fo=1, unplaced)         0.048     4.645    u_core/u_if/u_pc/pc_current_reg[31]_0[27]
                         FDCE                                         r  u_core/u_if/u_pc/pc_current_reg[27]/D
  -------------------------------------------------------------------    -------------------

                         (clock aclk rise edge)      10.000    10.000 r  
                                                      0.000    10.000 r  aclk (IN)
                         net (fo=1629, unset)         0.021    10.021    u_core/u_if/u_pc/aclk
                         FDCE                                         r  u_core/u_if/u_pc/pc_current_reg[27]/C
                         clock pessimism              0.000    10.021    
                         clock uncertainty           -0.035     9.986    
                         FDCE (Setup_FDCE_C_D)        0.025    10.011    u_core/u_if/u_pc/pc_current_reg[27]
  -------------------------------------------------------------------
                         required time                         10.011    
                         arrival time                          -4.645    
  -------------------------------------------------------------------
                         slack                                  5.366    

Slack (MET) :             5.371ns  (required time - arrival time)
  Source:                 u_core/u_mem_wb/wb_rd_reg[0]/C
                            (rising edge-triggered cell FDCE clocked by aclk  {rise@0.000ns fall@5.000ns period=10.000ns})
  Destination:            u_core/u_if/u_pc/pc_current_reg[13]/D
                            (rising edge-triggered cell FDCE clocked by aclk  {rise@0.000ns fall@5.000ns period=10.000ns})
  Path Group:             aclk
  Path Type:              Setup (Max at Slow Process Corner)
  Requirement:            10.000ns  (aclk rise@10.000ns - aclk rise@0.000ns)
  Data Path Delay:        4.610ns  (logic 1.211ns (26.269%)  route 3.399ns (73.731%))
  Logic Levels:           20  (CARRY8=4 LUT2=1 LUT3=3 LUT4=2 LUT5=3 LUT6=7)
  Clock Path Skew:        -0.009ns (DCD - SCD + CPR)
    Destination Clock Delay (DCD):    0.021ns = ( 10.021 - 10.000 ) 
    Source Clock Delay      (SCD):    0.030ns
    Clock Pessimism Removal (CPR):    0.000ns
  Clock Uncertainty:      0.035ns  ((TSJ^2 + TIJ^2)^1/2 + DJ) / 2 + PE
    Total System Jitter     (TSJ):    0.071ns
    Total Input Jitter      (TIJ):    0.000ns
    Discrete Jitter          (DJ):    0.000ns
    Phase Error              (PE):    0.000ns

    Location             Delay type                Incr(ns)  Path(ns)    Netlist Resource(s)
  -------------------------------------------------------------------    -------------------
                         (clock aclk rise edge)       0.000     0.000 r  
                                                      0.000     0.000 r  aclk (IN)
                         net (fo=1629, unset)         0.030     0.030    u_core/u_mem_wb/aclk
                         FDCE                                         r  u_core/u_mem_wb/wb_rd_reg[0]/C
  -------------------------------------------------------------------    -------------------
                         FDCE (Prop_FDCE_C_Q)         0.077     0.107 r  u_core/u_mem_wb/wb_rd_reg[0]/Q
                         net (fo=88, unplaced)        0.220     0.327    u_core/u_mem_wb/Q[0]
                         LUT2 (Prop_LUT2_I1_O)        0.070     0.397 r  u_core/u_mem_wb/i__carry_i_80/O
                         net (fo=1, unplaced)         0.186     0.583    u_core/u_mem_wb/i__carry_i_80_n_0
                         LUT6 (Prop_LUT6_I2_O)        0.038     0.621 r  u_core/u_mem_wb/i__carry_i_69/O
                         net (fo=1, unplaced)         0.186     0.807    u_core/u_mem_wb/u_forward/p_5_in
                         LUT6 (Prop_LUT6_I4_O)        0.038     0.845 r  u_core/u_mem_wb/i__carry_i_49/O
                         net (fo=32, unplaced)        0.197     1.042    u_core/u_mem_wb/i__carry_i_49_n_0
                         LUT5 (Prop_LUT5_I0_O)        0.053     1.095 r  u_core/u_mem_wb/i__carry_i_48/O
                         net (fo=10, unplaced)        0.219     1.314    u_core/u_ex_mem/ex_store_data[1]
                         LUT4 (Prop_LUT4_I2_O)        0.070     1.384 f  u_core/u_ex_mem/i__carry_i_8/O
                         net (fo=1, unplaced)         0.260     1.644    u_core/u_ex/u_branch/branch_taken0_inferred__2/i__carry__0_0[0]
                         CARRY8 (Prop_CARRY8_DI[0]_CO[7])
                                                      0.140     1.784 f  u_core/u_ex/u_branch/branch_taken0_inferred__2/i__carry/CO[7]
                         net (fo=1, unplaced)         0.005     1.789    u_core/u_ex/u_branch/branch_taken0_inferred__2/i__carry_n_0
                         CARRY8 (Prop_CARRY8_CI_CO[7])
                                                      0.022     1.811 f  u_core/u_ex/u_branch/branch_taken0_inferred__2/i__carry__0/CO[7]
                         net (fo=1, unplaced)         0.020     1.831    u_core/u_id_ex/i__i_1_1[0]
                         LUT5 (Prop_LUT5_I4_O)        0.038     1.869 f  u_core/u_id_ex/i__i_3/O
                         net (fo=3, unplaced)         0.192     2.061    u_core/u_id_ex/i__i_3_n_0
                         LUT3 (Prop_LUT3_I2_O)        0.038     2.099 f  u_core/u_id_ex/mem_fault_i_9/O
                         net (fo=2, unplaced)         0.186     2.285    u_core/u_id_ex/u_ex/pc_redirect_valid25_in
                         LUT6 (Prop_LUT6_I0_O)        0.038     2.323 f  u_core/u_id_ex/mem_fault_i_3/O
                         net (fo=1, unplaced)         0.186     2.509    u_core/u_id_ex/mem_fault_i_3_n_0
                         LUT6 (Prop_LUT6_I0_O)        0.038     2.547 f  u_core/u_id_ex/mem_fault_i_2/O
                         net (fo=8, unplaced)         0.214     2.761    u_core/u_if_id/ex_fault_out
                         LUT6 (Prop_LUT6_I5_O)        0.038     2.799 r  u_core/u_if_id/id_fault_i_2/O
                         net (fo=40, unplaced)        0.251     3.050    u_core/u_if/u_pc/external_irq_inject
                         LUT4 (Prop_LUT4_I2_O)        0.038     3.088 r  u_core/u_if/u_pc/debug_pc[31]_INST_0_i_11/O
                         net (fo=36, unplaced)        0.248     3.336    u_core/u_if_id/trap_valid0
                         LUT3 (Prop_LUT3_I1_O)        0.038     3.374 r  u_core/u_if_id/pc_current[31]_i_23/O
                         net (fo=3, unplaced)         0.192     3.566    u_core/u_if_id/id_valid_reg_4
                         LUT6 (Prop_LUT6_I5_O)        0.038     3.604 r  u_core/u_if_id/pc_current[8]_i_21/O
                         net (fo=1, unplaced)         0.186     3.790    u_core/u_mem_wb/pc_current_reg[8]_i_3_0
                         LUT6 (Prop_LUT6_I5_O)        0.037     3.827 r  u_core/u_mem_wb/pc_current[8]_i_13/O
                         net (fo=1, unplaced)         0.028     3.855    u_core/u_id_ex/S[1]
                         CARRY8 (Prop_CARRY8_S[2]_CO[7])
                                                      0.168     4.023 r  u_core/u_id_ex/pc_current_reg[8]_i_3/CO[7]
                         net (fo=1, unplaced)         0.005     4.028    u_core/u_id_ex/pc_current_reg[8]_i_3_n_0
                         CARRY8 (Prop_CARRY8_CI_O[4])
                                                      0.086     4.114 r  u_core/u_id_ex/pc_current_reg[16]_i_3/O[4]
                         net (fo=1, unplaced)         0.184     4.298    u_core/u_id_ex/u_trap/trap_target0[13]
                         LUT5 (Prop_LUT5_I0_O)        0.038     4.336 r  u_core/u_id_ex/pc_current[13]_i_2/O
                         net (fo=1, unplaced)         0.186     4.522    u_core/u_id_ex/pc_redirect_target[13]
                         LUT3 (Prop_LUT3_I0_O)        0.070     4.592 r  u_core/u_id_ex/pc_current[13]_i_1/O
                         net (fo=1, unplaced)         0.048     4.640    u_core/u_if/u_pc/pc_current_reg[31]_0[13]
                         FDCE                                         r  u_core/u_if/u_pc/pc_current_reg[13]/D
  -------------------------------------------------------------------    -------------------

                         (clock aclk rise edge)      10.000    10.000 r  
                                                      0.000    10.000 r  aclk (IN)
                         net (fo=1629, unset)         0.021    10.021    u_core/u_if/u_pc/aclk
                         FDCE                                         r  u_core/u_if/u_pc/pc_current_reg[13]/C
                         clock pessimism              0.000    10.021    
                         clock uncertainty           -0.035     9.986    
                         FDCE (Setup_FDCE_C_D)        0.025    10.011    u_core/u_if/u_pc/pc_current_reg[13]
  -------------------------------------------------------------------
                         required time                         10.011    
                         arrival time                          -4.640    
  -------------------------------------------------------------------
                         slack                                  5.371    

Slack (MET) :             5.372ns  (required time - arrival time)
  Source:                 u_core/u_mem_wb/wb_rd_reg[0]/C
                            (rising edge-triggered cell FDCE clocked by aclk  {rise@0.000ns fall@5.000ns period=10.000ns})
  Destination:            u_core/u_if/u_pc/pc_current_reg[17]/D
                            (rising edge-triggered cell FDCE clocked by aclk  {rise@0.000ns fall@5.000ns period=10.000ns})
  Path Group:             aclk
  Path Type:              Setup (Max at Slow Process Corner)
  Requirement:            10.000ns  (aclk rise@10.000ns - aclk rise@0.000ns)
  Data Path Delay:        4.609ns  (logic 1.203ns (26.101%)  route 3.406ns (73.899%))
  Logic Levels:           21  (CARRY8=5 LUT2=1 LUT3=3 LUT4=2 LUT5=3 LUT6=7)
  Clock Path Skew:        -0.009ns (DCD - SCD + CPR)
    Destination Clock Delay (DCD):    0.021ns = ( 10.021 - 10.000 ) 
    Source Clock Delay      (SCD):    0.030ns
    Clock Pessimism Removal (CPR):    0.000ns
  Clock Uncertainty:      0.035ns  ((TSJ^2 + TIJ^2)^1/2 + DJ) / 2 + PE
    Total System Jitter     (TSJ):    0.071ns
    Total Input Jitter      (TIJ):    0.000ns
    Discrete Jitter          (DJ):    0.000ns
    Phase Error              (PE):    0.000ns

    Location             Delay type                Incr(ns)  Path(ns)    Netlist Resource(s)
  -------------------------------------------------------------------    -------------------
                         (clock aclk rise edge)       0.000     0.000 r  
                                                      0.000     0.000 r  aclk (IN)
                         net (fo=1629, unset)         0.030     0.030    u_core/u_mem_wb/aclk
                         FDCE                                         r  u_core/u_mem_wb/wb_rd_reg[0]/C
  -------------------------------------------------------------------    -------------------
                         FDCE (Prop_FDCE_C_Q)         0.077     0.107 r  u_core/u_mem_wb/wb_rd_reg[0]/Q
                         net (fo=88, unplaced)        0.220     0.327    u_core/u_mem_wb/Q[0]
                         LUT2 (Prop_LUT2_I1_O)        0.070     0.397 r  u_core/u_mem_wb/i__carry_i_80/O
                         net (fo=1, unplaced)         0.186     0.583    u_core/u_mem_wb/i__carry_i_80_n_0
                         LUT6 (Prop_LUT6_I2_O)        0.038     0.621 r  u_core/u_mem_wb/i__carry_i_69/O
                         net (fo=1, unplaced)         0.186     0.807    u_core/u_mem_wb/u_forward/p_5_in
                         LUT6 (Prop_LUT6_I4_O)        0.038     0.845 r  u_core/u_mem_wb/i__carry_i_49/O
                         net (fo=32, unplaced)        0.197     1.042    u_core/u_mem_wb/i__carry_i_49_n_0
                         LUT5 (Prop_LUT5_I0_O)        0.053     1.095 r  u_core/u_mem_wb/i__carry_i_48/O
                         net (fo=10, unplaced)        0.219     1.314    u_core/u_ex_mem/ex_store_data[1]
                         LUT4 (Prop_LUT4_I2_O)        0.070     1.384 f  u_core/u_ex_mem/i__carry_i_8/O
                         net (fo=1, unplaced)         0.260     1.644    u_core/u_ex/u_branch/branch_taken0_inferred__2/i__carry__0_0[0]
                         CARRY8 (Prop_CARRY8_DI[0]_CO[7])
                                                      0.140     1.784 f  u_core/u_ex/u_branch/branch_taken0_inferred__2/i__carry/CO[7]
                         net (fo=1, unplaced)         0.005     1.789    u_core/u_ex/u_branch/branch_taken0_inferred__2/i__carry_n_0
                         CARRY8 (Prop_CARRY8_CI_CO[7])
                                                      0.022     1.811 f  u_core/u_ex/u_branch/branch_taken0_inferred__2/i__carry__0/CO[7]
                         net (fo=1, unplaced)         0.020     1.831    u_core/u_id_ex/i__i_1_1[0]
                         LUT5 (Prop_LUT5_I4_O)        0.038     1.869 f  u_core/u_id_ex/i__i_3/O
                         net (fo=3, unplaced)         0.192     2.061    u_core/u_id_ex/i__i_3_n_0
                         LUT3 (Prop_LUT3_I2_O)        0.038     2.099 f  u_core/u_id_ex/mem_fault_i_9/O
                         net (fo=2, unplaced)         0.186     2.285    u_core/u_id_ex/u_ex/pc_redirect_valid25_in
                         LUT6 (Prop_LUT6_I0_O)        0.038     2.323 f  u_core/u_id_ex/mem_fault_i_3/O
                         net (fo=1, unplaced)         0.186     2.509    u_core/u_id_ex/mem_fault_i_3_n_0
                         LUT6 (Prop_LUT6_I0_O)        0.038     2.547 f  u_core/u_id_ex/mem_fault_i_2/O
                         net (fo=8, unplaced)         0.214     2.761    u_core/u_if_id/ex_fault_out
                         LUT6 (Prop_LUT6_I5_O)        0.038     2.799 r  u_core/u_if_id/id_fault_i_2/O
                         net (fo=40, unplaced)        0.251     3.050    u_core/u_if/u_pc/external_irq_inject
                         LUT4 (Prop_LUT4_I2_O)        0.038     3.088 r  u_core/u_if/u_pc/debug_pc[31]_INST_0_i_11/O
                         net (fo=36, unplaced)        0.248     3.336    u_core/u_if_id/trap_valid0
                         LUT3 (Prop_LUT3_I1_O)        0.038     3.374 r  u_core/u_if_id/pc_current[31]_i_23/O
                         net (fo=3, unplaced)         0.192     3.566    u_core/u_if_id/id_valid_reg_4
                         LUT6 (Prop_LUT6_I5_O)        0.038     3.604 r  u_core/u_if_id/pc_current[8]_i_21/O
                         net (fo=1, unplaced)         0.186     3.790    u_core/u_mem_wb/pc_current_reg[8]_i_3_0
                         LUT6 (Prop_LUT6_I5_O)        0.037     3.827 r  u_core/u_mem_wb/pc_current[8]_i_13/O
                         net (fo=1, unplaced)         0.028     3.855    u_core/u_id_ex/S[1]
                         CARRY8 (Prop_CARRY8_S[2]_CO[7])
                                                      0.168     4.023 r  u_core/u_id_ex/pc_current_reg[8]_i_3/CO[7]
                         net (fo=1, unplaced)         0.005     4.028    u_core/u_id_ex/pc_current_reg[8]_i_3_n_0
                         CARRY8 (Prop_CARRY8_CI_CO[7])
                                                      0.022     4.050 r  u_core/u_id_ex/pc_current_reg[16]_i_3/CO[7]
                         net (fo=1, unplaced)         0.005     4.055    u_core/u_ex_mem/pc_current[17]_i_2[0]
                         CARRY8 (Prop_CARRY8_CI_O[0])
                                                      0.056     4.111 r  u_core/u_ex_mem/pc_current_reg[24]_i_3/O[0]
                         net (fo=1, unplaced)         0.186     4.297    u_core/u_id_ex/O[0]
                         LUT5 (Prop_LUT5_I0_O)        0.038     4.335 r  u_core/u_id_ex/pc_current[17]_i_2/O
                         net (fo=1, unplaced)         0.186     4.521    u_core/u_id_ex/pc_redirect_target[17]
                         LUT3 (Prop_LUT3_I0_O)        0.070     4.591 r  u_core/u_id_ex/pc_current[17]_i_1/O
                         net (fo=1, unplaced)         0.048     4.639    u_core/u_if/u_pc/pc_current_reg[31]_0[17]
                         FDCE                                         r  u_core/u_if/u_pc/pc_current_reg[17]/D
  -------------------------------------------------------------------    -------------------

                         (clock aclk rise edge)      10.000    10.000 r  
                                                      0.000    10.000 r  aclk (IN)
                         net (fo=1629, unset)         0.021    10.021    u_core/u_if/u_pc/aclk
                         FDCE                                         r  u_core/u_if/u_pc/pc_current_reg[17]/C
                         clock pessimism              0.000    10.021    
                         clock uncertainty           -0.035     9.986    
                         FDCE (Setup_FDCE_C_D)        0.025    10.011    u_core/u_if/u_pc/pc_current_reg[17]
  -------------------------------------------------------------------
                         required time                         10.011    
                         arrival time                          -4.639    
  -------------------------------------------------------------------
                         slack                                  5.372    

Slack (MET) :             5.376ns  (required time - arrival time)
  Source:                 u_core/u_mem_wb/wb_rd_reg[0]/C
                            (rising edge-triggered cell FDCE clocked by aclk  {rise@0.000ns fall@5.000ns period=10.000ns})
  Destination:            u_core/u_if/u_pc/pc_current_reg[30]/D
                            (rising edge-triggered cell FDCE clocked by aclk  {rise@0.000ns fall@5.000ns period=10.000ns})
  Path Group:             aclk
  Path Type:              Setup (Max at Slow Process Corner)
  Requirement:            10.000ns  (aclk rise@10.000ns - aclk rise@0.000ns)
  Data Path Delay:        4.605ns  (logic 1.285ns (27.904%)  route 3.320ns (72.096%))
  Logic Levels:           22  (CARRY8=6 LUT2=1 LUT3=3 LUT4=2 LUT5=3 LUT6=7)
  Clock Path Skew:        -0.009ns (DCD - SCD + CPR)
    Destination Clock Delay (DCD):    0.021ns = ( 10.021 - 10.000 ) 
    Source Clock Delay      (SCD):    0.030ns
    Clock Pessimism Removal (CPR):    0.000ns
  Clock Uncertainty:      0.035ns  ((TSJ^2 + TIJ^2)^1/2 + DJ) / 2 + PE
    Total System Jitter     (TSJ):    0.071ns
    Total Input Jitter      (TIJ):    0.000ns
    Discrete Jitter          (DJ):    0.000ns
    Phase Error              (PE):    0.000ns

    Location             Delay type                Incr(ns)  Path(ns)    Netlist Resource(s)
  -------------------------------------------------------------------    -------------------
                         (clock aclk rise edge)       0.000     0.000 r  
                                                      0.000     0.000 r  aclk (IN)
                         net (fo=1629, unset)         0.030     0.030    u_core/u_mem_wb/aclk
                         FDCE                                         r  u_core/u_mem_wb/wb_rd_reg[0]/C
  -------------------------------------------------------------------    -------------------
                         FDCE (Prop_FDCE_C_Q)         0.077     0.107 r  u_core/u_mem_wb/wb_rd_reg[0]/Q
                         net (fo=88, unplaced)        0.220     0.327    u_core/u_mem_wb/Q[0]
                         LUT2 (Prop_LUT2_I1_O)        0.070     0.397 r  u_core/u_mem_wb/i__carry_i_80/O
                         net (fo=1, unplaced)         0.186     0.583    u_core/u_mem_wb/i__carry_i_80_n_0
                         LUT6 (Prop_LUT6_I2_O)        0.038     0.621 r  u_core/u_mem_wb/i__carry_i_69/O
                         net (fo=1, unplaced)         0.186     0.807    u_core/u_mem_wb/u_forward/p_5_in
                         LUT6 (Prop_LUT6_I4_O)        0.038     0.845 r  u_core/u_mem_wb/i__carry_i_49/O
                         net (fo=32, unplaced)        0.197     1.042    u_core/u_mem_wb/i__carry_i_49_n_0
                         LUT5 (Prop_LUT5_I0_O)        0.053     1.095 r  u_core/u_mem_wb/i__carry_i_48/O
                         net (fo=10, unplaced)        0.219     1.314    u_core/u_ex_mem/ex_store_data[1]
                         LUT4 (Prop_LUT4_I2_O)        0.070     1.384 f  u_core/u_ex_mem/i__carry_i_8/O
                         net (fo=1, unplaced)         0.260     1.644    u_core/u_ex/u_branch/branch_taken0_inferred__2/i__carry__0_0[0]
                         CARRY8 (Prop_CARRY8_DI[0]_CO[7])
                                                      0.140     1.784 f  u_core/u_ex/u_branch/branch_taken0_inferred__2/i__carry/CO[7]
                         net (fo=1, unplaced)         0.005     1.789    u_core/u_ex/u_branch/branch_taken0_inferred__2/i__carry_n_0
                         CARRY8 (Prop_CARRY8_CI_CO[7])
                                                      0.022     1.811 f  u_core/u_ex/u_branch/branch_taken0_inferred__2/i__carry__0/CO[7]
                         net (fo=1, unplaced)         0.020     1.831    u_core/u_id_ex/i__i_1_1[0]
                         LUT5 (Prop_LUT5_I4_O)        0.038     1.869 f  u_core/u_id_ex/i__i_3/O
                         net (fo=3, unplaced)         0.192     2.061    u_core/u_id_ex/i__i_3_n_0
                         LUT3 (Prop_LUT3_I2_O)        0.038     2.099 f  u_core/u_id_ex/mem_fault_i_9/O
                         net (fo=2, unplaced)         0.186     2.285    u_core/u_id_ex/u_ex/pc_redirect_valid25_in
                         LUT6 (Prop_LUT6_I0_O)        0.038     2.323 f  u_core/u_id_ex/mem_fault_i_3/O
                         net (fo=1, unplaced)         0.186     2.509    u_core/u_id_ex/mem_fault_i_3_n_0
                         LUT6 (Prop_LUT6_I0_O)        0.038     2.547 f  u_core/u_id_ex/mem_fault_i_2/O
                         net (fo=8, unplaced)         0.214     2.761    u_core/u_if_id/ex_fault_out
                         LUT6 (Prop_LUT6_I5_O)        0.038     2.799 r  u_core/u_if_id/id_fault_i_2/O
                         net (fo=40, unplaced)        0.251     3.050    u_core/u_if/u_pc/external_irq_inject
                         LUT4 (Prop_LUT4_I2_O)        0.038     3.088 r  u_core/u_if/u_pc/debug_pc[31]_INST_0_i_11/O
                         net (fo=36, unplaced)        0.248     3.336    u_core/u_if_id/trap_valid0
                         LUT3 (Prop_LUT3_I1_O)        0.038     3.374 r  u_core/u_if_id/pc_current[31]_i_23/O
                         net (fo=3, unplaced)         0.192     3.566    u_core/u_if_id/id_valid_reg_4
                         LUT6 (Prop_LUT6_I5_O)        0.038     3.604 r  u_core/u_if_id/pc_current[8]_i_21/O
                         net (fo=1, unplaced)         0.186     3.790    u_core/u_mem_wb/pc_current_reg[8]_i_3_0
                         LUT6 (Prop_LUT6_I5_O)        0.037     3.827 r  u_core/u_mem_wb/pc_current[8]_i_13/O
                         net (fo=1, unplaced)         0.028     3.855    u_core/u_id_ex/S[1]
                         CARRY8 (Prop_CARRY8_S[2]_CO[7])
                                                      0.168     4.023 r  u_core/u_id_ex/pc_current_reg[8]_i_3/CO[7]
                         net (fo=1, unplaced)         0.005     4.028    u_core/u_id_ex/pc_current_reg[8]_i_3_n_0
                         CARRY8 (Prop_CARRY8_CI_CO[7])
                                                      0.022     4.050 r  u_core/u_id_ex/pc_current_reg[16]_i_3/CO[7]
                         net (fo=1, unplaced)         0.005     4.055    u_core/u_ex_mem/pc_current[17]_i_2[0]
                         CARRY8 (Prop_CARRY8_CI_CO[7])
                                                      0.022     4.077 r  u_core/u_ex_mem/pc_current_reg[24]_i_3/CO[7]
                         net (fo=1, unplaced)         0.005     4.082    u_core/u_id_ex/CO[0]
                         CARRY8 (Prop_CARRY8_CI_O[5])
                                                      0.116     4.198 r  u_core/u_id_ex/pc_current_reg[31]_i_4/O[5]
                         net (fo=1, unplaced)         0.095     4.293    u_core/u_id_ex/u_trap/trap_target0[30]
                         LUT5 (Prop_LUT5_I0_O)        0.038     4.331 r  u_core/u_id_ex/pc_current[30]_i_2/O
                         net (fo=1, unplaced)         0.186     4.517    u_core/u_id_ex/pc_redirect_target[30]
                         LUT3 (Prop_LUT3_I0_O)        0.070     4.587 r  u_core/u_id_ex/pc_current[30]_i_1/O
                         net (fo=1, unplaced)         0.048     4.635    u_core/u_if/u_pc/pc_current_reg[31]_0[30]
                         FDCE                                         r  u_core/u_if/u_pc/pc_current_reg[30]/D
  -------------------------------------------------------------------    -------------------

                         (clock aclk rise edge)      10.000    10.000 r  
                                                      0.000    10.000 r  aclk (IN)
                         net (fo=1629, unset)         0.021    10.021    u_core/u_if/u_pc/aclk
                         FDCE                                         r  u_core/u_if/u_pc/pc_current_reg[30]/C
                         clock pessimism              0.000    10.021    
                         clock uncertainty           -0.035     9.986    
                         FDCE (Setup_FDCE_C_D)        0.025    10.011    u_core/u_if/u_pc/pc_current_reg[30]
  -------------------------------------------------------------------
                         required time                         10.011    
                         arrival time                          -4.635    
  -------------------------------------------------------------------
                         slack                                  5.376    

Slack (MET) :             5.376ns  (required time - arrival time)
  Source:                 u_core/u_mem_wb/wb_rd_reg[0]/C
                            (rising edge-triggered cell FDCE clocked by aclk  {rise@0.000ns fall@5.000ns period=10.000ns})
  Destination:            u_core/u_if/u_pc/pc_current_reg[21]/D
                            (rising edge-triggered cell FDCE clocked by aclk  {rise@0.000ns fall@5.000ns period=10.000ns})
  Path Group:             aclk
  Path Type:              Setup (Max at Slow Process Corner)
  Requirement:            10.000ns  (aclk rise@10.000ns - aclk rise@0.000ns)
  Data Path Delay:        4.605ns  (logic 1.201ns (26.080%)  route 3.404ns (73.920%))
  Logic Levels:           21  (CARRY8=5 LUT2=1 LUT3=3 LUT4=2 LUT5=3 LUT6=7)
  Clock Path Skew:        -0.009ns (DCD - SCD + CPR)
    Destination Clock Delay (DCD):    0.021ns = ( 10.021 - 10.000 ) 
    Source Clock Delay      (SCD):    0.030ns
    Clock Pessimism Removal (CPR):    0.000ns
  Clock Uncertainty:      0.035ns  ((TSJ^2 + TIJ^2)^1/2 + DJ) / 2 + PE
    Total System Jitter     (TSJ):    0.071ns
    Total Input Jitter      (TIJ):    0.000ns
    Discrete Jitter          (DJ):    0.000ns
    Phase Error              (PE):    0.000ns

    Location             Delay type                Incr(ns)  Path(ns)    Netlist Resource(s)
  -------------------------------------------------------------------    -------------------
                         (clock aclk rise edge)       0.000     0.000 r  
                                                      0.000     0.000 r  aclk (IN)
                         net (fo=1629, unset)         0.030     0.030    u_core/u_mem_wb/aclk
                         FDCE                                         r  u_core/u_mem_wb/wb_rd_reg[0]/C
  -------------------------------------------------------------------    -------------------
                         FDCE (Prop_FDCE_C_Q)         0.077     0.107 r  u_core/u_mem_wb/wb_rd_reg[0]/Q
                         net (fo=88, unplaced)        0.220     0.327    u_core/u_mem_wb/Q[0]
                         LUT2 (Prop_LUT2_I1_O)        0.070     0.397 r  u_core/u_mem_wb/i__carry_i_80/O
                         net (fo=1, unplaced)         0.186     0.583    u_core/u_mem_wb/i__carry_i_80_n_0
                         LUT6 (Prop_LUT6_I2_O)        0.038     0.621 r  u_core/u_mem_wb/i__carry_i_69/O
                         net (fo=1, unplaced)         0.186     0.807    u_core/u_mem_wb/u_forward/p_5_in
                         LUT6 (Prop_LUT6_I4_O)        0.038     0.845 r  u_core/u_mem_wb/i__carry_i_49/O
                         net (fo=32, unplaced)        0.197     1.042    u_core/u_mem_wb/i__carry_i_49_n_0
                         LUT5 (Prop_LUT5_I0_O)        0.053     1.095 r  u_core/u_mem_wb/i__carry_i_48/O
                         net (fo=10, unplaced)        0.219     1.314    u_core/u_ex_mem/ex_store_data[1]
                         LUT4 (Prop_LUT4_I2_O)        0.070     1.384 f  u_core/u_ex_mem/i__carry_i_8/O
                         net (fo=1, unplaced)         0.260     1.644    u_core/u_ex/u_branch/branch_taken0_inferred__2/i__carry__0_0[0]
                         CARRY8 (Prop_CARRY8_DI[0]_CO[7])
                                                      0.140     1.784 f  u_core/u_ex/u_branch/branch_taken0_inferred__2/i__carry/CO[7]
                         net (fo=1, unplaced)         0.005     1.789    u_core/u_ex/u_branch/branch_taken0_inferred__2/i__carry_n_0
                         CARRY8 (Prop_CARRY8_CI_CO[7])
                                                      0.022     1.811 f  u_core/u_ex/u_branch/branch_taken0_inferred__2/i__carry__0/CO[7]
                         net (fo=1, unplaced)         0.020     1.831    u_core/u_id_ex/i__i_1_1[0]
                         LUT5 (Prop_LUT5_I4_O)        0.038     1.869 f  u_core/u_id_ex/i__i_3/O
                         net (fo=3, unplaced)         0.192     2.061    u_core/u_id_ex/i__i_3_n_0
                         LUT3 (Prop_LUT3_I2_O)        0.038     2.099 f  u_core/u_id_ex/mem_fault_i_9/O
                         net (fo=2, unplaced)         0.186     2.285    u_core/u_id_ex/u_ex/pc_redirect_valid25_in
                         LUT6 (Prop_LUT6_I0_O)        0.038     2.323 f  u_core/u_id_ex/mem_fault_i_3/O
                         net (fo=1, unplaced)         0.186     2.509    u_core/u_id_ex/mem_fault_i_3_n_0
                         LUT6 (Prop_LUT6_I0_O)        0.038     2.547 f  u_core/u_id_ex/mem_fault_i_2/O
                         net (fo=8, unplaced)         0.214     2.761    u_core/u_if_id/ex_fault_out
                         LUT6 (Prop_LUT6_I5_O)        0.038     2.799 r  u_core/u_if_id/id_fault_i_2/O
                         net (fo=40, unplaced)        0.251     3.050    u_core/u_if/u_pc/external_irq_inject
                         LUT4 (Prop_LUT4_I2_O)        0.038     3.088 r  u_core/u_if/u_pc/debug_pc[31]_INST_0_i_11/O
                         net (fo=36, unplaced)        0.248     3.336    u_core/u_if_id/trap_valid0
                         LUT3 (Prop_LUT3_I1_O)        0.038     3.374 r  u_core/u_if_id/pc_current[31]_i_23/O
                         net (fo=3, unplaced)         0.192     3.566    u_core/u_if_id/id_valid_reg_4
                         LUT6 (Prop_LUT6_I5_O)        0.038     3.604 r  u_core/u_if_id/pc_current[8]_i_21/O
                         net (fo=1, unplaced)         0.186     3.790    u_core/u_mem_wb/pc_current_reg[8]_i_3_0
                         LUT6 (Prop_LUT6_I5_O)        0.037     3.827 r  u_core/u_mem_wb/pc_current[8]_i_13/O
                         net (fo=1, unplaced)         0.028     3.855    u_core/u_id_ex/S[1]
                         CARRY8 (Prop_CARRY8_S[2]_CO[7])
                                                      0.168     4.023 r  u_core/u_id_ex/pc_current_reg[8]_i_3/CO[7]
                         net (fo=1, unplaced)         0.005     4.028    u_core/u_id_ex/pc_current_reg[8]_i_3_n_0
                         CARRY8 (Prop_CARRY8_CI_CO[7])
                                                      0.022     4.050 r  u_core/u_id_ex/pc_current_reg[16]_i_3/CO[7]
                         net (fo=1, unplaced)         0.005     4.055    u_core/u_ex_mem/pc_current[17]_i_2[0]
                         CARRY8 (Prop_CARRY8_CI_O[4])
                                                      0.086     4.141 r  u_core/u_ex_mem/pc_current_reg[24]_i_3/O[4]
                         net (fo=1, unplaced)         0.184     4.325    u_core/u_ex_mem/u_trap/trap_target0[21]
                         LUT5 (Prop_LUT5_I0_O)        0.038     4.363 r  u_core/u_ex_mem/pc_current[21]_i_2/O
                         net (fo=1, unplaced)         0.186     4.549    u_core/u_ex_mem/pc_redirect_target[21]
                         LUT3 (Prop_LUT3_I0_O)        0.038     4.587 r  u_core/u_ex_mem/pc_current[21]_i_1/O
                         net (fo=1, unplaced)         0.048     4.635    u_core/u_if/u_pc/pc_current_reg[31]_0[21]
                         FDCE                                         r  u_core/u_if/u_pc/pc_current_reg[21]/D
  -------------------------------------------------------------------    -------------------

                         (clock aclk rise edge)      10.000    10.000 r  
                                                      0.000    10.000 r  aclk (IN)
                         net (fo=1629, unset)         0.021    10.021    u_core/u_if/u_pc/aclk
                         FDCE                                         r  u_core/u_if/u_pc/pc_current_reg[21]/C
                         clock pessimism              0.000    10.021    
                         clock uncertainty           -0.035     9.986    
                         FDCE (Setup_FDCE_C_D)        0.025    10.011    u_core/u_if/u_pc/pc_current_reg[21]
  -------------------------------------------------------------------
                         required time                         10.011    
                         arrival time                          -4.635    
  -------------------------------------------------------------------
                         slack                                  5.376    

Slack (MET) :             5.377ns  (required time - arrival time)
  Source:                 u_core/u_mem_wb/wb_rd_reg[0]/C
                            (rising edge-triggered cell FDCE clocked by aclk  {rise@0.000ns fall@5.000ns period=10.000ns})
  Destination:            u_core/u_if/u_pc/pc_current_reg[25]/D
                            (rising edge-triggered cell FDCE clocked by aclk  {rise@0.000ns fall@5.000ns period=10.000ns})
  Path Group:             aclk
  Path Type:              Setup (Max at Slow Process Corner)
  Requirement:            10.000ns  (aclk rise@10.000ns - aclk rise@0.000ns)
  Data Path Delay:        4.604ns  (logic 1.193ns (25.912%)  route 3.411ns (74.088%))
  Logic Levels:           22  (CARRY8=6 LUT2=1 LUT3=3 LUT4=2 LUT5=3 LUT6=7)
  Clock Path Skew:        -0.009ns (DCD - SCD + CPR)
    Destination Clock Delay (DCD):    0.021ns = ( 10.021 - 10.000 ) 
    Source Clock Delay      (SCD):    0.030ns
    Clock Pessimism Removal (CPR):    0.000ns
  Clock Uncertainty:      0.035ns  ((TSJ^2 + TIJ^2)^1/2 + DJ) / 2 + PE
    Total System Jitter     (TSJ):    0.071ns
    Total Input Jitter      (TIJ):    0.000ns
    Discrete Jitter          (DJ):    0.000ns
    Phase Error              (PE):    0.000ns

    Location             Delay type                Incr(ns)  Path(ns)    Netlist Resource(s)
  -------------------------------------------------------------------    -------------------
                         (clock aclk rise edge)       0.000     0.000 r  
                                                      0.000     0.000 r  aclk (IN)
                         net (fo=1629, unset)         0.030     0.030    u_core/u_mem_wb/aclk
                         FDCE                                         r  u_core/u_mem_wb/wb_rd_reg[0]/C
  -------------------------------------------------------------------    -------------------
                         FDCE (Prop_FDCE_C_Q)         0.077     0.107 r  u_core/u_mem_wb/wb_rd_reg[0]/Q
                         net (fo=88, unplaced)        0.220     0.327    u_core/u_mem_wb/Q[0]
                         LUT2 (Prop_LUT2_I1_O)        0.070     0.397 r  u_core/u_mem_wb/i__carry_i_80/O
                         net (fo=1, unplaced)         0.186     0.583    u_core/u_mem_wb/i__carry_i_80_n_0
                         LUT6 (Prop_LUT6_I2_O)        0.038     0.621 r  u_core/u_mem_wb/i__carry_i_69/O
                         net (fo=1, unplaced)         0.186     0.807    u_core/u_mem_wb/u_forward/p_5_in
                         LUT6 (Prop_LUT6_I4_O)        0.038     0.845 r  u_core/u_mem_wb/i__carry_i_49/O
                         net (fo=32, unplaced)        0.197     1.042    u_core/u_mem_wb/i__carry_i_49_n_0
                         LUT5 (Prop_LUT5_I0_O)        0.053     1.095 r  u_core/u_mem_wb/i__carry_i_48/O
                         net (fo=10, unplaced)        0.219     1.314    u_core/u_ex_mem/ex_store_data[1]
                         LUT4 (Prop_LUT4_I2_O)        0.070     1.384 f  u_core/u_ex_mem/i__carry_i_8/O
                         net (fo=1, unplaced)         0.260     1.644    u_core/u_ex/u_branch/branch_taken0_inferred__2/i__carry__0_0[0]
                         CARRY8 (Prop_CARRY8_DI[0]_CO[7])
                                                      0.140     1.784 f  u_core/u_ex/u_branch/branch_taken0_inferred__2/i__carry/CO[7]
                         net (fo=1, unplaced)         0.005     1.789    u_core/u_ex/u_branch/branch_taken0_inferred__2/i__carry_n_0
                         CARRY8 (Prop_CARRY8_CI_CO[7])
                                                      0.022     1.811 f  u_core/u_ex/u_branch/branch_taken0_inferred__2/i__carry__0/CO[7]
                         net (fo=1, unplaced)         0.020     1.831    u_core/u_id_ex/i__i_1_1[0]
                         LUT5 (Prop_LUT5_I4_O)        0.038     1.869 f  u_core/u_id_ex/i__i_3/O
                         net (fo=3, unplaced)         0.192     2.061    u_core/u_id_ex/i__i_3_n_0
                         LUT3 (Prop_LUT3_I2_O)        0.038     2.099 f  u_core/u_id_ex/mem_fault_i_9/O
                         net (fo=2, unplaced)         0.186     2.285    u_core/u_id_ex/u_ex/pc_redirect_valid25_in
                         LUT6 (Prop_LUT6_I0_O)        0.038     2.323 f  u_core/u_id_ex/mem_fault_i_3/O
                         net (fo=1, unplaced)         0.186     2.509    u_core/u_id_ex/mem_fault_i_3_n_0
                         LUT6 (Prop_LUT6_I0_O)        0.038     2.547 f  u_core/u_id_ex/mem_fault_i_2/O
                         net (fo=8, unplaced)         0.214     2.761    u_core/u_if_id/ex_fault_out
                         LUT6 (Prop_LUT6_I5_O)        0.038     2.799 r  u_core/u_if_id/id_fault_i_2/O
                         net (fo=40, unplaced)        0.251     3.050    u_core/u_if/u_pc/external_irq_inject
                         LUT4 (Prop_LUT4_I2_O)        0.038     3.088 r  u_core/u_if/u_pc/debug_pc[31]_INST_0_i_11/O
                         net (fo=36, unplaced)        0.248     3.336    u_core/u_if_id/trap_valid0
                         LUT3 (Prop_LUT3_I1_O)        0.038     3.374 r  u_core/u_if_id/pc_current[31]_i_23/O
                         net (fo=3, unplaced)         0.192     3.566    u_core/u_if_id/id_valid_reg_4
                         LUT6 (Prop_LUT6_I5_O)        0.038     3.604 r  u_core/u_if_id/pc_current[8]_i_21/O
                         net (fo=1, unplaced)         0.186     3.790    u_core/u_mem_wb/pc_current_reg[8]_i_3_0
                         LUT6 (Prop_LUT6_I5_O)        0.037     3.827 r  u_core/u_mem_wb/pc_current[8]_i_13/O
                         net (fo=1, unplaced)         0.028     3.855    u_core/u_id_ex/S[1]
                         CARRY8 (Prop_CARRY8_S[2]_CO[7])
                                                      0.168     4.023 r  u_core/u_id_ex/pc_current_reg[8]_i_3/CO[7]
                         net (fo=1, unplaced)         0.005     4.028    u_core/u_id_ex/pc_current_reg[8]_i_3_n_0
                         CARRY8 (Prop_CARRY8_CI_CO[7])
                                                      0.022     4.050 r  u_core/u_id_ex/pc_current_reg[16]_i_3/CO[7]
                         net (fo=1, unplaced)         0.005     4.055    u_core/u_ex_mem/pc_current[17]_i_2[0]
                         CARRY8 (Prop_CARRY8_CI_CO[7])
                                                      0.022     4.077 r  u_core/u_ex_mem/pc_current_reg[24]_i_3/CO[7]
                         net (fo=1, unplaced)         0.005     4.082    u_core/u_id_ex/CO[0]
                         CARRY8 (Prop_CARRY8_CI_O[0])
                                                      0.056     4.138 r  u_core/u_id_ex/pc_current_reg[31]_i_4/O[0]
                         net (fo=1, unplaced)         0.186     4.324    u_core/u_id_ex/u_trap/trap_target0[25]
                         LUT5 (Prop_LUT5_I0_O)        0.038     4.362 r  u_core/u_id_ex/pc_current[25]_i_2/O
                         net (fo=1, unplaced)         0.186     4.548    u_core/u_id_ex/pc_redirect_target[25]
                         LUT3 (Prop_LUT3_I0_O)        0.038     4.586 r  u_core/u_id_ex/pc_current[25]_i_1/O
                         net (fo=1, unplaced)         0.048     4.634    u_core/u_if/u_pc/pc_current_reg[31]_0[25]
                         FDCE                                         r  u_core/u_if/u_pc/pc_current_reg[25]/D
  -------------------------------------------------------------------    -------------------

                         (clock aclk rise edge)      10.000    10.000 r  
                                                      0.000    10.000 r  aclk (IN)
                         net (fo=1629, unset)         0.021    10.021    u_core/u_if/u_pc/aclk
                         FDCE                                         r  u_core/u_if/u_pc/pc_current_reg[25]/C
                         clock pessimism              0.000    10.021    
                         clock uncertainty           -0.035     9.986    
                         FDCE (Setup_FDCE_C_D)        0.025    10.011    u_core/u_if/u_pc/pc_current_reg[25]
  -------------------------------------------------------------------
                         required time                         10.011    
                         arrival time                          -4.634    
  -------------------------------------------------------------------
                         slack                                  5.377    

Slack (MET) :             5.378ns  (required time - arrival time)
  Source:                 u_core/u_mem_wb/wb_rd_reg[0]/C
                            (rising edge-triggered cell FDCE clocked by aclk  {rise@0.000ns fall@5.000ns period=10.000ns})
  Destination:            u_core/u_if/u_pc/pc_current_reg[31]/D
                            (rising edge-triggered cell FDCE clocked by aclk  {rise@0.000ns fall@5.000ns period=10.000ns})
  Path Group:             aclk
  Path Type:              Setup (Max at Slow Process Corner)
  Requirement:            10.000ns  (aclk rise@10.000ns - aclk rise@0.000ns)
  Data Path Delay:        4.603ns  (logic 1.240ns (26.939%)  route 3.363ns (73.061%))
  Logic Levels:           22  (CARRY8=6 LUT2=1 LUT3=3 LUT4=2 LUT5=3 LUT6=7)
  Clock Path Skew:        -0.009ns (DCD - SCD + CPR)
    Destination Clock Delay (DCD):    0.021ns = ( 10.021 - 10.000 ) 
    Source Clock Delay      (SCD):    0.030ns
    Clock Pessimism Removal (CPR):    0.000ns
  Clock Uncertainty:      0.035ns  ((TSJ^2 + TIJ^2)^1/2 + DJ) / 2 + PE
    Total System Jitter     (TSJ):    0.071ns
    Total Input Jitter      (TIJ):    0.000ns
    Discrete Jitter          (DJ):    0.000ns
    Phase Error              (PE):    0.000ns

    Location             Delay type                Incr(ns)  Path(ns)    Netlist Resource(s)
  -------------------------------------------------------------------    -------------------
                         (clock aclk rise edge)       0.000     0.000 r  
                                                      0.000     0.000 r  aclk (IN)
                         net (fo=1629, unset)         0.030     0.030    u_core/u_mem_wb/aclk
                         FDCE                                         r  u_core/u_mem_wb/wb_rd_reg[0]/C
  -------------------------------------------------------------------    -------------------
                         FDCE (Prop_FDCE_C_Q)         0.077     0.107 r  u_core/u_mem_wb/wb_rd_reg[0]/Q
                         net (fo=88, unplaced)        0.220     0.327    u_core/u_mem_wb/Q[0]
                         LUT2 (Prop_LUT2_I1_O)        0.070     0.397 r  u_core/u_mem_wb/i__carry_i_80/O
                         net (fo=1, unplaced)         0.186     0.583    u_core/u_mem_wb/i__carry_i_80_n_0
                         LUT6 (Prop_LUT6_I2_O)        0.038     0.621 r  u_core/u_mem_wb/i__carry_i_69/O
                         net (fo=1, unplaced)         0.186     0.807    u_core/u_mem_wb/u_forward/p_5_in
                         LUT6 (Prop_LUT6_I4_O)        0.038     0.845 r  u_core/u_mem_wb/i__carry_i_49/O
                         net (fo=32, unplaced)        0.197     1.042    u_core/u_mem_wb/i__carry_i_49_n_0
                         LUT5 (Prop_LUT5_I0_O)        0.053     1.095 r  u_core/u_mem_wb/i__carry_i_48/O
                         net (fo=10, unplaced)        0.219     1.314    u_core/u_ex_mem/ex_store_data[1]
                         LUT4 (Prop_LUT4_I2_O)        0.070     1.384 f  u_core/u_ex_mem/i__carry_i_8/O
                         net (fo=1, unplaced)         0.260     1.644    u_core/u_ex/u_branch/branch_taken0_inferred__2/i__carry__0_0[0]
                         CARRY8 (Prop_CARRY8_DI[0]_CO[7])
                                                      0.140     1.784 f  u_core/u_ex/u_branch/branch_taken0_inferred__2/i__carry/CO[7]
                         net (fo=1, unplaced)         0.005     1.789    u_core/u_ex/u_branch/branch_taken0_inferred__2/i__carry_n_0
                         CARRY8 (Prop_CARRY8_CI_CO[7])
                                                      0.022     1.811 f  u_core/u_ex/u_branch/branch_taken0_inferred__2/i__carry__0/CO[7]
                         net (fo=1, unplaced)         0.020     1.831    u_core/u_id_ex/i__i_1_1[0]
                         LUT5 (Prop_LUT5_I4_O)        0.038     1.869 f  u_core/u_id_ex/i__i_3/O
                         net (fo=3, unplaced)         0.192     2.061    u_core/u_id_ex/i__i_3_n_0
                         LUT3 (Prop_LUT3_I2_O)        0.038     2.099 f  u_core/u_id_ex/mem_fault_i_9/O
                         net (fo=2, unplaced)         0.186     2.285    u_core/u_id_ex/u_ex/pc_redirect_valid25_in
                         LUT6 (Prop_LUT6_I0_O)        0.038     2.323 f  u_core/u_id_ex/mem_fault_i_3/O
                         net (fo=1, unplaced)         0.186     2.509    u_core/u_id_ex/mem_fault_i_3_n_0
                         LUT6 (Prop_LUT6_I0_O)        0.038     2.547 f  u_core/u_id_ex/mem_fault_i_2/O
                         net (fo=8, unplaced)         0.214     2.761    u_core/u_if_id/ex_fault_out
                         LUT6 (Prop_LUT6_I5_O)        0.038     2.799 r  u_core/u_if_id/id_fault_i_2/O
                         net (fo=40, unplaced)        0.251     3.050    u_core/u_if/u_pc/external_irq_inject
                         LUT4 (Prop_LUT4_I2_O)        0.038     3.088 r  u_core/u_if/u_pc/debug_pc[31]_INST_0_i_11/O
                         net (fo=36, unplaced)        0.248     3.336    u_core/u_if_id/trap_valid0
                         LUT3 (Prop_LUT3_I1_O)        0.038     3.374 r  u_core/u_if_id/pc_current[31]_i_23/O
                         net (fo=3, unplaced)         0.192     3.566    u_core/u_if_id/id_valid_reg_4
                         LUT6 (Prop_LUT6_I5_O)        0.038     3.604 r  u_core/u_if_id/pc_current[8]_i_21/O
                         net (fo=1, unplaced)         0.186     3.790    u_core/u_mem_wb/pc_current_reg[8]_i_3_0
                         LUT6 (Prop_LUT6_I5_O)        0.037     3.827 r  u_core/u_mem_wb/pc_current[8]_i_13/O
                         net (fo=1, unplaced)         0.028     3.855    u_core/u_id_ex/S[1]
                         CARRY8 (Prop_CARRY8_S[2]_CO[7])
                                                      0.168     4.023 r  u_core/u_id_ex/pc_current_reg[8]_i_3/CO[7]
                         net (fo=1, unplaced)         0.005     4.028    u_core/u_id_ex/pc_current_reg[8]_i_3_n_0
                         CARRY8 (Prop_CARRY8_CI_CO[7])
                                                      0.022     4.050 r  u_core/u_id_ex/pc_current_reg[16]_i_3/CO[7]
                         net (fo=1, unplaced)         0.005     4.055    u_core/u_ex_mem/pc_current[17]_i_2[0]
                         CARRY8 (Prop_CARRY8_CI_CO[7])
                                                      0.022     4.077 r  u_core/u_ex_mem/pc_current_reg[24]_i_3/CO[7]
                         net (fo=1, unplaced)         0.005     4.082    u_core/u_id_ex/CO[0]
                         CARRY8 (Prop_CARRY8_CI_O[6])
                                                      0.103     4.185 r  u_core/u_id_ex/pc_current_reg[31]_i_4/O[6]
                         net (fo=1, unplaced)         0.138     4.323    u_core/u_id_ex/u_trap/trap_target0[31]
                         LUT5 (Prop_LUT5_I0_O)        0.038     4.361 r  u_core/u_id_ex/pc_current[31]_i_3/O
                         net (fo=1, unplaced)         0.186     4.547    u_core/u_id_ex/pc_redirect_target[31]
                         LUT3 (Prop_LUT3_I0_O)        0.038     4.585 r  u_core/u_id_ex/pc_current[31]_i_2/O
                         net (fo=1, unplaced)         0.048     4.633    u_core/u_if/u_pc/pc_current_reg[31]_0[31]
                         FDCE                                         r  u_core/u_if/u_pc/pc_current_reg[31]/D
  -------------------------------------------------------------------    -------------------

                         (clock aclk rise edge)      10.000    10.000 r  
                                                      0.000    10.000 r  aclk (IN)
                         net (fo=1629, unset)         0.021    10.021    u_core/u_if/u_pc/aclk
                         FDCE                                         r  u_core/u_if/u_pc/pc_current_reg[31]/C
                         clock pessimism              0.000    10.021    
                         clock uncertainty           -0.035     9.986    
                         FDCE (Setup_FDCE_C_D)        0.025    10.011    u_core/u_if/u_pc/pc_current_reg[31]
  -------------------------------------------------------------------
                         required time                         10.011    
                         arrival time                          -4.633    
  -------------------------------------------------------------------
                         slack                                  5.378    

Slack (MET) :             5.386ns  (required time - arrival time)
  Source:                 u_core/u_mem_wb/wb_rd_reg[0]/C
                            (rising edge-triggered cell FDCE clocked by aclk  {rise@0.000ns fall@5.000ns period=10.000ns})
  Destination:            u_core/u_if/u_pc/pc_current_reg[18]/D
                            (rising edge-triggered cell FDCE clocked by aclk  {rise@0.000ns fall@5.000ns period=10.000ns})
  Path Group:             aclk
  Path Type:              Setup (Max at Slow Process Corner)
  Requirement:            10.000ns  (aclk rise@10.000ns - aclk rise@0.000ns)
  Data Path Delay:        4.595ns  (logic 1.191ns (25.919%)  route 3.404ns (74.081%))
  Logic Levels:           21  (CARRY8=5 LUT2=1 LUT3=3 LUT4=2 LUT5=3 LUT6=7)
  Clock Path Skew:        -0.009ns (DCD - SCD + CPR)
    Destination Clock Delay (DCD):    0.021ns = ( 10.021 - 10.000 ) 
    Source Clock Delay      (SCD):    0.030ns
    Clock Pessimism Removal (CPR):    0.000ns
  Clock Uncertainty:      0.035ns  ((TSJ^2 + TIJ^2)^1/2 + DJ) / 2 + PE
    Total System Jitter     (TSJ):    0.071ns
    Total Input Jitter      (TIJ):    0.000ns
    Discrete Jitter          (DJ):    0.000ns
    Phase Error              (PE):    0.000ns

    Location             Delay type                Incr(ns)  Path(ns)    Netlist Resource(s)
  -------------------------------------------------------------------    -------------------
                         (clock aclk rise edge)       0.000     0.000 r  
                                                      0.000     0.000 r  aclk (IN)
                         net (fo=1629, unset)         0.030     0.030    u_core/u_mem_wb/aclk
                         FDCE                                         r  u_core/u_mem_wb/wb_rd_reg[0]/C
  -------------------------------------------------------------------    -------------------
                         FDCE (Prop_FDCE_C_Q)         0.077     0.107 r  u_core/u_mem_wb/wb_rd_reg[0]/Q
                         net (fo=88, unplaced)        0.220     0.327    u_core/u_mem_wb/Q[0]
                         LUT2 (Prop_LUT2_I1_O)        0.070     0.397 r  u_core/u_mem_wb/i__carry_i_80/O
                         net (fo=1, unplaced)         0.186     0.583    u_core/u_mem_wb/i__carry_i_80_n_0
                         LUT6 (Prop_LUT6_I2_O)        0.038     0.621 r  u_core/u_mem_wb/i__carry_i_69/O
                         net (fo=1, unplaced)         0.186     0.807    u_core/u_mem_wb/u_forward/p_5_in
                         LUT6 (Prop_LUT6_I4_O)        0.038     0.845 r  u_core/u_mem_wb/i__carry_i_49/O
                         net (fo=32, unplaced)        0.197     1.042    u_core/u_mem_wb/i__carry_i_49_n_0
                         LUT5 (Prop_LUT5_I0_O)        0.053     1.095 r  u_core/u_mem_wb/i__carry_i_48/O
                         net (fo=10, unplaced)        0.219     1.314    u_core/u_ex_mem/ex_store_data[1]
                         LUT4 (Prop_LUT4_I2_O)        0.070     1.384 f  u_core/u_ex_mem/i__carry_i_8/O
                         net (fo=1, unplaced)         0.260     1.644    u_core/u_ex/u_branch/branch_taken0_inferred__2/i__carry__0_0[0]
                         CARRY8 (Prop_CARRY8_DI[0]_CO[7])
                                                      0.140     1.784 f  u_core/u_ex/u_branch/branch_taken0_inferred__2/i__carry/CO[7]
                         net (fo=1, unplaced)         0.005     1.789    u_core/u_ex/u_branch/branch_taken0_inferred__2/i__carry_n_0
                         CARRY8 (Prop_CARRY8_CI_CO[7])
                                                      0.022     1.811 f  u_core/u_ex/u_branch/branch_taken0_inferred__2/i__carry__0/CO[7]
                         net (fo=1, unplaced)         0.020     1.831    u_core/u_id_ex/i__i_1_1[0]
                         LUT5 (Prop_LUT5_I4_O)        0.038     1.869 f  u_core/u_id_ex/i__i_3/O
                         net (fo=3, unplaced)         0.192     2.061    u_core/u_id_ex/i__i_3_n_0
                         LUT3 (Prop_LUT3_I2_O)        0.038     2.099 f  u_core/u_id_ex/mem_fault_i_9/O
                         net (fo=2, unplaced)         0.186     2.285    u_core/u_id_ex/u_ex/pc_redirect_valid25_in
                         LUT6 (Prop_LUT6_I0_O)        0.038     2.323 f  u_core/u_id_ex/mem_fault_i_3/O
                         net (fo=1, unplaced)         0.186     2.509    u_core/u_id_ex/mem_fault_i_3_n_0
                         LUT6 (Prop_LUT6_I0_O)        0.038     2.547 f  u_core/u_id_ex/mem_fault_i_2/O
                         net (fo=8, unplaced)         0.214     2.761    u_core/u_if_id/ex_fault_out
                         LUT6 (Prop_LUT6_I5_O)        0.038     2.799 r  u_core/u_if_id/id_fault_i_2/O
                         net (fo=40, unplaced)        0.251     3.050    u_core/u_if/u_pc/external_irq_inject
                         LUT4 (Prop_LUT4_I2_O)        0.038     3.088 r  u_core/u_if/u_pc/debug_pc[31]_INST_0_i_11/O
                         net (fo=36, unplaced)        0.248     3.336    u_core/u_if_id/trap_valid0
                         LUT3 (Prop_LUT3_I1_O)        0.038     3.374 r  u_core/u_if_id/pc_current[31]_i_23/O
                         net (fo=3, unplaced)         0.192     3.566    u_core/u_if_id/id_valid_reg_4
                         LUT6 (Prop_LUT6_I5_O)        0.038     3.604 r  u_core/u_if_id/pc_current[8]_i_21/O
                         net (fo=1, unplaced)         0.186     3.790    u_core/u_mem_wb/pc_current_reg[8]_i_3_0
                         LUT6 (Prop_LUT6_I5_O)        0.037     3.827 r  u_core/u_mem_wb/pc_current[8]_i_13/O
                         net (fo=1, unplaced)         0.028     3.855    u_core/u_id_ex/S[1]
                         CARRY8 (Prop_CARRY8_S[2]_CO[7])
                                                      0.168     4.023 r  u_core/u_id_ex/pc_current_reg[8]_i_3/CO[7]
                         net (fo=1, unplaced)         0.005     4.028    u_core/u_id_ex/pc_current_reg[8]_i_3_n_0
                         CARRY8 (Prop_CARRY8_CI_CO[7])
                                                      0.022     4.050 r  u_core/u_id_ex/pc_current_reg[16]_i_3/CO[7]
                         net (fo=1, unplaced)         0.005     4.055    u_core/u_ex_mem/pc_current[17]_i_2[0]
                         CARRY8 (Prop_CARRY8_CI_O[1])
                                                      0.076     4.131 r  u_core/u_ex_mem/pc_current_reg[24]_i_3/O[1]
                         net (fo=1, unplaced)         0.184     4.315    u_core/u_id_ex/O[1]
                         LUT5 (Prop_LUT5_I0_O)        0.038     4.353 r  u_core/u_id_ex/pc_current[18]_i_2/O
                         net (fo=1, unplaced)         0.186     4.539    u_core/u_id_ex/pc_redirect_target[18]
                         LUT3 (Prop_LUT3_I0_O)        0.038     4.577 r  u_core/u_id_ex/pc_current[18]_i_1/O
                         net (fo=1, unplaced)         0.048     4.625    u_core/u_if/u_pc/pc_current_reg[31]_0[18]
                         FDCE                                         r  u_core/u_if/u_pc/pc_current_reg[18]/D
  -------------------------------------------------------------------    -------------------

                         (clock aclk rise edge)      10.000    10.000 r  
                                                      0.000    10.000 r  aclk (IN)
                         net (fo=1629, unset)         0.021    10.021    u_core/u_if/u_pc/aclk
                         FDCE                                         r  u_core/u_if/u_pc/pc_current_reg[18]/C
                         clock pessimism              0.000    10.021    
                         clock uncertainty           -0.035     9.986    
                         FDCE (Setup_FDCE_C_D)        0.025    10.011    u_core/u_if/u_pc/pc_current_reg[18]
  -------------------------------------------------------------------
                         required time                         10.011    
                         arrival time                          -4.625    
  -------------------------------------------------------------------
                         slack                                  5.386    

Slack (MET) :             5.388ns  (required time - arrival time)
  Source:                 u_core/u_mem_wb/wb_rd_reg[0]/C
                            (rising edge-triggered cell FDCE clocked by aclk  {rise@0.000ns fall@5.000ns period=10.000ns})
  Destination:            u_core/u_if/u_pc/pc_current_reg[11]/D
                            (rising edge-triggered cell FDCE clocked by aclk  {rise@0.000ns fall@5.000ns period=10.000ns})
  Path Group:             aclk
  Path Type:              Setup (Max at Slow Process Corner)
  Requirement:            10.000ns  (aclk rise@10.000ns - aclk rise@0.000ns)
  Data Path Delay:        4.593ns  (logic 1.192ns (25.953%)  route 3.401ns (74.047%))
  Logic Levels:           20  (CARRY8=4 LUT2=1 LUT3=3 LUT4=2 LUT5=3 LUT6=7)
  Clock Path Skew:        -0.009ns (DCD - SCD + CPR)
    Destination Clock Delay (DCD):    0.021ns = ( 10.021 - 10.000 ) 
    Source Clock Delay      (SCD):    0.030ns
    Clock Pessimism Removal (CPR):    0.000ns
  Clock Uncertainty:      0.035ns  ((TSJ^2 + TIJ^2)^1/2 + DJ) / 2 + PE
    Total System Jitter     (TSJ):    0.071ns
    Total Input Jitter      (TIJ):    0.000ns
    Discrete Jitter          (DJ):    0.000ns
    Phase Error              (PE):    0.000ns

    Location             Delay type                Incr(ns)  Path(ns)    Netlist Resource(s)
  -------------------------------------------------------------------    -------------------
                         (clock aclk rise edge)       0.000     0.000 r  
                                                      0.000     0.000 r  aclk (IN)
                         net (fo=1629, unset)         0.030     0.030    u_core/u_mem_wb/aclk
                         FDCE                                         r  u_core/u_mem_wb/wb_rd_reg[0]/C
  -------------------------------------------------------------------    -------------------
                         FDCE (Prop_FDCE_C_Q)         0.077     0.107 r  u_core/u_mem_wb/wb_rd_reg[0]/Q
                         net (fo=88, unplaced)        0.220     0.327    u_core/u_mem_wb/Q[0]
                         LUT2 (Prop_LUT2_I1_O)        0.070     0.397 r  u_core/u_mem_wb/i__carry_i_80/O
                         net (fo=1, unplaced)         0.186     0.583    u_core/u_mem_wb/i__carry_i_80_n_0
                         LUT6 (Prop_LUT6_I2_O)        0.038     0.621 r  u_core/u_mem_wb/i__carry_i_69/O
                         net (fo=1, unplaced)         0.186     0.807    u_core/u_mem_wb/u_forward/p_5_in
                         LUT6 (Prop_LUT6_I4_O)        0.038     0.845 r  u_core/u_mem_wb/i__carry_i_49/O
                         net (fo=32, unplaced)        0.197     1.042    u_core/u_mem_wb/i__carry_i_49_n_0
                         LUT5 (Prop_LUT5_I0_O)        0.053     1.095 r  u_core/u_mem_wb/i__carry_i_48/O
                         net (fo=10, unplaced)        0.219     1.314    u_core/u_ex_mem/ex_store_data[1]
                         LUT4 (Prop_LUT4_I2_O)        0.070     1.384 f  u_core/u_ex_mem/i__carry_i_8/O
                         net (fo=1, unplaced)         0.260     1.644    u_core/u_ex/u_branch/branch_taken0_inferred__2/i__carry__0_0[0]
                         CARRY8 (Prop_CARRY8_DI[0]_CO[7])
                                                      0.140     1.784 f  u_core/u_ex/u_branch/branch_taken0_inferred__2/i__carry/CO[7]
                         net (fo=1, unplaced)         0.005     1.789    u_core/u_ex/u_branch/branch_taken0_inferred__2/i__carry_n_0
                         CARRY8 (Prop_CARRY8_CI_CO[7])
                                                      0.022     1.811 f  u_core/u_ex/u_branch/branch_taken0_inferred__2/i__carry__0/CO[7]
                         net (fo=1, unplaced)         0.020     1.831    u_core/u_id_ex/i__i_1_1[0]
                         LUT5 (Prop_LUT5_I4_O)        0.038     1.869 f  u_core/u_id_ex/i__i_3/O
                         net (fo=3, unplaced)         0.192     2.061    u_core/u_id_ex/i__i_3_n_0
                         LUT3 (Prop_LUT3_I2_O)        0.038     2.099 f  u_core/u_id_ex/mem_fault_i_9/O
                         net (fo=2, unplaced)         0.186     2.285    u_core/u_id_ex/u_ex/pc_redirect_valid25_in
                         LUT6 (Prop_LUT6_I0_O)        0.038     2.323 f  u_core/u_id_ex/mem_fault_i_3/O
                         net (fo=1, unplaced)         0.186     2.509    u_core/u_id_ex/mem_fault_i_3_n_0
                         LUT6 (Prop_LUT6_I0_O)        0.038     2.547 f  u_core/u_id_ex/mem_fault_i_2/O
                         net (fo=8, unplaced)         0.214     2.761    u_core/u_if_id/ex_fault_out
                         LUT6 (Prop_LUT6_I5_O)        0.038     2.799 r  u_core/u_if_id/id_fault_i_2/O
                         net (fo=40, unplaced)        0.251     3.050    u_core/u_if/u_pc/external_irq_inject
                         LUT4 (Prop_LUT4_I2_O)        0.038     3.088 r  u_core/u_if/u_pc/debug_pc[31]_INST_0_i_11/O
                         net (fo=36, unplaced)        0.248     3.336    u_core/u_if_id/trap_valid0
                         LUT3 (Prop_LUT3_I1_O)        0.038     3.374 r  u_core/u_if_id/pc_current[31]_i_23/O
                         net (fo=3, unplaced)         0.192     3.566    u_core/u_if_id/id_valid_reg_4
                         LUT6 (Prop_LUT6_I5_O)        0.038     3.604 r  u_core/u_if_id/pc_current[8]_i_21/O
                         net (fo=1, unplaced)         0.186     3.790    u_core/u_mem_wb/pc_current_reg[8]_i_3_0
                         LUT6 (Prop_LUT6_I5_O)        0.037     3.827 r  u_core/u_mem_wb/pc_current[8]_i_13/O
                         net (fo=1, unplaced)         0.028     3.855    u_core/u_id_ex/S[1]
                         CARRY8 (Prop_CARRY8_S[2]_CO[7])
                                                      0.168     4.023 r  u_core/u_id_ex/pc_current_reg[8]_i_3/CO[7]
                         net (fo=1, unplaced)         0.005     4.028    u_core/u_id_ex/pc_current_reg[8]_i_3_n_0
                         CARRY8 (Prop_CARRY8_CI_O[2])
                                                      0.067     4.095 r  u_core/u_id_ex/pc_current_reg[16]_i_3/O[2]
                         net (fo=1, unplaced)         0.186     4.281    u_core/u_id_ex/u_trap/trap_target0[11]
                         LUT5 (Prop_LUT5_I0_O)        0.038     4.319 r  u_core/u_id_ex/pc_current[11]_i_2/O
                         net (fo=1, unplaced)         0.186     4.505    u_core/u_id_ex/pc_redirect_target[11]
                         LUT3 (Prop_LUT3_I0_O)        0.070     4.575 r  u_core/u_id_ex/pc_current[11]_i_1/O
                         net (fo=1, unplaced)         0.048     4.623    u_core/u_if/u_pc/pc_current_reg[31]_0[11]
                         FDCE                                         r  u_core/u_if/u_pc/pc_current_reg[11]/D
  -------------------------------------------------------------------    -------------------

                         (clock aclk rise edge)      10.000    10.000 r  
                                                      0.000    10.000 r  aclk (IN)
                         net (fo=1629, unset)         0.021    10.021    u_core/u_if/u_pc/aclk
                         FDCE                                         r  u_core/u_if/u_pc/pc_current_reg[11]/C
                         clock pessimism              0.000    10.021    
                         clock uncertainty           -0.035     9.986    
                         FDCE (Setup_FDCE_C_D)        0.025    10.011    u_core/u_if/u_pc/pc_current_reg[11]
  -------------------------------------------------------------------
                         required time                         10.011    
                         arrival time                          -4.623    
  -------------------------------------------------------------------
                         slack                                  5.388    

Slack (MET) :             5.393ns  (required time - arrival time)
  Source:                 u_core/u_mem_wb/wb_rd_reg[0]/C
                            (rising edge-triggered cell FDCE clocked by aclk  {rise@0.000ns fall@5.000ns period=10.000ns})
  Destination:            u_core/u_if/u_pc/pc_current_reg[19]/D
                            (rising edge-triggered cell FDCE clocked by aclk  {rise@0.000ns fall@5.000ns period=10.000ns})
  Path Group:             aclk
  Path Type:              Setup (Max at Slow Process Corner)
  Requirement:            10.000ns  (aclk rise@10.000ns - aclk rise@0.000ns)
  Data Path Delay:        4.588ns  (logic 1.182ns (25.763%)  route 3.406ns (74.237%))
  Logic Levels:           21  (CARRY8=5 LUT2=1 LUT3=3 LUT4=2 LUT5=3 LUT6=7)
  Clock Path Skew:        -0.009ns (DCD - SCD + CPR)
    Destination Clock Delay (DCD):    0.021ns = ( 10.021 - 10.000 ) 
    Source Clock Delay      (SCD):    0.030ns
    Clock Pessimism Removal (CPR):    0.000ns
  Clock Uncertainty:      0.035ns  ((TSJ^2 + TIJ^2)^1/2 + DJ) / 2 + PE
    Total System Jitter     (TSJ):    0.071ns
    Total Input Jitter      (TIJ):    0.000ns
    Discrete Jitter          (DJ):    0.000ns
    Phase Error              (PE):    0.000ns

    Location             Delay type                Incr(ns)  Path(ns)    Netlist Resource(s)
  -------------------------------------------------------------------    -------------------
                         (clock aclk rise edge)       0.000     0.000 r  
                                                      0.000     0.000 r  aclk (IN)
                         net (fo=1629, unset)         0.030     0.030    u_core/u_mem_wb/aclk
                         FDCE                                         r  u_core/u_mem_wb/wb_rd_reg[0]/C
  -------------------------------------------------------------------    -------------------
                         FDCE (Prop_FDCE_C_Q)         0.077     0.107 r  u_core/u_mem_wb/wb_rd_reg[0]/Q
                         net (fo=88, unplaced)        0.220     0.327    u_core/u_mem_wb/Q[0]
                         LUT2 (Prop_LUT2_I1_O)        0.070     0.397 r  u_core/u_mem_wb/i__carry_i_80/O
                         net (fo=1, unplaced)         0.186     0.583    u_core/u_mem_wb/i__carry_i_80_n_0
                         LUT6 (Prop_LUT6_I2_O)        0.038     0.621 r  u_core/u_mem_wb/i__carry_i_69/O
                         net (fo=1, unplaced)         0.186     0.807    u_core/u_mem_wb/u_forward/p_5_in
                         LUT6 (Prop_LUT6_I4_O)        0.038     0.845 r  u_core/u_mem_wb/i__carry_i_49/O
                         net (fo=32, unplaced)        0.197     1.042    u_core/u_mem_wb/i__carry_i_49_n_0
                         LUT5 (Prop_LUT5_I0_O)        0.053     1.095 r  u_core/u_mem_wb/i__carry_i_48/O
                         net (fo=10, unplaced)        0.219     1.314    u_core/u_ex_mem/ex_store_data[1]
                         LUT4 (Prop_LUT4_I2_O)        0.070     1.384 f  u_core/u_ex_mem/i__carry_i_8/O
                         net (fo=1, unplaced)         0.260     1.644    u_core/u_ex/u_branch/branch_taken0_inferred__2/i__carry__0_0[0]
                         CARRY8 (Prop_CARRY8_DI[0]_CO[7])
                                                      0.140     1.784 f  u_core/u_ex/u_branch/branch_taken0_inferred__2/i__carry/CO[7]
                         net (fo=1, unplaced)         0.005     1.789    u_core/u_ex/u_branch/branch_taken0_inferred__2/i__carry_n_0
                         CARRY8 (Prop_CARRY8_CI_CO[7])
                                                      0.022     1.811 f  u_core/u_ex/u_branch/branch_taken0_inferred__2/i__carry__0/CO[7]
                         net (fo=1, unplaced)         0.020     1.831    u_core/u_id_ex/i__i_1_1[0]
                         LUT5 (Prop_LUT5_I4_O)        0.038     1.869 f  u_core/u_id_ex/i__i_3/O
                         net (fo=3, unplaced)         0.192     2.061    u_core/u_id_ex/i__i_3_n_0
                         LUT3 (Prop_LUT3_I2_O)        0.038     2.099 f  u_core/u_id_ex/mem_fault_i_9/O
                         net (fo=2, unplaced)         0.186     2.285    u_core/u_id_ex/u_ex/pc_redirect_valid25_in
                         LUT6 (Prop_LUT6_I0_O)        0.038     2.323 f  u_core/u_id_ex/mem_fault_i_3/O
                         net (fo=1, unplaced)         0.186     2.509    u_core/u_id_ex/mem_fault_i_3_n_0
                         LUT6 (Prop_LUT6_I0_O)        0.038     2.547 f  u_core/u_id_ex/mem_fault_i_2/O
                         net (fo=8, unplaced)         0.214     2.761    u_core/u_if_id/ex_fault_out
                         LUT6 (Prop_LUT6_I5_O)        0.038     2.799 r  u_core/u_if_id/id_fault_i_2/O
                         net (fo=40, unplaced)        0.251     3.050    u_core/u_if/u_pc/external_irq_inject
                         LUT4 (Prop_LUT4_I2_O)        0.038     3.088 r  u_core/u_if/u_pc/debug_pc[31]_INST_0_i_11/O
                         net (fo=36, unplaced)        0.248     3.336    u_core/u_if_id/trap_valid0
                         LUT3 (Prop_LUT3_I1_O)        0.038     3.374 r  u_core/u_if_id/pc_current[31]_i_23/O
                         net (fo=3, unplaced)         0.192     3.566    u_core/u_if_id/id_valid_reg_4
                         LUT6 (Prop_LUT6_I5_O)        0.038     3.604 r  u_core/u_if_id/pc_current[8]_i_21/O
                         net (fo=1, unplaced)         0.186     3.790    u_core/u_mem_wb/pc_current_reg[8]_i_3_0
                         LUT6 (Prop_LUT6_I5_O)        0.037     3.827 r  u_core/u_mem_wb/pc_current[8]_i_13/O
                         net (fo=1, unplaced)         0.028     3.855    u_core/u_id_ex/S[1]
                         CARRY8 (Prop_CARRY8_S[2]_CO[7])
                                                      0.168     4.023 r  u_core/u_id_ex/pc_current_reg[8]_i_3/CO[7]
                         net (fo=1, unplaced)         0.005     4.028    u_core/u_id_ex/pc_current_reg[8]_i_3_n_0
                         CARRY8 (Prop_CARRY8_CI_CO[7])
                                                      0.022     4.050 r  u_core/u_id_ex/pc_current_reg[16]_i_3/CO[7]
                         net (fo=1, unplaced)         0.005     4.055    u_core/u_ex_mem/pc_current[17]_i_2[0]
                         CARRY8 (Prop_CARRY8_CI_O[2])
                                                      0.067     4.122 r  u_core/u_ex_mem/pc_current_reg[24]_i_3/O[2]
                         net (fo=1, unplaced)         0.186     4.308    u_core/u_ex_mem/u_trap/trap_target0[19]
                         LUT5 (Prop_LUT5_I0_O)        0.038     4.346 r  u_core/u_ex_mem/pc_current[19]_i_2/O
                         net (fo=1, unplaced)         0.186     4.532    u_core/u_ex_mem/pc_redirect_target[19]
                         LUT3 (Prop_LUT3_I0_O)        0.038     4.570 r  u_core/u_ex_mem/pc_current[19]_i_1/O
                         net (fo=1, unplaced)         0.048     4.618    u_core/u_if/u_pc/pc_current_reg[31]_0[19]
                         FDCE                                         r  u_core/u_if/u_pc/pc_current_reg[19]/D
  -------------------------------------------------------------------    -------------------

                         (clock aclk rise edge)      10.000    10.000 r  
                                                      0.000    10.000 r  aclk (IN)
                         net (fo=1629, unset)         0.021    10.021    u_core/u_if/u_pc/aclk
                         FDCE                                         r  u_core/u_if/u_pc/pc_current_reg[19]/C
                         clock pessimism              0.000    10.021    
                         clock uncertainty           -0.035     9.986    
                         FDCE (Setup_FDCE_C_D)        0.025    10.011    u_core/u_if/u_pc/pc_current_reg[19]
  -------------------------------------------------------------------
                         required time                         10.011    
                         arrival time                          -4.618    
  -------------------------------------------------------------------
                         slack                                  5.393    

Slack (MET) :             5.399ns  (required time - arrival time)
  Source:                 u_core/u_mem_wb/wb_rd_reg[0]/C
                            (rising edge-triggered cell FDCE clocked by aclk  {rise@0.000ns fall@5.000ns period=10.000ns})
  Destination:            u_core/u_if/u_pc/pc_current_reg[9]/D
                            (rising edge-triggered cell FDCE clocked by aclk  {rise@0.000ns fall@5.000ns period=10.000ns})
  Path Group:             aclk
  Path Type:              Setup (Max at Slow Process Corner)
  Requirement:            10.000ns  (aclk rise@10.000ns - aclk rise@0.000ns)
  Data Path Delay:        4.582ns  (logic 1.181ns (25.775%)  route 3.401ns (74.225%))
  Logic Levels:           20  (CARRY8=4 LUT2=1 LUT3=3 LUT4=2 LUT5=3 LUT6=7)
  Clock Path Skew:        -0.009ns (DCD - SCD + CPR)
    Destination Clock Delay (DCD):    0.021ns = ( 10.021 - 10.000 ) 
    Source Clock Delay      (SCD):    0.030ns
    Clock Pessimism Removal (CPR):    0.000ns
  Clock Uncertainty:      0.035ns  ((TSJ^2 + TIJ^2)^1/2 + DJ) / 2 + PE
    Total System Jitter     (TSJ):    0.071ns
    Total Input Jitter      (TIJ):    0.000ns
    Discrete Jitter          (DJ):    0.000ns
    Phase Error              (PE):    0.000ns

    Location             Delay type                Incr(ns)  Path(ns)    Netlist Resource(s)
  -------------------------------------------------------------------    -------------------
                         (clock aclk rise edge)       0.000     0.000 r  
                                                      0.000     0.000 r  aclk (IN)
                         net (fo=1629, unset)         0.030     0.030    u_core/u_mem_wb/aclk
                         FDCE                                         r  u_core/u_mem_wb/wb_rd_reg[0]/C
  -------------------------------------------------------------------    -------------------
                         FDCE (Prop_FDCE_C_Q)         0.077     0.107 r  u_core/u_mem_wb/wb_rd_reg[0]/Q
                         net (fo=88, unplaced)        0.220     0.327    u_core/u_mem_wb/Q[0]
                         LUT2 (Prop_LUT2_I1_O)        0.070     0.397 r  u_core/u_mem_wb/i__carry_i_80/O
                         net (fo=1, unplaced)         0.186     0.583    u_core/u_mem_wb/i__carry_i_80_n_0
                         LUT6 (Prop_LUT6_I2_O)        0.038     0.621 r  u_core/u_mem_wb/i__carry_i_69/O
                         net (fo=1, unplaced)         0.186     0.807    u_core/u_mem_wb/u_forward/p_5_in
                         LUT6 (Prop_LUT6_I4_O)        0.038     0.845 r  u_core/u_mem_wb/i__carry_i_49/O
                         net (fo=32, unplaced)        0.197     1.042    u_core/u_mem_wb/i__carry_i_49_n_0
                         LUT5 (Prop_LUT5_I0_O)        0.053     1.095 r  u_core/u_mem_wb/i__carry_i_48/O
                         net (fo=10, unplaced)        0.219     1.314    u_core/u_ex_mem/ex_store_data[1]
                         LUT4 (Prop_LUT4_I2_O)        0.070     1.384 f  u_core/u_ex_mem/i__carry_i_8/O
                         net (fo=1, unplaced)         0.260     1.644    u_core/u_ex/u_branch/branch_taken0_inferred__2/i__carry__0_0[0]
                         CARRY8 (Prop_CARRY8_DI[0]_CO[7])
                                                      0.140     1.784 f  u_core/u_ex/u_branch/branch_taken0_inferred__2/i__carry/CO[7]
                         net (fo=1, unplaced)         0.005     1.789    u_core/u_ex/u_branch/branch_taken0_inferred__2/i__carry_n_0
                         CARRY8 (Prop_CARRY8_CI_CO[7])
                                                      0.022     1.811 f  u_core/u_ex/u_branch/branch_taken0_inferred__2/i__carry__0/CO[7]
                         net (fo=1, unplaced)         0.020     1.831    u_core/u_id_ex/i__i_1_1[0]
                         LUT5 (Prop_LUT5_I4_O)        0.038     1.869 f  u_core/u_id_ex/i__i_3/O
                         net (fo=3, unplaced)         0.192     2.061    u_core/u_id_ex/i__i_3_n_0
                         LUT3 (Prop_LUT3_I2_O)        0.038     2.099 f  u_core/u_id_ex/mem_fault_i_9/O
                         net (fo=2, unplaced)         0.186     2.285    u_core/u_id_ex/u_ex/pc_redirect_valid25_in
                         LUT6 (Prop_LUT6_I0_O)        0.038     2.323 f  u_core/u_id_ex/mem_fault_i_3/O
                         net (fo=1, unplaced)         0.186     2.509    u_core/u_id_ex/mem_fault_i_3_n_0
                         LUT6 (Prop_LUT6_I0_O)        0.038     2.547 f  u_core/u_id_ex/mem_fault_i_2/O
                         net (fo=8, unplaced)         0.214     2.761    u_core/u_if_id/ex_fault_out
                         LUT6 (Prop_LUT6_I5_O)        0.038     2.799 r  u_core/u_if_id/id_fault_i_2/O
                         net (fo=40, unplaced)        0.251     3.050    u_core/u_if/u_pc/external_irq_inject
                         LUT4 (Prop_LUT4_I2_O)        0.038     3.088 r  u_core/u_if/u_pc/debug_pc[31]_INST_0_i_11/O
                         net (fo=36, unplaced)        0.248     3.336    u_core/u_if_id/trap_valid0
                         LUT3 (Prop_LUT3_I1_O)        0.038     3.374 r  u_core/u_if_id/pc_current[31]_i_23/O
                         net (fo=3, unplaced)         0.192     3.566    u_core/u_if_id/id_valid_reg_4
                         LUT6 (Prop_LUT6_I5_O)        0.038     3.604 r  u_core/u_if_id/pc_current[8]_i_21/O
                         net (fo=1, unplaced)         0.186     3.790    u_core/u_mem_wb/pc_current_reg[8]_i_3_0
                         LUT6 (Prop_LUT6_I5_O)        0.037     3.827 r  u_core/u_mem_wb/pc_current[8]_i_13/O
                         net (fo=1, unplaced)         0.028     3.855    u_core/u_id_ex/S[1]
                         CARRY8 (Prop_CARRY8_S[2]_CO[7])
                                                      0.168     4.023 r  u_core/u_id_ex/pc_current_reg[8]_i_3/CO[7]
                         net (fo=1, unplaced)         0.005     4.028    u_core/u_id_ex/pc_current_reg[8]_i_3_n_0
                         CARRY8 (Prop_CARRY8_CI_O[0])
                                                      0.056     4.084 r  u_core/u_id_ex/pc_current_reg[16]_i_3/O[0]
                         net (fo=1, unplaced)         0.186     4.270    u_core/u_id_ex/u_trap/trap_target0[9]
                         LUT5 (Prop_LUT5_I0_O)        0.038     4.308 r  u_core/u_id_ex/pc_current[9]_i_2/O
                         net (fo=1, unplaced)         0.186     4.494    u_core/u_id_ex/pc_redirect_target[9]
                         LUT3 (Prop_LUT3_I0_O)        0.070     4.564 r  u_core/u_id_ex/pc_current[9]_i_1/O
                         net (fo=1, unplaced)         0.048     4.612    u_core/u_if/u_pc/pc_current_reg[31]_0[9]
                         FDCE                                         r  u_core/u_if/u_pc/pc_current_reg[9]/D
  -------------------------------------------------------------------    -------------------

                         (clock aclk rise edge)      10.000    10.000 r  
                                                      0.000    10.000 r  aclk (IN)
                         net (fo=1629, unset)         0.021    10.021    u_core/u_if/u_pc/aclk
                         FDCE                                         r  u_core/u_if/u_pc/pc_current_reg[9]/C
                         clock pessimism              0.000    10.021    
                         clock uncertainty           -0.035     9.986    
                         FDCE (Setup_FDCE_C_D)        0.025    10.011    u_core/u_if/u_pc/pc_current_reg[9]
  -------------------------------------------------------------------
                         required time                         10.011    
                         arrival time                          -4.612    
  -------------------------------------------------------------------
                         slack                                  5.399    

Slack (MET) :             5.400ns  (required time - arrival time)
  Source:                 u_core/u_mem_wb/wb_rd_reg[0]/C
                            (rising edge-triggered cell FDCE clocked by aclk  {rise@0.000ns fall@5.000ns period=10.000ns})
  Destination:            u_core/u_if/u_pc/pc_current_reg[15]/D
                            (rising edge-triggered cell FDCE clocked by aclk  {rise@0.000ns fall@5.000ns period=10.000ns})
  Path Group:             aclk
  Path Type:              Setup (Max at Slow Process Corner)
  Requirement:            10.000ns  (aclk rise@10.000ns - aclk rise@0.000ns)
  Data Path Delay:        4.581ns  (logic 1.228ns (26.806%)  route 3.353ns (73.194%))
  Logic Levels:           20  (CARRY8=4 LUT2=1 LUT3=3 LUT4=2 LUT5=3 LUT6=7)
  Clock Path Skew:        -0.009ns (DCD - SCD + CPR)
    Destination Clock Delay (DCD):    0.021ns = ( 10.021 - 10.000 ) 
    Source Clock Delay      (SCD):    0.030ns
    Clock Pessimism Removal (CPR):    0.000ns
  Clock Uncertainty:      0.035ns  ((TSJ^2 + TIJ^2)^1/2 + DJ) / 2 + PE
    Total System Jitter     (TSJ):    0.071ns
    Total Input Jitter      (TIJ):    0.000ns
    Discrete Jitter          (DJ):    0.000ns
    Phase Error              (PE):    0.000ns

    Location             Delay type                Incr(ns)  Path(ns)    Netlist Resource(s)
  -------------------------------------------------------------------    -------------------
                         (clock aclk rise edge)       0.000     0.000 r  
                                                      0.000     0.000 r  aclk (IN)
                         net (fo=1629, unset)         0.030     0.030    u_core/u_mem_wb/aclk
                         FDCE                                         r  u_core/u_mem_wb/wb_rd_reg[0]/C
  -------------------------------------------------------------------    -------------------
                         FDCE (Prop_FDCE_C_Q)         0.077     0.107 r  u_core/u_mem_wb/wb_rd_reg[0]/Q
                         net (fo=88, unplaced)        0.220     0.327    u_core/u_mem_wb/Q[0]
                         LUT2 (Prop_LUT2_I1_O)        0.070     0.397 r  u_core/u_mem_wb/i__carry_i_80/O
                         net (fo=1, unplaced)         0.186     0.583    u_core/u_mem_wb/i__carry_i_80_n_0
                         LUT6 (Prop_LUT6_I2_O)        0.038     0.621 r  u_core/u_mem_wb/i__carry_i_69/O
                         net (fo=1, unplaced)         0.186     0.807    u_core/u_mem_wb/u_forward/p_5_in
                         LUT6 (Prop_LUT6_I4_O)        0.038     0.845 r  u_core/u_mem_wb/i__carry_i_49/O
                         net (fo=32, unplaced)        0.197     1.042    u_core/u_mem_wb/i__carry_i_49_n_0
                         LUT5 (Prop_LUT5_I0_O)        0.053     1.095 r  u_core/u_mem_wb/i__carry_i_48/O
                         net (fo=10, unplaced)        0.219     1.314    u_core/u_ex_mem/ex_store_data[1]
                         LUT4 (Prop_LUT4_I2_O)        0.070     1.384 f  u_core/u_ex_mem/i__carry_i_8/O
                         net (fo=1, unplaced)         0.260     1.644    u_core/u_ex/u_branch/branch_taken0_inferred__2/i__carry__0_0[0]
                         CARRY8 (Prop_CARRY8_DI[0]_CO[7])
                                                      0.140     1.784 f  u_core/u_ex/u_branch/branch_taken0_inferred__2/i__carry/CO[7]
                         net (fo=1, unplaced)         0.005     1.789    u_core/u_ex/u_branch/branch_taken0_inferred__2/i__carry_n_0
                         CARRY8 (Prop_CARRY8_CI_CO[7])
                                                      0.022     1.811 f  u_core/u_ex/u_branch/branch_taken0_inferred__2/i__carry__0/CO[7]
                         net (fo=1, unplaced)         0.020     1.831    u_core/u_id_ex/i__i_1_1[0]
                         LUT5 (Prop_LUT5_I4_O)        0.038     1.869 f  u_core/u_id_ex/i__i_3/O
                         net (fo=3, unplaced)         0.192     2.061    u_core/u_id_ex/i__i_3_n_0
                         LUT3 (Prop_LUT3_I2_O)        0.038     2.099 f  u_core/u_id_ex/mem_fault_i_9/O
                         net (fo=2, unplaced)         0.186     2.285    u_core/u_id_ex/u_ex/pc_redirect_valid25_in
                         LUT6 (Prop_LUT6_I0_O)        0.038     2.323 f  u_core/u_id_ex/mem_fault_i_3/O
                         net (fo=1, unplaced)         0.186     2.509    u_core/u_id_ex/mem_fault_i_3_n_0
                         LUT6 (Prop_LUT6_I0_O)        0.038     2.547 f  u_core/u_id_ex/mem_fault_i_2/O
                         net (fo=8, unplaced)         0.214     2.761    u_core/u_if_id/ex_fault_out
                         LUT6 (Prop_LUT6_I5_O)        0.038     2.799 r  u_core/u_if_id/id_fault_i_2/O
                         net (fo=40, unplaced)        0.251     3.050    u_core/u_if/u_pc/external_irq_inject
                         LUT4 (Prop_LUT4_I2_O)        0.038     3.088 r  u_core/u_if/u_pc/debug_pc[31]_INST_0_i_11/O
                         net (fo=36, unplaced)        0.248     3.336    u_core/u_if_id/trap_valid0
                         LUT3 (Prop_LUT3_I1_O)        0.038     3.374 r  u_core/u_if_id/pc_current[31]_i_23/O
                         net (fo=3, unplaced)         0.192     3.566    u_core/u_if_id/id_valid_reg_4
                         LUT6 (Prop_LUT6_I5_O)        0.038     3.604 r  u_core/u_if_id/pc_current[8]_i_21/O
                         net (fo=1, unplaced)         0.186     3.790    u_core/u_mem_wb/pc_current_reg[8]_i_3_0
                         LUT6 (Prop_LUT6_I5_O)        0.037     3.827 r  u_core/u_mem_wb/pc_current[8]_i_13/O
                         net (fo=1, unplaced)         0.028     3.855    u_core/u_id_ex/S[1]
                         CARRY8 (Prop_CARRY8_S[2]_CO[7])
                                                      0.168     4.023 r  u_core/u_id_ex/pc_current_reg[8]_i_3/CO[7]
                         net (fo=1, unplaced)         0.005     4.028    u_core/u_id_ex/pc_current_reg[8]_i_3_n_0
                         CARRY8 (Prop_CARRY8_CI_O[6])
                                                      0.103     4.131 r  u_core/u_id_ex/pc_current_reg[16]_i_3/O[6]
                         net (fo=1, unplaced)         0.138     4.269    u_core/u_id_ex/u_trap/trap_target0[15]
                         LUT5 (Prop_LUT5_I0_O)        0.038     4.307 r  u_core/u_id_ex/pc_current[15]_i_2/O
                         net (fo=1, unplaced)         0.186     4.493    u_core/u_id_ex/pc_redirect_target[15]
                         LUT3 (Prop_LUT3_I0_O)        0.070     4.563 r  u_core/u_id_ex/pc_current[15]_i_1/O
                         net (fo=1, unplaced)         0.048     4.611    u_core/u_if/u_pc/pc_current_reg[31]_0[15]
                         FDCE                                         r  u_core/u_if/u_pc/pc_current_reg[15]/D
  -------------------------------------------------------------------    -------------------

                         (clock aclk rise edge)      10.000    10.000 r  
                                                      0.000    10.000 r  aclk (IN)
                         net (fo=1629, unset)         0.021    10.021    u_core/u_if/u_pc/aclk
                         FDCE                                         r  u_core/u_if/u_pc/pc_current_reg[15]/C
                         clock pessimism              0.000    10.021    
                         clock uncertainty           -0.035     9.986    
                         FDCE (Setup_FDCE_C_D)        0.025    10.011    u_core/u_if/u_pc/pc_current_reg[15]
  -------------------------------------------------------------------
                         required time                         10.011    
                         arrival time                          -4.611    
  -------------------------------------------------------------------
                         slack                                  5.400    

Slack (MET) :             5.403ns  (required time - arrival time)
  Source:                 u_core/u_mem_wb/wb_rd_reg[0]/C
                            (rising edge-triggered cell FDCE clocked by aclk  {rise@0.000ns fall@5.000ns period=10.000ns})
  Destination:            u_core/u_if/u_pc/pc_current_reg[22]/D
                            (rising edge-triggered cell FDCE clocked by aclk  {rise@0.000ns fall@5.000ns period=10.000ns})
  Path Group:             aclk
  Path Type:              Setup (Max at Slow Process Corner)
  Requirement:            10.000ns  (aclk rise@10.000ns - aclk rise@0.000ns)
  Data Path Delay:        4.578ns  (logic 1.263ns (27.588%)  route 3.315ns (72.412%))
  Logic Levels:           21  (CARRY8=5 LUT2=1 LUT3=3 LUT4=2 LUT5=3 LUT6=7)
  Clock Path Skew:        -0.009ns (DCD - SCD + CPR)
    Destination Clock Delay (DCD):    0.021ns = ( 10.021 - 10.000 ) 
    Source Clock Delay      (SCD):    0.030ns
    Clock Pessimism Removal (CPR):    0.000ns
  Clock Uncertainty:      0.035ns  ((TSJ^2 + TIJ^2)^1/2 + DJ) / 2 + PE
    Total System Jitter     (TSJ):    0.071ns
    Total Input Jitter      (TIJ):    0.000ns
    Discrete Jitter          (DJ):    0.000ns
    Phase Error              (PE):    0.000ns

    Location             Delay type                Incr(ns)  Path(ns)    Netlist Resource(s)
  -------------------------------------------------------------------    -------------------
                         (clock aclk rise edge)       0.000     0.000 r  
                                                      0.000     0.000 r  aclk (IN)
                         net (fo=1629, unset)         0.030     0.030    u_core/u_mem_wb/aclk
                         FDCE                                         r  u_core/u_mem_wb/wb_rd_reg[0]/C
  -------------------------------------------------------------------    -------------------
                         FDCE (Prop_FDCE_C_Q)         0.077     0.107 r  u_core/u_mem_wb/wb_rd_reg[0]/Q
                         net (fo=88, unplaced)        0.220     0.327    u_core/u_mem_wb/Q[0]
                         LUT2 (Prop_LUT2_I1_O)        0.070     0.397 r  u_core/u_mem_wb/i__carry_i_80/O
                         net (fo=1, unplaced)         0.186     0.583    u_core/u_mem_wb/i__carry_i_80_n_0
                         LUT6 (Prop_LUT6_I2_O)        0.038     0.621 r  u_core/u_mem_wb/i__carry_i_69/O
                         net (fo=1, unplaced)         0.186     0.807    u_core/u_mem_wb/u_forward/p_5_in
                         LUT6 (Prop_LUT6_I4_O)        0.038     0.845 r  u_core/u_mem_wb/i__carry_i_49/O
                         net (fo=32, unplaced)        0.197     1.042    u_core/u_mem_wb/i__carry_i_49_n_0
                         LUT5 (Prop_LUT5_I0_O)        0.053     1.095 r  u_core/u_mem_wb/i__carry_i_48/O
                         net (fo=10, unplaced)        0.219     1.314    u_core/u_ex_mem/ex_store_data[1]
                         LUT4 (Prop_LUT4_I2_O)        0.070     1.384 f  u_core/u_ex_mem/i__carry_i_8/O
                         net (fo=1, unplaced)         0.260     1.644    u_core/u_ex/u_branch/branch_taken0_inferred__2/i__carry__0_0[0]
                         CARRY8 (Prop_CARRY8_DI[0]_CO[7])
                                                      0.140     1.784 f  u_core/u_ex/u_branch/branch_taken0_inferred__2/i__carry/CO[7]
                         net (fo=1, unplaced)         0.005     1.789    u_core/u_ex/u_branch/branch_taken0_inferred__2/i__carry_n_0
                         CARRY8 (Prop_CARRY8_CI_CO[7])
                                                      0.022     1.811 f  u_core/u_ex/u_branch/branch_taken0_inferred__2/i__carry__0/CO[7]
                         net (fo=1, unplaced)         0.020     1.831    u_core/u_id_ex/i__i_1_1[0]
                         LUT5 (Prop_LUT5_I4_O)        0.038     1.869 f  u_core/u_id_ex/i__i_3/O
                         net (fo=3, unplaced)         0.192     2.061    u_core/u_id_ex/i__i_3_n_0
                         LUT3 (Prop_LUT3_I2_O)        0.038     2.099 f  u_core/u_id_ex/mem_fault_i_9/O
                         net (fo=2, unplaced)         0.186     2.285    u_core/u_id_ex/u_ex/pc_redirect_valid25_in
                         LUT6 (Prop_LUT6_I0_O)        0.038     2.323 f  u_core/u_id_ex/mem_fault_i_3/O
                         net (fo=1, unplaced)         0.186     2.509    u_core/u_id_ex/mem_fault_i_3_n_0
                         LUT6 (Prop_LUT6_I0_O)        0.038     2.547 f  u_core/u_id_ex/mem_fault_i_2/O
                         net (fo=8, unplaced)         0.214     2.761    u_core/u_if_id/ex_fault_out
                         LUT6 (Prop_LUT6_I5_O)        0.038     2.799 r  u_core/u_if_id/id_fault_i_2/O
                         net (fo=40, unplaced)        0.251     3.050    u_core/u_if/u_pc/external_irq_inject
                         LUT4 (Prop_LUT4_I2_O)        0.038     3.088 r  u_core/u_if/u_pc/debug_pc[31]_INST_0_i_11/O
                         net (fo=36, unplaced)        0.248     3.336    u_core/u_if_id/trap_valid0
                         LUT3 (Prop_LUT3_I1_O)        0.038     3.374 r  u_core/u_if_id/pc_current[31]_i_23/O
                         net (fo=3, unplaced)         0.192     3.566    u_core/u_if_id/id_valid_reg_4
                         LUT6 (Prop_LUT6_I5_O)        0.038     3.604 r  u_core/u_if_id/pc_current[8]_i_21/O
                         net (fo=1, unplaced)         0.186     3.790    u_core/u_mem_wb/pc_current_reg[8]_i_3_0
                         LUT6 (Prop_LUT6_I5_O)        0.037     3.827 r  u_core/u_mem_wb/pc_current[8]_i_13/O
                         net (fo=1, unplaced)         0.028     3.855    u_core/u_id_ex/S[1]
                         CARRY8 (Prop_CARRY8_S[2]_CO[7])
                                                      0.168     4.023 r  u_core/u_id_ex/pc_current_reg[8]_i_3/CO[7]
                         net (fo=1, unplaced)         0.005     4.028    u_core/u_id_ex/pc_current_reg[8]_i_3_n_0
                         CARRY8 (Prop_CARRY8_CI_CO[7])
                                                      0.022     4.050 r  u_core/u_id_ex/pc_current_reg[16]_i_3/CO[7]
                         net (fo=1, unplaced)         0.005     4.055    u_core/u_ex_mem/pc_current[17]_i_2[0]
                         CARRY8 (Prop_CARRY8_CI_O[5])
                                                      0.116     4.171 r  u_core/u_ex_mem/pc_current_reg[24]_i_3/O[5]
                         net (fo=1, unplaced)         0.095     4.266    u_core/u_ex_mem/u_trap/trap_target0[22]
                         LUT5 (Prop_LUT5_I0_O)        0.038     4.304 r  u_core/u_ex_mem/pc_current[22]_i_2/O
                         net (fo=1, unplaced)         0.186     4.490    u_core/u_ex_mem/pc_redirect_target[22]
                         LUT3 (Prop_LUT3_I0_O)        0.070     4.560 r  u_core/u_ex_mem/pc_current[22]_i_1/O
                         net (fo=1, unplaced)         0.048     4.608    u_core/u_if/u_pc/pc_current_reg[31]_0[22]
                         FDCE                                         r  u_core/u_if/u_pc/pc_current_reg[22]/D
  -------------------------------------------------------------------    -------------------

                         (clock aclk rise edge)      10.000    10.000 r  
                                                      0.000    10.000 r  aclk (IN)
                         net (fo=1629, unset)         0.021    10.021    u_core/u_if/u_pc/aclk
                         FDCE                                         r  u_core/u_if/u_pc/pc_current_reg[22]/C
                         clock pessimism              0.000    10.021    
                         clock uncertainty           -0.035     9.986    
                         FDCE (Setup_FDCE_C_D)        0.025    10.011    u_core/u_if/u_pc/pc_current_reg[22]
  -------------------------------------------------------------------
                         required time                         10.011    
                         arrival time                          -4.608    
  -------------------------------------------------------------------
                         slack                                  5.403    

Slack (MET) :             5.405ns  (required time - arrival time)
  Source:                 u_core/u_mem_wb/wb_rd_reg[0]/C
                            (rising edge-triggered cell FDCE clocked by aclk  {rise@0.000ns fall@5.000ns period=10.000ns})
  Destination:            u_core/u_if/u_pc/pc_current_reg[23]/D
                            (rising edge-triggered cell FDCE clocked by aclk  {rise@0.000ns fall@5.000ns period=10.000ns})
  Path Group:             aclk
  Path Type:              Setup (Max at Slow Process Corner)
  Requirement:            10.000ns  (aclk rise@10.000ns - aclk rise@0.000ns)
  Data Path Delay:        4.576ns  (logic 1.218ns (26.617%)  route 3.358ns (73.383%))
  Logic Levels:           21  (CARRY8=5 LUT2=1 LUT3=3 LUT4=2 LUT5=3 LUT6=7)
  Clock Path Skew:        -0.009ns (DCD - SCD + CPR)
    Destination Clock Delay (DCD):    0.021ns = ( 10.021 - 10.000 ) 
    Source Clock Delay      (SCD):    0.030ns
    Clock Pessimism Removal (CPR):    0.000ns
  Clock Uncertainty:      0.035ns  ((TSJ^2 + TIJ^2)^1/2 + DJ) / 2 + PE
    Total System Jitter     (TSJ):    0.071ns
    Total Input Jitter      (TIJ):    0.000ns
    Discrete Jitter          (DJ):    0.000ns
    Phase Error              (PE):    0.000ns

    Location             Delay type                Incr(ns)  Path(ns)    Netlist Resource(s)
  -------------------------------------------------------------------    -------------------
                         (clock aclk rise edge)       0.000     0.000 r  
                                                      0.000     0.000 r  aclk (IN)
                         net (fo=1629, unset)         0.030     0.030    u_core/u_mem_wb/aclk
                         FDCE                                         r  u_core/u_mem_wb/wb_rd_reg[0]/C
  -------------------------------------------------------------------    -------------------
                         FDCE (Prop_FDCE_C_Q)         0.077     0.107 r  u_core/u_mem_wb/wb_rd_reg[0]/Q
                         net (fo=88, unplaced)        0.220     0.327    u_core/u_mem_wb/Q[0]
                         LUT2 (Prop_LUT2_I1_O)        0.070     0.397 r  u_core/u_mem_wb/i__carry_i_80/O
                         net (fo=1, unplaced)         0.186     0.583    u_core/u_mem_wb/i__carry_i_80_n_0
                         LUT6 (Prop_LUT6_I2_O)        0.038     0.621 r  u_core/u_mem_wb/i__carry_i_69/O
                         net (fo=1, unplaced)         0.186     0.807    u_core/u_mem_wb/u_forward/p_5_in
                         LUT6 (Prop_LUT6_I4_O)        0.038     0.845 r  u_core/u_mem_wb/i__carry_i_49/O
                         net (fo=32, unplaced)        0.197     1.042    u_core/u_mem_wb/i__carry_i_49_n_0
                         LUT5 (Prop_LUT5_I0_O)        0.053     1.095 r  u_core/u_mem_wb/i__carry_i_48/O
                         net (fo=10, unplaced)        0.219     1.314    u_core/u_ex_mem/ex_store_data[1]
                         LUT4 (Prop_LUT4_I2_O)        0.070     1.384 f  u_core/u_ex_mem/i__carry_i_8/O
                         net (fo=1, unplaced)         0.260     1.644    u_core/u_ex/u_branch/branch_taken0_inferred__2/i__carry__0_0[0]
                         CARRY8 (Prop_CARRY8_DI[0]_CO[7])
                                                      0.140     1.784 f  u_core/u_ex/u_branch/branch_taken0_inferred__2/i__carry/CO[7]
                         net (fo=1, unplaced)         0.005     1.789    u_core/u_ex/u_branch/branch_taken0_inferred__2/i__carry_n_0
                         CARRY8 (Prop_CARRY8_CI_CO[7])
                                                      0.022     1.811 f  u_core/u_ex/u_branch/branch_taken0_inferred__2/i__carry__0/CO[7]
                         net (fo=1, unplaced)         0.020     1.831    u_core/u_id_ex/i__i_1_1[0]
                         LUT5 (Prop_LUT5_I4_O)        0.038     1.869 f  u_core/u_id_ex/i__i_3/O
                         net (fo=3, unplaced)         0.192     2.061    u_core/u_id_ex/i__i_3_n_0
                         LUT3 (Prop_LUT3_I2_O)        0.038     2.099 f  u_core/u_id_ex/mem_fault_i_9/O
                         net (fo=2, unplaced)         0.186     2.285    u_core/u_id_ex/u_ex/pc_redirect_valid25_in
                         LUT6 (Prop_LUT6_I0_O)        0.038     2.323 f  u_core/u_id_ex/mem_fault_i_3/O
                         net (fo=1, unplaced)         0.186     2.509    u_core/u_id_ex/mem_fault_i_3_n_0
                         LUT6 (Prop_LUT6_I0_O)        0.038     2.547 f  u_core/u_id_ex/mem_fault_i_2/O
                         net (fo=8, unplaced)         0.214     2.761    u_core/u_if_id/ex_fault_out
                         LUT6 (Prop_LUT6_I5_O)        0.038     2.799 r  u_core/u_if_id/id_fault_i_2/O
                         net (fo=40, unplaced)        0.251     3.050    u_core/u_if/u_pc/external_irq_inject
                         LUT4 (Prop_LUT4_I2_O)        0.038     3.088 r  u_core/u_if/u_pc/debug_pc[31]_INST_0_i_11/O
                         net (fo=36, unplaced)        0.248     3.336    u_core/u_if_id/trap_valid0
                         LUT3 (Prop_LUT3_I1_O)        0.038     3.374 r  u_core/u_if_id/pc_current[31]_i_23/O
                         net (fo=3, unplaced)         0.192     3.566    u_core/u_if_id/id_valid_reg_4
                         LUT6 (Prop_LUT6_I5_O)        0.038     3.604 r  u_core/u_if_id/pc_current[8]_i_21/O
                         net (fo=1, unplaced)         0.186     3.790    u_core/u_mem_wb/pc_current_reg[8]_i_3_0
                         LUT6 (Prop_LUT6_I5_O)        0.037     3.827 r  u_core/u_mem_wb/pc_current[8]_i_13/O
                         net (fo=1, unplaced)         0.028     3.855    u_core/u_id_ex/S[1]
                         CARRY8 (Prop_CARRY8_S[2]_CO[7])
                                                      0.168     4.023 r  u_core/u_id_ex/pc_current_reg[8]_i_3/CO[7]
                         net (fo=1, unplaced)         0.005     4.028    u_core/u_id_ex/pc_current_reg[8]_i_3_n_0
                         CARRY8 (Prop_CARRY8_CI_CO[7])
                                                      0.022     4.050 r  u_core/u_id_ex/pc_current_reg[16]_i_3/CO[7]
                         net (fo=1, unplaced)         0.005     4.055    u_core/u_ex_mem/pc_current[17]_i_2[0]
                         CARRY8 (Prop_CARRY8_CI_O[6])
                                                      0.103     4.158 r  u_core/u_ex_mem/pc_current_reg[24]_i_3/O[6]
                         net (fo=1, unplaced)         0.138     4.296    u_core/u_ex_mem/u_trap/trap_target0[23]
                         LUT5 (Prop_LUT5_I0_O)        0.038     4.334 r  u_core/u_ex_mem/pc_current[23]_i_2/O
                         net (fo=1, unplaced)         0.186     4.520    u_core/u_ex_mem/pc_redirect_target[23]
                         LUT3 (Prop_LUT3_I0_O)        0.038     4.558 r  u_core/u_ex_mem/pc_current[23]_i_1/O
                         net (fo=1, unplaced)         0.048     4.606    u_core/u_if/u_pc/pc_current_reg[31]_0[23]
                         FDCE                                         r  u_core/u_if/u_pc/pc_current_reg[23]/D
  -------------------------------------------------------------------    -------------------

                         (clock aclk rise edge)      10.000    10.000 r  
                                                      0.000    10.000 r  aclk (IN)
                         net (fo=1629, unset)         0.021    10.021    u_core/u_if/u_pc/aclk
                         FDCE                                         r  u_core/u_if/u_pc/pc_current_reg[23]/C
                         clock pessimism              0.000    10.021    
                         clock uncertainty           -0.035     9.986    
                         FDCE (Setup_FDCE_C_D)        0.025    10.011    u_core/u_if/u_pc/pc_current_reg[23]
  -------------------------------------------------------------------
                         required time                         10.011    
                         arrival time                          -4.606    
  -------------------------------------------------------------------
                         slack                                  5.405    

Slack (MET) :             5.408ns  (required time - arrival time)
  Source:                 u_core/u_mem_wb/wb_rd_reg[0]/C
                            (rising edge-triggered cell FDCE clocked by aclk  {rise@0.000ns fall@5.000ns period=10.000ns})
  Destination:            u_core/u_if_id/id_fault_cause_reg[0]/CE
                            (rising edge-triggered cell FDCE clocked by aclk  {rise@0.000ns fall@5.000ns period=10.000ns})
  Path Group:             aclk
  Path Type:              Setup (Max at Slow Process Corner)
  Requirement:            10.000ns  (aclk rise@10.000ns - aclk rise@0.000ns)
  Data Path Delay:        4.487ns  (logic 0.940ns (20.949%)  route 3.547ns (79.051%))
  Logic Levels:           17  (CARRY8=2 LUT2=1 LUT3=1 LUT4=2 LUT5=2 LUT6=9)
  Clock Path Skew:        -0.009ns (DCD - SCD + CPR)
    Destination Clock Delay (DCD):    0.021ns = ( 10.021 - 10.000 ) 
    Source Clock Delay      (SCD):    0.030ns
    Clock Pessimism Removal (CPR):    0.000ns
  Clock Uncertainty:      0.035ns  ((TSJ^2 + TIJ^2)^1/2 + DJ) / 2 + PE
    Total System Jitter     (TSJ):    0.071ns
    Total Input Jitter      (TIJ):    0.000ns
    Discrete Jitter          (DJ):    0.000ns
    Phase Error              (PE):    0.000ns

    Location             Delay type                Incr(ns)  Path(ns)    Netlist Resource(s)
  -------------------------------------------------------------------    -------------------
                         (clock aclk rise edge)       0.000     0.000 r  
                                                      0.000     0.000 r  aclk (IN)
                         net (fo=1629, unset)         0.030     0.030    u_core/u_mem_wb/aclk
                         FDCE                                         r  u_core/u_mem_wb/wb_rd_reg[0]/C
  -------------------------------------------------------------------    -------------------
                         FDCE (Prop_FDCE_C_Q)         0.077     0.107 r  u_core/u_mem_wb/wb_rd_reg[0]/Q
                         net (fo=88, unplaced)        0.220     0.327    u_core/u_mem_wb/Q[0]
                         LUT2 (Prop_LUT2_I1_O)        0.070     0.397 r  u_core/u_mem_wb/i__carry_i_80/O
                         net (fo=1, unplaced)         0.186     0.583    u_core/u_mem_wb/i__carry_i_80_n_0
                         LUT6 (Prop_LUT6_I2_O)        0.038     0.621 r  u_core/u_mem_wb/i__carry_i_69/O
                         net (fo=1, unplaced)         0.186     0.807    u_core/u_mem_wb/u_forward/p_5_in
                         LUT6 (Prop_LUT6_I4_O)        0.038     0.845 r  u_core/u_mem_wb/i__carry_i_49/O
                         net (fo=32, unplaced)        0.197     1.042    u_core/u_mem_wb/i__carry_i_49_n_0
                         LUT5 (Prop_LUT5_I0_O)        0.053     1.095 r  u_core/u_mem_wb/i__carry_i_48/O
                         net (fo=10, unplaced)        0.219     1.314    u_core/u_ex_mem/ex_store_data[1]
                         LUT4 (Prop_LUT4_I2_O)        0.070     1.384 f  u_core/u_ex_mem/i__carry_i_8/O
                         net (fo=1, unplaced)         0.260     1.644    u_core/u_ex/u_branch/branch_taken0_inferred__2/i__carry__0_0[0]
                         CARRY8 (Prop_CARRY8_DI[0]_CO[7])
                                                      0.140     1.784 f  u_core/u_ex/u_branch/branch_taken0_inferred__2/i__carry/CO[7]
                         net (fo=1, unplaced)         0.005     1.789    u_core/u_ex/u_branch/branch_taken0_inferred__2/i__carry_n_0
                         CARRY8 (Prop_CARRY8_CI_CO[7])
                                                      0.022     1.811 f  u_core/u_ex/u_branch/branch_taken0_inferred__2/i__carry__0/CO[7]
                         net (fo=1, unplaced)         0.020     1.831    u_core/u_id_ex/i__i_1_1[0]
                         LUT5 (Prop_LUT5_I4_O)        0.038     1.869 f  u_core/u_id_ex/i__i_3/O
                         net (fo=3, unplaced)         0.192     2.061    u_core/u_id_ex/i__i_3_n_0
                         LUT3 (Prop_LUT3_I2_O)        0.038     2.099 f  u_core/u_id_ex/mem_fault_i_9/O
                         net (fo=2, unplaced)         0.186     2.285    u_core/u_id_ex/u_ex/pc_redirect_valid25_in
                         LUT6 (Prop_LUT6_I0_O)        0.038     2.323 f  u_core/u_id_ex/mem_fault_i_3/O
                         net (fo=1, unplaced)         0.186     2.509    u_core/u_id_ex/mem_fault_i_3_n_0
                         LUT6 (Prop_LUT6_I0_O)        0.038     2.547 f  u_core/u_id_ex/mem_fault_i_2/O
                         net (fo=8, unplaced)         0.214     2.761    u_core/u_if_id/ex_fault_out
                         LUT6 (Prop_LUT6_I5_O)        0.038     2.799 r  u_core/u_if_id/id_fault_i_2/O
                         net (fo=40, unplaced)        0.251     3.050    u_core/u_if/external_irq_inject
                         LUT6 (Prop_LUT6_I5_O)        0.038     3.088 r  u_core/u_if/id_valid_i_10/O
                         net (fo=8, unplaced)         0.168     3.256    u_core/u_mem_wb/ex_mret_reg[0]
                         LUT6 (Prop_LUT6_I0_O)        0.090     3.346 r  u_core/u_mem_wb/id_valid_i_5/O
                         net (fo=131, unplaced)       0.278     3.624    u_core/u_mem_wb/wb_fault_reg_0
                         LUT6 (Prop_LUT6_I5_O)        0.038     3.662 r  u_core/u_mem_wb/mem_valid_i_3/O
                         net (fo=89, unplaced)        0.269     3.931    u_core/u_mem_wb/flush_ex_mem
                         LUT4 (Prop_LUT4_I0_O)        0.038     3.969 r  u_core/u_mem_wb/id_valid_i_3/O
                         net (fo=132, unplaced)       0.278     4.247    u_core/u_mem_wb/flush_if_id
                         LUT6 (Prop_LUT6_I0_O)        0.038     4.285 r  u_core/u_mem_wb/id_valid_i_1/O
                         net (fo=131, unplaced)       0.232     4.517    u_core/u_if_id/E[0]
                         FDCE                                         r  u_core/u_if_id/id_fault_cause_reg[0]/CE
  -------------------------------------------------------------------    -------------------

                         (clock aclk rise edge)      10.000    10.000 r  
                                                      0.000    10.000 r  aclk (IN)
                         net (fo=1629, unset)         0.021    10.021    u_core/u_if_id/aclk
                         FDCE                                         r  u_core/u_if_id/id_fault_cause_reg[0]/C
                         clock pessimism              0.000    10.021    
                         clock uncertainty           -0.035     9.986    
                         FDCE (Setup_FDCE_C_CE)      -0.061     9.925    u_core/u_if_id/id_fault_cause_reg[0]
  -------------------------------------------------------------------
                         required time                          9.925    
                         arrival time                          -4.517    
  -------------------------------------------------------------------
                         slack                                  5.408    

Slack (MET) :             5.408ns  (required time - arrival time)
  Source:                 u_core/u_mem_wb/wb_rd_reg[0]/C
                            (rising edge-triggered cell FDCE clocked by aclk  {rise@0.000ns fall@5.000ns period=10.000ns})
  Destination:            u_core/u_if_id/id_fault_cause_reg[31]/CE
                            (rising edge-triggered cell FDCE clocked by aclk  {rise@0.000ns fall@5.000ns period=10.000ns})
  Path Group:             aclk
  Path Type:              Setup (Max at Slow Process Corner)
  Requirement:            10.000ns  (aclk rise@10.000ns - aclk rise@0.000ns)
  Data Path Delay:        4.487ns  (logic 0.940ns (20.949%)  route 3.547ns (79.051%))
  Logic Levels:           17  (CARRY8=2 LUT2=1 LUT3=1 LUT4=2 LUT5=2 LUT6=9)
  Clock Path Skew:        -0.009ns (DCD - SCD + CPR)
    Destination Clock Delay (DCD):    0.021ns = ( 10.021 - 10.000 ) 
    Source Clock Delay      (SCD):    0.030ns
    Clock Pessimism Removal (CPR):    0.000ns
  Clock Uncertainty:      0.035ns  ((TSJ^2 + TIJ^2)^1/2 + DJ) / 2 + PE
    Total System Jitter     (TSJ):    0.071ns
    Total Input Jitter      (TIJ):    0.000ns
    Discrete Jitter          (DJ):    0.000ns
    Phase Error              (PE):    0.000ns

    Location             Delay type                Incr(ns)  Path(ns)    Netlist Resource(s)
  -------------------------------------------------------------------    -------------------
                         (clock aclk rise edge)       0.000     0.000 r  
                                                      0.000     0.000 r  aclk (IN)
                         net (fo=1629, unset)         0.030     0.030    u_core/u_mem_wb/aclk
                         FDCE                                         r  u_core/u_mem_wb/wb_rd_reg[0]/C
  -------------------------------------------------------------------    -------------------
                         FDCE (Prop_FDCE_C_Q)         0.077     0.107 r  u_core/u_mem_wb/wb_rd_reg[0]/Q
                         net (fo=88, unplaced)        0.220     0.327    u_core/u_mem_wb/Q[0]
                         LUT2 (Prop_LUT2_I1_O)        0.070     0.397 r  u_core/u_mem_wb/i__carry_i_80/O
                         net (fo=1, unplaced)         0.186     0.583    u_core/u_mem_wb/i__carry_i_80_n_0
                         LUT6 (Prop_LUT6_I2_O)        0.038     0.621 r  u_core/u_mem_wb/i__carry_i_69/O
                         net (fo=1, unplaced)         0.186     0.807    u_core/u_mem_wb/u_forward/p_5_in
                         LUT6 (Prop_LUT6_I4_O)        0.038     0.845 r  u_core/u_mem_wb/i__carry_i_49/O
                         net (fo=32, unplaced)        0.197     1.042    u_core/u_mem_wb/i__carry_i_49_n_0
                         LUT5 (Prop_LUT5_I0_O)        0.053     1.095 r  u_core/u_mem_wb/i__carry_i_48/O
                         net (fo=10, unplaced)        0.219     1.314    u_core/u_ex_mem/ex_store_data[1]
                         LUT4 (Prop_LUT4_I2_O)        0.070     1.384 f  u_core/u_ex_mem/i__carry_i_8/O
                         net (fo=1, unplaced)         0.260     1.644    u_core/u_ex/u_branch/branch_taken0_inferred__2/i__carry__0_0[0]
                         CARRY8 (Prop_CARRY8_DI[0]_CO[7])
                                                      0.140     1.784 f  u_core/u_ex/u_branch/branch_taken0_inferred__2/i__carry/CO[7]
                         net (fo=1, unplaced)         0.005     1.789    u_core/u_ex/u_branch/branch_taken0_inferred__2/i__carry_n_0
                         CARRY8 (Prop_CARRY8_CI_CO[7])
                                                      0.022     1.811 f  u_core/u_ex/u_branch/branch_taken0_inferred__2/i__carry__0/CO[7]
                         net (fo=1, unplaced)         0.020     1.831    u_core/u_id_ex/i__i_1_1[0]
                         LUT5 (Prop_LUT5_I4_O)        0.038     1.869 f  u_core/u_id_ex/i__i_3/O
                         net (fo=3, unplaced)         0.192     2.061    u_core/u_id_ex/i__i_3_n_0
                         LUT3 (Prop_LUT3_I2_O)        0.038     2.099 f  u_core/u_id_ex/mem_fault_i_9/O
                         net (fo=2, unplaced)         0.186     2.285    u_core/u_id_ex/u_ex/pc_redirect_valid25_in
                         LUT6 (Prop_LUT6_I0_O)        0.038     2.323 f  u_core/u_id_ex/mem_fault_i_3/O
                         net (fo=1, unplaced)         0.186     2.509    u_core/u_id_ex/mem_fault_i_3_n_0
                         LUT6 (Prop_LUT6_I0_O)        0.038     2.547 f  u_core/u_id_ex/mem_fault_i_2/O
                         net (fo=8, unplaced)         0.214     2.761    u_core/u_if_id/ex_fault_out
                         LUT6 (Prop_LUT6_I5_O)        0.038     2.799 r  u_core/u_if_id/id_fault_i_2/O
                         net (fo=40, unplaced)        0.251     3.050    u_core/u_if/external_irq_inject
                         LUT6 (Prop_LUT6_I5_O)        0.038     3.088 r  u_core/u_if/id_valid_i_10/O
                         net (fo=8, unplaced)         0.168     3.256    u_core/u_mem_wb/ex_mret_reg[0]
                         LUT6 (Prop_LUT6_I0_O)        0.090     3.346 r  u_core/u_mem_wb/id_valid_i_5/O
                         net (fo=131, unplaced)       0.278     3.624    u_core/u_mem_wb/wb_fault_reg_0
                         LUT6 (Prop_LUT6_I5_O)        0.038     3.662 r  u_core/u_mem_wb/mem_valid_i_3/O
                         net (fo=89, unplaced)        0.269     3.931    u_core/u_mem_wb/flush_ex_mem
                         LUT4 (Prop_LUT4_I0_O)        0.038     3.969 r  u_core/u_mem_wb/id_valid_i_3/O
                         net (fo=132, unplaced)       0.278     4.247    u_core/u_mem_wb/flush_if_id
                         LUT6 (Prop_LUT6_I0_O)        0.038     4.285 r  u_core/u_mem_wb/id_valid_i_1/O
                         net (fo=131, unplaced)       0.232     4.517    u_core/u_if_id/E[0]
                         FDCE                                         r  u_core/u_if_id/id_fault_cause_reg[31]/CE
  -------------------------------------------------------------------    -------------------

                         (clock aclk rise edge)      10.000    10.000 r  
                                                      0.000    10.000 r  aclk (IN)
                         net (fo=1629, unset)         0.021    10.021    u_core/u_if_id/aclk
                         FDCE                                         r  u_core/u_if_id/id_fault_cause_reg[31]/C
                         clock pessimism              0.000    10.021    
                         clock uncertainty           -0.035     9.986    
                         FDCE (Setup_FDCE_C_CE)      -0.061     9.925    u_core/u_if_id/id_fault_cause_reg[31]
  -------------------------------------------------------------------
                         required time                          9.925    
                         arrival time                          -4.517    
  -------------------------------------------------------------------
                         slack                                  5.408    

Slack (MET) :             5.408ns  (required time - arrival time)
  Source:                 u_core/u_mem_wb/wb_rd_reg[0]/C
                            (rising edge-triggered cell FDCE clocked by aclk  {rise@0.000ns fall@5.000ns period=10.000ns})
  Destination:            u_core/u_if_id/id_fault_reg/CE
                            (rising edge-triggered cell FDCE clocked by aclk  {rise@0.000ns fall@5.000ns period=10.000ns})
  Path Group:             aclk
  Path Type:              Setup (Max at Slow Process Corner)
  Requirement:            10.000ns  (aclk rise@10.000ns - aclk rise@0.000ns)
  Data Path Delay:        4.487ns  (logic 0.940ns (20.949%)  route 3.547ns (79.051%))
  Logic Levels:           17  (CARRY8=2 LUT2=1 LUT3=1 LUT4=2 LUT5=2 LUT6=9)
  Clock Path Skew:        -0.009ns (DCD - SCD + CPR)
    Destination Clock Delay (DCD):    0.021ns = ( 10.021 - 10.000 ) 
    Source Clock Delay      (SCD):    0.030ns
    Clock Pessimism Removal (CPR):    0.000ns
  Clock Uncertainty:      0.035ns  ((TSJ^2 + TIJ^2)^1/2 + DJ) / 2 + PE
    Total System Jitter     (TSJ):    0.071ns
    Total Input Jitter      (TIJ):    0.000ns
    Discrete Jitter          (DJ):    0.000ns
    Phase Error              (PE):    0.000ns

    Location             Delay type                Incr(ns)  Path(ns)    Netlist Resource(s)
  -------------------------------------------------------------------    -------------------
                         (clock aclk rise edge)       0.000     0.000 r  
                                                      0.000     0.000 r  aclk (IN)
                         net (fo=1629, unset)         0.030     0.030    u_core/u_mem_wb/aclk
                         FDCE                                         r  u_core/u_mem_wb/wb_rd_reg[0]/C
  -------------------------------------------------------------------    -------------------
                         FDCE (Prop_FDCE_C_Q)         0.077     0.107 r  u_core/u_mem_wb/wb_rd_reg[0]/Q
                         net (fo=88, unplaced)        0.220     0.327    u_core/u_mem_wb/Q[0]
                         LUT2 (Prop_LUT2_I1_O)        0.070     0.397 r  u_core/u_mem_wb/i__carry_i_80/O
                         net (fo=1, unplaced)         0.186     0.583    u_core/u_mem_wb/i__carry_i_80_n_0
                         LUT6 (Prop_LUT6_I2_O)        0.038     0.621 r  u_core/u_mem_wb/i__carry_i_69/O
                         net (fo=1, unplaced)         0.186     0.807    u_core/u_mem_wb/u_forward/p_5_in
                         LUT6 (Prop_LUT6_I4_O)        0.038     0.845 r  u_core/u_mem_wb/i__carry_i_49/O
                         net (fo=32, unplaced)        0.197     1.042    u_core/u_mem_wb/i__carry_i_49_n_0
                         LUT5 (Prop_LUT5_I0_O)        0.053     1.095 r  u_core/u_mem_wb/i__carry_i_48/O
                         net (fo=10, unplaced)        0.219     1.314    u_core/u_ex_mem/ex_store_data[1]
                         LUT4 (Prop_LUT4_I2_O)        0.070     1.384 f  u_core/u_ex_mem/i__carry_i_8/O
                         net (fo=1, unplaced)         0.260     1.644    u_core/u_ex/u_branch/branch_taken0_inferred__2/i__carry__0_0[0]
                         CARRY8 (Prop_CARRY8_DI[0]_CO[7])
                                                      0.140     1.784 f  u_core/u_ex/u_branch/branch_taken0_inferred__2/i__carry/CO[7]
                         net (fo=1, unplaced)         0.005     1.789    u_core/u_ex/u_branch/branch_taken0_inferred__2/i__carry_n_0
                         CARRY8 (Prop_CARRY8_CI_CO[7])
                                                      0.022     1.811 f  u_core/u_ex/u_branch/branch_taken0_inferred__2/i__carry__0/CO[7]
                         net (fo=1, unplaced)         0.020     1.831    u_core/u_id_ex/i__i_1_1[0]
                         LUT5 (Prop_LUT5_I4_O)        0.038     1.869 f  u_core/u_id_ex/i__i_3/O
                         net (fo=3, unplaced)         0.192     2.061    u_core/u_id_ex/i__i_3_n_0
                         LUT3 (Prop_LUT3_I2_O)        0.038     2.099 f  u_core/u_id_ex/mem_fault_i_9/O
                         net (fo=2, unplaced)         0.186     2.285    u_core/u_id_ex/u_ex/pc_redirect_valid25_in
                         LUT6 (Prop_LUT6_I0_O)        0.038     2.323 f  u_core/u_id_ex/mem_fault_i_3/O
                         net (fo=1, unplaced)         0.186     2.509    u_core/u_id_ex/mem_fault_i_3_n_0
                         LUT6 (Prop_LUT6_I0_O)        0.038     2.547 f  u_core/u_id_ex/mem_fault_i_2/O
                         net (fo=8, unplaced)         0.214     2.761    u_core/u_if_id/ex_fault_out
                         LUT6 (Prop_LUT6_I5_O)        0.038     2.799 r  u_core/u_if_id/id_fault_i_2/O
                         net (fo=40, unplaced)        0.251     3.050    u_core/u_if/external_irq_inject
                         LUT6 (Prop_LUT6_I5_O)        0.038     3.088 r  u_core/u_if/id_valid_i_10/O
                         net (fo=8, unplaced)         0.168     3.256    u_core/u_mem_wb/ex_mret_reg[0]
                         LUT6 (Prop_LUT6_I0_O)        0.090     3.346 r  u_core/u_mem_wb/id_valid_i_5/O
                         net (fo=131, unplaced)       0.278     3.624    u_core/u_mem_wb/wb_fault_reg_0
                         LUT6 (Prop_LUT6_I5_O)        0.038     3.662 r  u_core/u_mem_wb/mem_valid_i_3/O
                         net (fo=89, unplaced)        0.269     3.931    u_core/u_mem_wb/flush_ex_mem
                         LUT4 (Prop_LUT4_I0_O)        0.038     3.969 r  u_core/u_mem_wb/id_valid_i_3/O
                         net (fo=132, unplaced)       0.278     4.247    u_core/u_mem_wb/flush_if_id
                         LUT6 (Prop_LUT6_I0_O)        0.038     4.285 r  u_core/u_mem_wb/id_valid_i_1/O
                         net (fo=131, unplaced)       0.232     4.517    u_core/u_if_id/E[0]
                         FDCE                                         r  u_core/u_if_id/id_fault_reg/CE
  -------------------------------------------------------------------    -------------------

                         (clock aclk rise edge)      10.000    10.000 r  
                                                      0.000    10.000 r  aclk (IN)
                         net (fo=1629, unset)         0.021    10.021    u_core/u_if_id/aclk
                         FDCE                                         r  u_core/u_if_id/id_fault_reg/C
                         clock pessimism              0.000    10.021    
                         clock uncertainty           -0.035     9.986    
                         FDCE (Setup_FDCE_C_CE)      -0.061     9.925    u_core/u_if_id/id_fault_reg
  -------------------------------------------------------------------
                         required time                          9.925    
                         arrival time                          -4.517    
  -------------------------------------------------------------------
                         slack                                  5.408    





Min Delay Paths
--------------------------------------------------------------------------------------
Slack (MET) :             0.040ns  (arrival time - required time)
  Source:                 u_core/u_mem_wb/wb_rd_reg[2]/C
                            (rising edge-triggered cell FDCE clocked by aclk  {rise@0.000ns fall@5.000ns period=10.000ns})
  Destination:            u_core/u_id/u_reg_file/regs_reg_r1_0_31_0_13/RAMA/WADR2
                            (rising edge-triggered cell RAMD32 clocked by aclk  {rise@0.000ns fall@5.000ns period=10.000ns})
  Path Group:             aclk
  Path Type:              Hold (Min at Fast Process Corner)
  Requirement:            0.000ns  (aclk rise@0.000ns - aclk rise@0.000ns)
  Data Path Delay:        0.128ns  (logic 0.038ns (29.687%)  route 0.090ns (70.312%))
  Logic Levels:           0  
  Clock Path Skew:        0.026ns (DCD - SCD - CPR)
    Destination Clock Delay (DCD):    0.039ns
    Source Clock Delay      (SCD):    0.013ns
    Clock Pessimism Removal (CPR):    -0.000ns

    Location             Delay type                Incr(ns)  Path(ns)    Netlist Resource(s)
  -------------------------------------------------------------------    -------------------
                         (clock aclk rise edge)       0.000     0.000 r  
                                                      0.000     0.000 r  aclk (IN)
                         net (fo=1629, unset)         0.013     0.013    u_core/u_mem_wb/aclk
                         FDCE                                         r  u_core/u_mem_wb/wb_rd_reg[2]/C
  -------------------------------------------------------------------    -------------------
                         FDCE (Prop_FDCE_C_Q)         0.038     0.051 r  u_core/u_mem_wb/wb_rd_reg[2]/Q
                         net (fo=88, unplaced)        0.090     0.141    u_core/u_id/u_reg_file/regs_reg_r1_0_31_0_13/ADDRH2
                         RAMD32                                       r  u_core/u_id/u_reg_file/regs_reg_r1_0_31_0_13/RAMA/WADR2
  -------------------------------------------------------------------    -------------------

                         (clock aclk rise edge)       0.000     0.000 r  
                                                      0.000     0.000 r  aclk (IN)
                         net (fo=1629, unset)         0.039     0.039    u_core/u_id/u_reg_file/regs_reg_r1_0_31_0_13/WCLK
                         RAMD32                                       r  u_core/u_id/u_reg_file/regs_reg_r1_0_31_0_13/RAMA/CLK
                         clock pessimism              0.000     0.039    
                         RAMD32 (Hold_RAMD32_CLK_WADR2)
                                                      0.062     0.101    u_core/u_id/u_reg_file/regs_reg_r1_0_31_0_13/RAMA
  -------------------------------------------------------------------
                         required time                         -0.101    
                         arrival time                           0.141    
  -------------------------------------------------------------------
                         slack                                  0.040    

Slack (MET) :             0.040ns  (arrival time - required time)
  Source:                 u_core/u_mem_wb/wb_rd_reg[2]/C
                            (rising edge-triggered cell FDCE clocked by aclk  {rise@0.000ns fall@5.000ns period=10.000ns})
  Destination:            u_core/u_id/u_reg_file/regs_reg_r1_0_31_0_13/RAMA_D1/WADR2
                            (rising edge-triggered cell RAMD32 clocked by aclk  {rise@0.000ns fall@5.000ns period=10.000ns})
  Path Group:             aclk
  Path Type:              Hold (Min at Fast Process Corner)
  Requirement:            0.000ns  (aclk rise@0.000ns - aclk rise@0.000ns)
  Data Path Delay:        0.128ns  (logic 0.038ns (29.687%)  route 0.090ns (70.312%))
  Logic Levels:           0  
  Clock Path Skew:        0.026ns (DCD - SCD - CPR)
    Destination Clock Delay (DCD):    0.039ns
    Source Clock Delay      (SCD):    0.013ns
    Clock Pessimism Removal (CPR):    -0.000ns

    Location             Delay type                Incr(ns)  Path(ns)    Netlist Resource(s)
  -------------------------------------------------------------------    -------------------
                         (clock aclk rise edge)       0.000     0.000 r  
                                                      0.000     0.000 r  aclk (IN)
                         net (fo=1629, unset)         0.013     0.013    u_core/u_mem_wb/aclk
                         FDCE                                         r  u_core/u_mem_wb/wb_rd_reg[2]/C
  -------------------------------------------------------------------    -------------------
                         FDCE (Prop_FDCE_C_Q)         0.038     0.051 r  u_core/u_mem_wb/wb_rd_reg[2]/Q
                         net (fo=88, unplaced)        0.090     0.141    u_core/u_id/u_reg_file/regs_reg_r1_0_31_0_13/ADDRH2
                         RAMD32                                       r  u_core/u_id/u_reg_file/regs_reg_r1_0_31_0_13/RAMA_D1/WADR2
  -------------------------------------------------------------------    -------------------

                         (clock aclk rise edge)       0.000     0.000 r  
                                                      0.000     0.000 r  aclk (IN)
                         net (fo=1629, unset)         0.039     0.039    u_core/u_id/u_reg_file/regs_reg_r1_0_31_0_13/WCLK
                         RAMD32                                       r  u_core/u_id/u_reg_file/regs_reg_r1_0_31_0_13/RAMA_D1/CLK
                         clock pessimism              0.000     0.039    
                         RAMD32 (Hold_RAMD32_CLK_WADR2)
                                                      0.062     0.101    u_core/u_id/u_reg_file/regs_reg_r1_0_31_0_13/RAMA_D1
  -------------------------------------------------------------------
                         required time                         -0.101    
                         arrival time                           0.141    
  -------------------------------------------------------------------
                         slack                                  0.040    

Slack (MET) :             0.040ns  (arrival time - required time)
  Source:                 u_core/u_mem_wb/wb_rd_reg[2]/C
                            (rising edge-triggered cell FDCE clocked by aclk  {rise@0.000ns fall@5.000ns period=10.000ns})
  Destination:            u_core/u_id/u_reg_file/regs_reg_r1_0_31_0_13/RAMB/WADR2
                            (rising edge-triggered cell RAMD32 clocked by aclk  {rise@0.000ns fall@5.000ns period=10.000ns})
  Path Group:             aclk
  Path Type:              Hold (Min at Fast Process Corner)
  Requirement:            0.000ns  (aclk rise@0.000ns - aclk rise@0.000ns)
  Data Path Delay:        0.128ns  (logic 0.038ns (29.687%)  route 0.090ns (70.312%))
  Logic Levels:           0  
  Clock Path Skew:        0.026ns (DCD - SCD - CPR)
    Destination Clock Delay (DCD):    0.039ns
    Source Clock Delay      (SCD):    0.013ns
    Clock Pessimism Removal (CPR):    -0.000ns

    Location             Delay type                Incr(ns)  Path(ns)    Netlist Resource(s)
  -------------------------------------------------------------------    -------------------
                         (clock aclk rise edge)       0.000     0.000 r  
                                                      0.000     0.000 r  aclk (IN)
                         net (fo=1629, unset)         0.013     0.013    u_core/u_mem_wb/aclk
                         FDCE                                         r  u_core/u_mem_wb/wb_rd_reg[2]/C
  -------------------------------------------------------------------    -------------------
                         FDCE (Prop_FDCE_C_Q)         0.038     0.051 r  u_core/u_mem_wb/wb_rd_reg[2]/Q
                         net (fo=88, unplaced)        0.090     0.141    u_core/u_id/u_reg_file/regs_reg_r1_0_31_0_13/ADDRH2
                         RAMD32                                       r  u_core/u_id/u_reg_file/regs_reg_r1_0_31_0_13/RAMB/WADR2
  -------------------------------------------------------------------    -------------------

                         (clock aclk rise edge)       0.000     0.000 r  
                                                      0.000     0.000 r  aclk (IN)
                         net (fo=1629, unset)         0.039     0.039    u_core/u_id/u_reg_file/regs_reg_r1_0_31_0_13/WCLK
                         RAMD32                                       r  u_core/u_id/u_reg_file/regs_reg_r1_0_31_0_13/RAMB/CLK
                         clock pessimism              0.000     0.039    
                         RAMD32 (Hold_RAMD32_CLK_WADR2)
                                                      0.062     0.101    u_core/u_id/u_reg_file/regs_reg_r1_0_31_0_13/RAMB
  -------------------------------------------------------------------
                         required time                         -0.101    
                         arrival time                           0.141    
  -------------------------------------------------------------------
                         slack                                  0.040    

Slack (MET) :             0.040ns  (arrival time - required time)
  Source:                 u_core/u_mem_wb/wb_rd_reg[2]/C
                            (rising edge-triggered cell FDCE clocked by aclk  {rise@0.000ns fall@5.000ns period=10.000ns})
  Destination:            u_core/u_id/u_reg_file/regs_reg_r1_0_31_0_13/RAMB_D1/WADR2
                            (rising edge-triggered cell RAMD32 clocked by aclk  {rise@0.000ns fall@5.000ns period=10.000ns})
  Path Group:             aclk
  Path Type:              Hold (Min at Fast Process Corner)
  Requirement:            0.000ns  (aclk rise@0.000ns - aclk rise@0.000ns)
  Data Path Delay:        0.128ns  (logic 0.038ns (29.687%)  route 0.090ns (70.312%))
  Logic Levels:           0  
  Clock Path Skew:        0.026ns (DCD - SCD - CPR)
    Destination Clock Delay (DCD):    0.039ns
    Source Clock Delay      (SCD):    0.013ns
    Clock Pessimism Removal (CPR):    -0.000ns

    Location             Delay type                Incr(ns)  Path(ns)    Netlist Resource(s)
  -------------------------------------------------------------------    -------------------
                         (clock aclk rise edge)       0.000     0.000 r  
                                                      0.000     0.000 r  aclk (IN)
                         net (fo=1629, unset)         0.013     0.013    u_core/u_mem_wb/aclk
                         FDCE                                         r  u_core/u_mem_wb/wb_rd_reg[2]/C
  -------------------------------------------------------------------    -------------------
                         FDCE (Prop_FDCE_C_Q)         0.038     0.051 r  u_core/u_mem_wb/wb_rd_reg[2]/Q
                         net (fo=88, unplaced)        0.090     0.141    u_core/u_id/u_reg_file/regs_reg_r1_0_31_0_13/ADDRH2
                         RAMD32                                       r  u_core/u_id/u_reg_file/regs_reg_r1_0_31_0_13/RAMB_D1/WADR2
  -------------------------------------------------------------------    -------------------

                         (clock aclk rise edge)       0.000     0.000 r  
                                                      0.000     0.000 r  aclk (IN)
                         net (fo=1629, unset)         0.039     0.039    u_core/u_id/u_reg_file/regs_reg_r1_0_31_0_13/WCLK
                         RAMD32                                       r  u_core/u_id/u_reg_file/regs_reg_r1_0_31_0_13/RAMB_D1/CLK
                         clock pessimism              0.000     0.039    
                         RAMD32 (Hold_RAMD32_CLK_WADR2)
                                                      0.062     0.101    u_core/u_id/u_reg_file/regs_reg_r1_0_31_0_13/RAMB_D1
  -------------------------------------------------------------------
                         required time                         -0.101    
                         arrival time                           0.141    
  -------------------------------------------------------------------
                         slack                                  0.040    

Slack (MET) :             0.040ns  (arrival time - required time)
  Source:                 u_core/u_mem_wb/wb_rd_reg[2]/C
                            (rising edge-triggered cell FDCE clocked by aclk  {rise@0.000ns fall@5.000ns period=10.000ns})
  Destination:            u_core/u_id/u_reg_file/regs_reg_r1_0_31_0_13/RAMC/WADR2
                            (rising edge-triggered cell RAMD32 clocked by aclk  {rise@0.000ns fall@5.000ns period=10.000ns})
  Path Group:             aclk
  Path Type:              Hold (Min at Fast Process Corner)
  Requirement:            0.000ns  (aclk rise@0.000ns - aclk rise@0.000ns)
  Data Path Delay:        0.128ns  (logic 0.038ns (29.687%)  route 0.090ns (70.312%))
  Logic Levels:           0  
  Clock Path Skew:        0.026ns (DCD - SCD - CPR)
    Destination Clock Delay (DCD):    0.039ns
    Source Clock Delay      (SCD):    0.013ns
    Clock Pessimism Removal (CPR):    -0.000ns

    Location             Delay type                Incr(ns)  Path(ns)    Netlist Resource(s)
  -------------------------------------------------------------------    -------------------
                         (clock aclk rise edge)       0.000     0.000 r  
                                                      0.000     0.000 r  aclk (IN)
                         net (fo=1629, unset)         0.013     0.013    u_core/u_mem_wb/aclk
                         FDCE                                         r  u_core/u_mem_wb/wb_rd_reg[2]/C
  -------------------------------------------------------------------    -------------------
                         FDCE (Prop_FDCE_C_Q)         0.038     0.051 r  u_core/u_mem_wb/wb_rd_reg[2]/Q
                         net (fo=88, unplaced)        0.090     0.141    u_core/u_id/u_reg_file/regs_reg_r1_0_31_0_13/ADDRH2
                         RAMD32                                       r  u_core/u_id/u_reg_file/regs_reg_r1_0_31_0_13/RAMC/WADR2
  -------------------------------------------------------------------    -------------------

                         (clock aclk rise edge)       0.000     0.000 r  
                                                      0.000     0.000 r  aclk (IN)
                         net (fo=1629, unset)         0.039     0.039    u_core/u_id/u_reg_file/regs_reg_r1_0_31_0_13/WCLK
                         RAMD32                                       r  u_core/u_id/u_reg_file/regs_reg_r1_0_31_0_13/RAMC/CLK
                         clock pessimism              0.000     0.039    
                         RAMD32 (Hold_RAMD32_CLK_WADR2)
                                                      0.062     0.101    u_core/u_id/u_reg_file/regs_reg_r1_0_31_0_13/RAMC
  -------------------------------------------------------------------
                         required time                         -0.101    
                         arrival time                           0.141    
  -------------------------------------------------------------------
                         slack                                  0.040    

Slack (MET) :             0.040ns  (arrival time - required time)
  Source:                 u_core/u_mem_wb/wb_rd_reg[2]/C
                            (rising edge-triggered cell FDCE clocked by aclk  {rise@0.000ns fall@5.000ns period=10.000ns})
  Destination:            u_core/u_id/u_reg_file/regs_reg_r1_0_31_0_13/RAMC_D1/WADR2
                            (rising edge-triggered cell RAMD32 clocked by aclk  {rise@0.000ns fall@5.000ns period=10.000ns})
  Path Group:             aclk
  Path Type:              Hold (Min at Fast Process Corner)
  Requirement:            0.000ns  (aclk rise@0.000ns - aclk rise@0.000ns)
  Data Path Delay:        0.128ns  (logic 0.038ns (29.687%)  route 0.090ns (70.312%))
  Logic Levels:           0  
  Clock Path Skew:        0.026ns (DCD - SCD - CPR)
    Destination Clock Delay (DCD):    0.039ns
    Source Clock Delay      (SCD):    0.013ns
    Clock Pessimism Removal (CPR):    -0.000ns

    Location             Delay type                Incr(ns)  Path(ns)    Netlist Resource(s)
  -------------------------------------------------------------------    -------------------
                         (clock aclk rise edge)       0.000     0.000 r  
                                                      0.000     0.000 r  aclk (IN)
                         net (fo=1629, unset)         0.013     0.013    u_core/u_mem_wb/aclk
                         FDCE                                         r  u_core/u_mem_wb/wb_rd_reg[2]/C
  -------------------------------------------------------------------    -------------------
                         FDCE (Prop_FDCE_C_Q)         0.038     0.051 r  u_core/u_mem_wb/wb_rd_reg[2]/Q
                         net (fo=88, unplaced)        0.090     0.141    u_core/u_id/u_reg_file/regs_reg_r1_0_31_0_13/ADDRH2
                         RAMD32                                       r  u_core/u_id/u_reg_file/regs_reg_r1_0_31_0_13/RAMC_D1/WADR2
  -------------------------------------------------------------------    -------------------

                         (clock aclk rise edge)       0.000     0.000 r  
                                                      0.000     0.000 r  aclk (IN)
                         net (fo=1629, unset)         0.039     0.039    u_core/u_id/u_reg_file/regs_reg_r1_0_31_0_13/WCLK
                         RAMD32                                       r  u_core/u_id/u_reg_file/regs_reg_r1_0_31_0_13/RAMC_D1/CLK
                         clock pessimism              0.000     0.039    
                         RAMD32 (Hold_RAMD32_CLK_WADR2)
                                                      0.062     0.101    u_core/u_id/u_reg_file/regs_reg_r1_0_31_0_13/RAMC_D1
  -------------------------------------------------------------------
                         required time                         -0.101    
                         arrival time                           0.141    
  -------------------------------------------------------------------
                         slack                                  0.040    

Slack (MET) :             0.040ns  (arrival time - required time)
  Source:                 u_core/u_mem_wb/wb_rd_reg[2]/C
                            (rising edge-triggered cell FDCE clocked by aclk  {rise@0.000ns fall@5.000ns period=10.000ns})
  Destination:            u_core/u_id/u_reg_file/regs_reg_r1_0_31_0_13/RAMD/WADR2
                            (rising edge-triggered cell RAMD32 clocked by aclk  {rise@0.000ns fall@5.000ns period=10.000ns})
  Path Group:             aclk
  Path Type:              Hold (Min at Fast Process Corner)
  Requirement:            0.000ns  (aclk rise@0.000ns - aclk rise@0.000ns)
  Data Path Delay:        0.128ns  (logic 0.038ns (29.687%)  route 0.090ns (70.312%))
  Logic Levels:           0  
  Clock Path Skew:        0.026ns (DCD - SCD - CPR)
    Destination Clock Delay (DCD):    0.039ns
    Source Clock Delay      (SCD):    0.013ns
    Clock Pessimism Removal (CPR):    -0.000ns

    Location             Delay type                Incr(ns)  Path(ns)    Netlist Resource(s)
  -------------------------------------------------------------------    -------------------
                         (clock aclk rise edge)       0.000     0.000 r  
                                                      0.000     0.000 r  aclk (IN)
                         net (fo=1629, unset)         0.013     0.013    u_core/u_mem_wb/aclk
                         FDCE                                         r  u_core/u_mem_wb/wb_rd_reg[2]/C
  -------------------------------------------------------------------    -------------------
                         FDCE (Prop_FDCE_C_Q)         0.038     0.051 r  u_core/u_mem_wb/wb_rd_reg[2]/Q
                         net (fo=88, unplaced)        0.090     0.141    u_core/u_id/u_reg_file/regs_reg_r1_0_31_0_13/ADDRH2
                         RAMD32                                       r  u_core/u_id/u_reg_file/regs_reg_r1_0_31_0_13/RAMD/WADR2
  -------------------------------------------------------------------    -------------------

                         (clock aclk rise edge)       0.000     0.000 r  
                                                      0.000     0.000 r  aclk (IN)
                         net (fo=1629, unset)         0.039     0.039    u_core/u_id/u_reg_file/regs_reg_r1_0_31_0_13/WCLK
                         RAMD32                                       r  u_core/u_id/u_reg_file/regs_reg_r1_0_31_0_13/RAMD/CLK
                         clock pessimism              0.000     0.039    
                         RAMD32 (Hold_RAMD32_CLK_WADR2)
                                                      0.062     0.101    u_core/u_id/u_reg_file/regs_reg_r1_0_31_0_13/RAMD
  -------------------------------------------------------------------
                         required time                         -0.101    
                         arrival time                           0.141    
  -------------------------------------------------------------------
                         slack                                  0.040    

Slack (MET) :             0.040ns  (arrival time - required time)
  Source:                 u_core/u_mem_wb/wb_rd_reg[2]/C
                            (rising edge-triggered cell FDCE clocked by aclk  {rise@0.000ns fall@5.000ns period=10.000ns})
  Destination:            u_core/u_id/u_reg_file/regs_reg_r1_0_31_0_13/RAMD_D1/WADR2
                            (rising edge-triggered cell RAMD32 clocked by aclk  {rise@0.000ns fall@5.000ns period=10.000ns})
  Path Group:             aclk
  Path Type:              Hold (Min at Fast Process Corner)
  Requirement:            0.000ns  (aclk rise@0.000ns - aclk rise@0.000ns)
  Data Path Delay:        0.128ns  (logic 0.038ns (29.687%)  route 0.090ns (70.312%))
  Logic Levels:           0  
  Clock Path Skew:        0.026ns (DCD - SCD - CPR)
    Destination Clock Delay (DCD):    0.039ns
    Source Clock Delay      (SCD):    0.013ns
    Clock Pessimism Removal (CPR):    -0.000ns

    Location             Delay type                Incr(ns)  Path(ns)    Netlist Resource(s)
  -------------------------------------------------------------------    -------------------
                         (clock aclk rise edge)       0.000     0.000 r  
                                                      0.000     0.000 r  aclk (IN)
                         net (fo=1629, unset)         0.013     0.013    u_core/u_mem_wb/aclk
                         FDCE                                         r  u_core/u_mem_wb/wb_rd_reg[2]/C
  -------------------------------------------------------------------    -------------------
                         FDCE (Prop_FDCE_C_Q)         0.038     0.051 r  u_core/u_mem_wb/wb_rd_reg[2]/Q
                         net (fo=88, unplaced)        0.090     0.141    u_core/u_id/u_reg_file/regs_reg_r1_0_31_0_13/ADDRH2
                         RAMD32                                       r  u_core/u_id/u_reg_file/regs_reg_r1_0_31_0_13/RAMD_D1/WADR2
  -------------------------------------------------------------------    -------------------

                         (clock aclk rise edge)       0.000     0.000 r  
                                                      0.000     0.000 r  aclk (IN)
                         net (fo=1629, unset)         0.039     0.039    u_core/u_id/u_reg_file/regs_reg_r1_0_31_0_13/WCLK
                         RAMD32                                       r  u_core/u_id/u_reg_file/regs_reg_r1_0_31_0_13/RAMD_D1/CLK
                         clock pessimism              0.000     0.039    
                         RAMD32 (Hold_RAMD32_CLK_WADR2)
                                                      0.062     0.101    u_core/u_id/u_reg_file/regs_reg_r1_0_31_0_13/RAMD_D1
  -------------------------------------------------------------------
                         required time                         -0.101    
                         arrival time                           0.141    
  -------------------------------------------------------------------
                         slack                                  0.040    

Slack (MET) :             0.040ns  (arrival time - required time)
  Source:                 u_core/u_mem_wb/wb_rd_reg[2]/C
                            (rising edge-triggered cell FDCE clocked by aclk  {rise@0.000ns fall@5.000ns period=10.000ns})
  Destination:            u_core/u_id/u_reg_file/regs_reg_r1_0_31_0_13/RAME/WADR2
                            (rising edge-triggered cell RAMD32 clocked by aclk  {rise@0.000ns fall@5.000ns period=10.000ns})
  Path Group:             aclk
  Path Type:              Hold (Min at Fast Process Corner)
  Requirement:            0.000ns  (aclk rise@0.000ns - aclk rise@0.000ns)
  Data Path Delay:        0.128ns  (logic 0.038ns (29.687%)  route 0.090ns (70.312%))
  Logic Levels:           0  
  Clock Path Skew:        0.026ns (DCD - SCD - CPR)
    Destination Clock Delay (DCD):    0.039ns
    Source Clock Delay      (SCD):    0.013ns
    Clock Pessimism Removal (CPR):    -0.000ns

    Location             Delay type                Incr(ns)  Path(ns)    Netlist Resource(s)
  -------------------------------------------------------------------    -------------------
                         (clock aclk rise edge)       0.000     0.000 r  
                                                      0.000     0.000 r  aclk (IN)
                         net (fo=1629, unset)         0.013     0.013    u_core/u_mem_wb/aclk
                         FDCE                                         r  u_core/u_mem_wb/wb_rd_reg[2]/C
  -------------------------------------------------------------------    -------------------
                         FDCE (Prop_FDCE_C_Q)         0.038     0.051 r  u_core/u_mem_wb/wb_rd_reg[2]/Q
                         net (fo=88, unplaced)        0.090     0.141    u_core/u_id/u_reg_file/regs_reg_r1_0_31_0_13/ADDRH2
                         RAMD32                                       r  u_core/u_id/u_reg_file/regs_reg_r1_0_31_0_13/RAME/WADR2
  -------------------------------------------------------------------    -------------------

                         (clock aclk rise edge)       0.000     0.000 r  
                                                      0.000     0.000 r  aclk (IN)
                         net (fo=1629, unset)         0.039     0.039    u_core/u_id/u_reg_file/regs_reg_r1_0_31_0_13/WCLK
                         RAMD32                                       r  u_core/u_id/u_reg_file/regs_reg_r1_0_31_0_13/RAME/CLK
                         clock pessimism              0.000     0.039    
                         RAMD32 (Hold_RAMD32_CLK_WADR2)
                                                      0.062     0.101    u_core/u_id/u_reg_file/regs_reg_r1_0_31_0_13/RAME
  -------------------------------------------------------------------
                         required time                         -0.101    
                         arrival time                           0.141    
  -------------------------------------------------------------------
                         slack                                  0.040    

Slack (MET) :             0.040ns  (arrival time - required time)
  Source:                 u_core/u_mem_wb/wb_rd_reg[2]/C
                            (rising edge-triggered cell FDCE clocked by aclk  {rise@0.000ns fall@5.000ns period=10.000ns})
  Destination:            u_core/u_id/u_reg_file/regs_reg_r1_0_31_0_13/RAME_D1/WADR2
                            (rising edge-triggered cell RAMD32 clocked by aclk  {rise@0.000ns fall@5.000ns period=10.000ns})
  Path Group:             aclk
  Path Type:              Hold (Min at Fast Process Corner)
  Requirement:            0.000ns  (aclk rise@0.000ns - aclk rise@0.000ns)
  Data Path Delay:        0.128ns  (logic 0.038ns (29.687%)  route 0.090ns (70.312%))
  Logic Levels:           0  
  Clock Path Skew:        0.026ns (DCD - SCD - CPR)
    Destination Clock Delay (DCD):    0.039ns
    Source Clock Delay      (SCD):    0.013ns
    Clock Pessimism Removal (CPR):    -0.000ns

    Location             Delay type                Incr(ns)  Path(ns)    Netlist Resource(s)
  -------------------------------------------------------------------    -------------------
                         (clock aclk rise edge)       0.000     0.000 r  
                                                      0.000     0.000 r  aclk (IN)
                         net (fo=1629, unset)         0.013     0.013    u_core/u_mem_wb/aclk
                         FDCE                                         r  u_core/u_mem_wb/wb_rd_reg[2]/C
  -------------------------------------------------------------------    -------------------
                         FDCE (Prop_FDCE_C_Q)         0.038     0.051 r  u_core/u_mem_wb/wb_rd_reg[2]/Q
                         net (fo=88, unplaced)        0.090     0.141    u_core/u_id/u_reg_file/regs_reg_r1_0_31_0_13/ADDRH2
                         RAMD32                                       r  u_core/u_id/u_reg_file/regs_reg_r1_0_31_0_13/RAME_D1/WADR2
  -------------------------------------------------------------------    -------------------

                         (clock aclk rise edge)       0.000     0.000 r  
                                                      0.000     0.000 r  aclk (IN)
                         net (fo=1629, unset)         0.039     0.039    u_core/u_id/u_reg_file/regs_reg_r1_0_31_0_13/WCLK
                         RAMD32                                       r  u_core/u_id/u_reg_file/regs_reg_r1_0_31_0_13/RAME_D1/CLK
                         clock pessimism              0.000     0.039    
                         RAMD32 (Hold_RAMD32_CLK_WADR2)
                                                      0.062     0.101    u_core/u_id/u_reg_file/regs_reg_r1_0_31_0_13/RAME_D1
  -------------------------------------------------------------------
                         required time                         -0.101    
                         arrival time                           0.141    
  -------------------------------------------------------------------
                         slack                                  0.040    

Slack (MET) :             0.040ns  (arrival time - required time)
  Source:                 u_core/u_mem_wb/wb_rd_reg[2]/C
                            (rising edge-triggered cell FDCE clocked by aclk  {rise@0.000ns fall@5.000ns period=10.000ns})
  Destination:            u_core/u_id/u_reg_file/regs_reg_r1_0_31_0_13/RAMF/WADR2
                            (rising edge-triggered cell RAMD32 clocked by aclk  {rise@0.000ns fall@5.000ns period=10.000ns})
  Path Group:             aclk
  Path Type:              Hold (Min at Fast Process Corner)
  Requirement:            0.000ns  (aclk rise@0.000ns - aclk rise@0.000ns)
  Data Path Delay:        0.128ns  (logic 0.038ns (29.687%)  route 0.090ns (70.312%))
  Logic Levels:           0  
  Clock Path Skew:        0.026ns (DCD - SCD - CPR)
    Destination Clock Delay (DCD):    0.039ns
    Source Clock Delay      (SCD):    0.013ns
    Clock Pessimism Removal (CPR):    -0.000ns

    Location             Delay type                Incr(ns)  Path(ns)    Netlist Resource(s)
  -------------------------------------------------------------------    -------------------
                         (clock aclk rise edge)       0.000     0.000 r  
                                                      0.000     0.000 r  aclk (IN)
                         net (fo=1629, unset)         0.013     0.013    u_core/u_mem_wb/aclk
                         FDCE                                         r  u_core/u_mem_wb/wb_rd_reg[2]/C
  -------------------------------------------------------------------    -------------------
                         FDCE (Prop_FDCE_C_Q)         0.038     0.051 r  u_core/u_mem_wb/wb_rd_reg[2]/Q
                         net (fo=88, unplaced)        0.090     0.141    u_core/u_id/u_reg_file/regs_reg_r1_0_31_0_13/ADDRH2
                         RAMD32                                       r  u_core/u_id/u_reg_file/regs_reg_r1_0_31_0_13/RAMF/WADR2
  -------------------------------------------------------------------    -------------------

                         (clock aclk rise edge)       0.000     0.000 r  
                                                      0.000     0.000 r  aclk (IN)
                         net (fo=1629, unset)         0.039     0.039    u_core/u_id/u_reg_file/regs_reg_r1_0_31_0_13/WCLK
                         RAMD32                                       r  u_core/u_id/u_reg_file/regs_reg_r1_0_31_0_13/RAMF/CLK
                         clock pessimism              0.000     0.039    
                         RAMD32 (Hold_RAMD32_CLK_WADR2)
                                                      0.062     0.101    u_core/u_id/u_reg_file/regs_reg_r1_0_31_0_13/RAMF
  -------------------------------------------------------------------
                         required time                         -0.101    
                         arrival time                           0.141    
  -------------------------------------------------------------------
                         slack                                  0.040    

Slack (MET) :             0.040ns  (arrival time - required time)
  Source:                 u_core/u_mem_wb/wb_rd_reg[2]/C
                            (rising edge-triggered cell FDCE clocked by aclk  {rise@0.000ns fall@5.000ns period=10.000ns})
  Destination:            u_core/u_id/u_reg_file/regs_reg_r1_0_31_0_13/RAMF_D1/WADR2
                            (rising edge-triggered cell RAMD32 clocked by aclk  {rise@0.000ns fall@5.000ns period=10.000ns})
  Path Group:             aclk
  Path Type:              Hold (Min at Fast Process Corner)
  Requirement:            0.000ns  (aclk rise@0.000ns - aclk rise@0.000ns)
  Data Path Delay:        0.128ns  (logic 0.038ns (29.687%)  route 0.090ns (70.312%))
  Logic Levels:           0  
  Clock Path Skew:        0.026ns (DCD - SCD - CPR)
    Destination Clock Delay (DCD):    0.039ns
    Source Clock Delay      (SCD):    0.013ns
    Clock Pessimism Removal (CPR):    -0.000ns

    Location             Delay type                Incr(ns)  Path(ns)    Netlist Resource(s)
  -------------------------------------------------------------------    -------------------
                         (clock aclk rise edge)       0.000     0.000 r  
                                                      0.000     0.000 r  aclk (IN)
                         net (fo=1629, unset)         0.013     0.013    u_core/u_mem_wb/aclk
                         FDCE                                         r  u_core/u_mem_wb/wb_rd_reg[2]/C
  -------------------------------------------------------------------    -------------------
                         FDCE (Prop_FDCE_C_Q)         0.038     0.051 r  u_core/u_mem_wb/wb_rd_reg[2]/Q
                         net (fo=88, unplaced)        0.090     0.141    u_core/u_id/u_reg_file/regs_reg_r1_0_31_0_13/ADDRH2
                         RAMD32                                       r  u_core/u_id/u_reg_file/regs_reg_r1_0_31_0_13/RAMF_D1/WADR2
  -------------------------------------------------------------------    -------------------

                         (clock aclk rise edge)       0.000     0.000 r  
                                                      0.000     0.000 r  aclk (IN)
                         net (fo=1629, unset)         0.039     0.039    u_core/u_id/u_reg_file/regs_reg_r1_0_31_0_13/WCLK
                         RAMD32                                       r  u_core/u_id/u_reg_file/regs_reg_r1_0_31_0_13/RAMF_D1/CLK
                         clock pessimism              0.000     0.039    
                         RAMD32 (Hold_RAMD32_CLK_WADR2)
                                                      0.062     0.101    u_core/u_id/u_reg_file/regs_reg_r1_0_31_0_13/RAMF_D1
  -------------------------------------------------------------------
                         required time                         -0.101    
                         arrival time                           0.141    
  -------------------------------------------------------------------
                         slack                                  0.040    

Slack (MET) :             0.040ns  (arrival time - required time)
  Source:                 u_core/u_mem_wb/wb_rd_reg[2]/C
                            (rising edge-triggered cell FDCE clocked by aclk  {rise@0.000ns fall@5.000ns period=10.000ns})
  Destination:            u_core/u_id/u_reg_file/regs_reg_r1_0_31_0_13/RAMG/WADR2
                            (rising edge-triggered cell RAMD32 clocked by aclk  {rise@0.000ns fall@5.000ns period=10.000ns})
  Path Group:             aclk
  Path Type:              Hold (Min at Fast Process Corner)
  Requirement:            0.000ns  (aclk rise@0.000ns - aclk rise@0.000ns)
  Data Path Delay:        0.128ns  (logic 0.038ns (29.687%)  route 0.090ns (70.312%))
  Logic Levels:           0  
  Clock Path Skew:        0.026ns (DCD - SCD - CPR)
    Destination Clock Delay (DCD):    0.039ns
    Source Clock Delay      (SCD):    0.013ns
    Clock Pessimism Removal (CPR):    -0.000ns

    Location             Delay type                Incr(ns)  Path(ns)    Netlist Resource(s)
  -------------------------------------------------------------------    -------------------
                         (clock aclk rise edge)       0.000     0.000 r  
                                                      0.000     0.000 r  aclk (IN)
                         net (fo=1629, unset)         0.013     0.013    u_core/u_mem_wb/aclk
                         FDCE                                         r  u_core/u_mem_wb/wb_rd_reg[2]/C
  -------------------------------------------------------------------    -------------------
                         FDCE (Prop_FDCE_C_Q)         0.038     0.051 r  u_core/u_mem_wb/wb_rd_reg[2]/Q
                         net (fo=88, unplaced)        0.090     0.141    u_core/u_id/u_reg_file/regs_reg_r1_0_31_0_13/ADDRH2
                         RAMD32                                       r  u_core/u_id/u_reg_file/regs_reg_r1_0_31_0_13/RAMG/WADR2
  -------------------------------------------------------------------    -------------------

                         (clock aclk rise edge)       0.000     0.000 r  
                                                      0.000     0.000 r  aclk (IN)
                         net (fo=1629, unset)         0.039     0.039    u_core/u_id/u_reg_file/regs_reg_r1_0_31_0_13/WCLK
                         RAMD32                                       r  u_core/u_id/u_reg_file/regs_reg_r1_0_31_0_13/RAMG/CLK
                         clock pessimism              0.000     0.039    
                         RAMD32 (Hold_RAMD32_CLK_WADR2)
                                                      0.062     0.101    u_core/u_id/u_reg_file/regs_reg_r1_0_31_0_13/RAMG
  -------------------------------------------------------------------
                         required time                         -0.101    
                         arrival time                           0.141    
  -------------------------------------------------------------------
                         slack                                  0.040    

Slack (MET) :             0.040ns  (arrival time - required time)
  Source:                 u_core/u_mem_wb/wb_rd_reg[2]/C
                            (rising edge-triggered cell FDCE clocked by aclk  {rise@0.000ns fall@5.000ns period=10.000ns})
  Destination:            u_core/u_id/u_reg_file/regs_reg_r1_0_31_0_13/RAMG_D1/WADR2
                            (rising edge-triggered cell RAMD32 clocked by aclk  {rise@0.000ns fall@5.000ns period=10.000ns})
  Path Group:             aclk
  Path Type:              Hold (Min at Fast Process Corner)
  Requirement:            0.000ns  (aclk rise@0.000ns - aclk rise@0.000ns)
  Data Path Delay:        0.128ns  (logic 0.038ns (29.687%)  route 0.090ns (70.312%))
  Logic Levels:           0  
  Clock Path Skew:        0.026ns (DCD - SCD - CPR)
    Destination Clock Delay (DCD):    0.039ns
    Source Clock Delay      (SCD):    0.013ns
    Clock Pessimism Removal (CPR):    -0.000ns

    Location             Delay type                Incr(ns)  Path(ns)    Netlist Resource(s)
  -------------------------------------------------------------------    -------------------
                         (clock aclk rise edge)       0.000     0.000 r  
                                                      0.000     0.000 r  aclk (IN)
                         net (fo=1629, unset)         0.013     0.013    u_core/u_mem_wb/aclk
                         FDCE                                         r  u_core/u_mem_wb/wb_rd_reg[2]/C
  -------------------------------------------------------------------    -------------------
                         FDCE (Prop_FDCE_C_Q)         0.038     0.051 r  u_core/u_mem_wb/wb_rd_reg[2]/Q
                         net (fo=88, unplaced)        0.090     0.141    u_core/u_id/u_reg_file/regs_reg_r1_0_31_0_13/ADDRH2
                         RAMD32                                       r  u_core/u_id/u_reg_file/regs_reg_r1_0_31_0_13/RAMG_D1/WADR2
  -------------------------------------------------------------------    -------------------

                         (clock aclk rise edge)       0.000     0.000 r  
                                                      0.000     0.000 r  aclk (IN)
                         net (fo=1629, unset)         0.039     0.039    u_core/u_id/u_reg_file/regs_reg_r1_0_31_0_13/WCLK
                         RAMD32                                       r  u_core/u_id/u_reg_file/regs_reg_r1_0_31_0_13/RAMG_D1/CLK
                         clock pessimism              0.000     0.039    
                         RAMD32 (Hold_RAMD32_CLK_WADR2)
                                                      0.062     0.101    u_core/u_id/u_reg_file/regs_reg_r1_0_31_0_13/RAMG_D1
  -------------------------------------------------------------------
                         required time                         -0.101    
                         arrival time                           0.141    
  -------------------------------------------------------------------
                         slack                                  0.040    

Slack (MET) :             0.040ns  (arrival time - required time)
  Source:                 u_core/u_mem_wb/wb_rd_reg[2]/C
                            (rising edge-triggered cell FDCE clocked by aclk  {rise@0.000ns fall@5.000ns period=10.000ns})
  Destination:            u_core/u_id/u_reg_file/regs_reg_r1_0_31_0_13/RAMH/ADR2
                            (rising edge-triggered cell RAMS32 clocked by aclk  {rise@0.000ns fall@5.000ns period=10.000ns})
  Path Group:             aclk
  Path Type:              Hold (Min at Fast Process Corner)
  Requirement:            0.000ns  (aclk rise@0.000ns - aclk rise@0.000ns)
  Data Path Delay:        0.128ns  (logic 0.038ns (29.687%)  route 0.090ns (70.312%))
  Logic Levels:           0  
  Clock Path Skew:        0.026ns (DCD - SCD - CPR)
    Destination Clock Delay (DCD):    0.039ns
    Source Clock Delay      (SCD):    0.013ns
    Clock Pessimism Removal (CPR):    -0.000ns

    Location             Delay type                Incr(ns)  Path(ns)    Netlist Resource(s)
  -------------------------------------------------------------------    -------------------
                         (clock aclk rise edge)       0.000     0.000 r  
                                                      0.000     0.000 r  aclk (IN)
                         net (fo=1629, unset)         0.013     0.013    u_core/u_mem_wb/aclk
                         FDCE                                         r  u_core/u_mem_wb/wb_rd_reg[2]/C
  -------------------------------------------------------------------    -------------------
                         FDCE (Prop_FDCE_C_Q)         0.038     0.051 r  u_core/u_mem_wb/wb_rd_reg[2]/Q
                         net (fo=88, unplaced)        0.090     0.141    u_core/u_id/u_reg_file/regs_reg_r1_0_31_0_13/ADDRH2
                         RAMS32                                       r  u_core/u_id/u_reg_file/regs_reg_r1_0_31_0_13/RAMH/ADR2
  -------------------------------------------------------------------    -------------------

                         (clock aclk rise edge)       0.000     0.000 r  
                                                      0.000     0.000 r  aclk (IN)
                         net (fo=1629, unset)         0.039     0.039    u_core/u_id/u_reg_file/regs_reg_r1_0_31_0_13/WCLK
                         RAMS32                                       r  u_core/u_id/u_reg_file/regs_reg_r1_0_31_0_13/RAMH/CLK
                         clock pessimism              0.000     0.039    
                         RAMS32 (Hold_RAMS32_CLK_ADR2)
                                                      0.062     0.101    u_core/u_id/u_reg_file/regs_reg_r1_0_31_0_13/RAMH
  -------------------------------------------------------------------
                         required time                         -0.101    
                         arrival time                           0.141    
  -------------------------------------------------------------------
                         slack                                  0.040    

Slack (MET) :             0.040ns  (arrival time - required time)
  Source:                 u_core/u_mem_wb/wb_rd_reg[2]/C
                            (rising edge-triggered cell FDCE clocked by aclk  {rise@0.000ns fall@5.000ns period=10.000ns})
  Destination:            u_core/u_id/u_reg_file/regs_reg_r1_0_31_0_13/RAMH_D1/ADR2
                            (rising edge-triggered cell RAMS32 clocked by aclk  {rise@0.000ns fall@5.000ns period=10.000ns})
  Path Group:             aclk
  Path Type:              Hold (Min at Fast Process Corner)
  Requirement:            0.000ns  (aclk rise@0.000ns - aclk rise@0.000ns)
  Data Path Delay:        0.128ns  (logic 0.038ns (29.687%)  route 0.090ns (70.312%))
  Logic Levels:           0  
  Clock Path Skew:        0.026ns (DCD - SCD - CPR)
    Destination Clock Delay (DCD):    0.039ns
    Source Clock Delay      (SCD):    0.013ns
    Clock Pessimism Removal (CPR):    -0.000ns

    Location             Delay type                Incr(ns)  Path(ns)    Netlist Resource(s)
  -------------------------------------------------------------------    -------------------
                         (clock aclk rise edge)       0.000     0.000 r  
                                                      0.000     0.000 r  aclk (IN)
                         net (fo=1629, unset)         0.013     0.013    u_core/u_mem_wb/aclk
                         FDCE                                         r  u_core/u_mem_wb/wb_rd_reg[2]/C
  -------------------------------------------------------------------    -------------------
                         FDCE (Prop_FDCE_C_Q)         0.038     0.051 r  u_core/u_mem_wb/wb_rd_reg[2]/Q
                         net (fo=88, unplaced)        0.090     0.141    u_core/u_id/u_reg_file/regs_reg_r1_0_31_0_13/ADDRH2
                         RAMS32                                       r  u_core/u_id/u_reg_file/regs_reg_r1_0_31_0_13/RAMH_D1/ADR2
  -------------------------------------------------------------------    -------------------

                         (clock aclk rise edge)       0.000     0.000 r  
                                                      0.000     0.000 r  aclk (IN)
                         net (fo=1629, unset)         0.039     0.039    u_core/u_id/u_reg_file/regs_reg_r1_0_31_0_13/WCLK
                         RAMS32                                       r  u_core/u_id/u_reg_file/regs_reg_r1_0_31_0_13/RAMH_D1/CLK
                         clock pessimism              0.000     0.039    
                         RAMS32 (Hold_RAMS32_CLK_ADR2)
                                                      0.062     0.101    u_core/u_id/u_reg_file/regs_reg_r1_0_31_0_13/RAMH_D1
  -------------------------------------------------------------------
                         required time                         -0.101    
                         arrival time                           0.141    
  -------------------------------------------------------------------
                         slack                                  0.040    

Slack (MET) :             0.040ns  (arrival time - required time)
  Source:                 u_core/u_mem_wb/wb_rd_reg[2]/C
                            (rising edge-triggered cell FDCE clocked by aclk  {rise@0.000ns fall@5.000ns period=10.000ns})
  Destination:            u_core/u_id/u_reg_file/regs_reg_r1_0_31_14_27/RAMA/WADR2
                            (rising edge-triggered cell RAMD32 clocked by aclk  {rise@0.000ns fall@5.000ns period=10.000ns})
  Path Group:             aclk
  Path Type:              Hold (Min at Fast Process Corner)
  Requirement:            0.000ns  (aclk rise@0.000ns - aclk rise@0.000ns)
  Data Path Delay:        0.128ns  (logic 0.038ns (29.687%)  route 0.090ns (70.312%))
  Logic Levels:           0  
  Clock Path Skew:        0.026ns (DCD - SCD - CPR)
    Destination Clock Delay (DCD):    0.039ns
    Source Clock Delay      (SCD):    0.013ns
    Clock Pessimism Removal (CPR):    -0.000ns

    Location             Delay type                Incr(ns)  Path(ns)    Netlist Resource(s)
  -------------------------------------------------------------------    -------------------
                         (clock aclk rise edge)       0.000     0.000 r  
                                                      0.000     0.000 r  aclk (IN)
                         net (fo=1629, unset)         0.013     0.013    u_core/u_mem_wb/aclk
                         FDCE                                         r  u_core/u_mem_wb/wb_rd_reg[2]/C
  -------------------------------------------------------------------    -------------------
                         FDCE (Prop_FDCE_C_Q)         0.038     0.051 r  u_core/u_mem_wb/wb_rd_reg[2]/Q
                         net (fo=88, unplaced)        0.090     0.141    u_core/u_id/u_reg_file/regs_reg_r1_0_31_14_27/ADDRH2
                         RAMD32                                       r  u_core/u_id/u_reg_file/regs_reg_r1_0_31_14_27/RAMA/WADR2
  -------------------------------------------------------------------    -------------------

                         (clock aclk rise edge)       0.000     0.000 r  
                                                      0.000     0.000 r  aclk (IN)
                         net (fo=1629, unset)         0.039     0.039    u_core/u_id/u_reg_file/regs_reg_r1_0_31_14_27/WCLK
                         RAMD32                                       r  u_core/u_id/u_reg_file/regs_reg_r1_0_31_14_27/RAMA/CLK
                         clock pessimism              0.000     0.039    
                         RAMD32 (Hold_RAMD32_CLK_WADR2)
                                                      0.062     0.101    u_core/u_id/u_reg_file/regs_reg_r1_0_31_14_27/RAMA
  -------------------------------------------------------------------
                         required time                         -0.101    
                         arrival time                           0.141    
  -------------------------------------------------------------------
                         slack                                  0.040    

Slack (MET) :             0.040ns  (arrival time - required time)
  Source:                 u_core/u_mem_wb/wb_rd_reg[2]/C
                            (rising edge-triggered cell FDCE clocked by aclk  {rise@0.000ns fall@5.000ns period=10.000ns})
  Destination:            u_core/u_id/u_reg_file/regs_reg_r1_0_31_14_27/RAMA_D1/WADR2
                            (rising edge-triggered cell RAMD32 clocked by aclk  {rise@0.000ns fall@5.000ns period=10.000ns})
  Path Group:             aclk
  Path Type:              Hold (Min at Fast Process Corner)
  Requirement:            0.000ns  (aclk rise@0.000ns - aclk rise@0.000ns)
  Data Path Delay:        0.128ns  (logic 0.038ns (29.687%)  route 0.090ns (70.312%))
  Logic Levels:           0  
  Clock Path Skew:        0.026ns (DCD - SCD - CPR)
    Destination Clock Delay (DCD):    0.039ns
    Source Clock Delay      (SCD):    0.013ns
    Clock Pessimism Removal (CPR):    -0.000ns

    Location             Delay type                Incr(ns)  Path(ns)    Netlist Resource(s)
  -------------------------------------------------------------------    -------------------
                         (clock aclk rise edge)       0.000     0.000 r  
                                                      0.000     0.000 r  aclk (IN)
                         net (fo=1629, unset)         0.013     0.013    u_core/u_mem_wb/aclk
                         FDCE                                         r  u_core/u_mem_wb/wb_rd_reg[2]/C
  -------------------------------------------------------------------    -------------------
                         FDCE (Prop_FDCE_C_Q)         0.038     0.051 r  u_core/u_mem_wb/wb_rd_reg[2]/Q
                         net (fo=88, unplaced)        0.090     0.141    u_core/u_id/u_reg_file/regs_reg_r1_0_31_14_27/ADDRH2
                         RAMD32                                       r  u_core/u_id/u_reg_file/regs_reg_r1_0_31_14_27/RAMA_D1/WADR2
  -------------------------------------------------------------------    -------------------

                         (clock aclk rise edge)       0.000     0.000 r  
                                                      0.000     0.000 r  aclk (IN)
                         net (fo=1629, unset)         0.039     0.039    u_core/u_id/u_reg_file/regs_reg_r1_0_31_14_27/WCLK
                         RAMD32                                       r  u_core/u_id/u_reg_file/regs_reg_r1_0_31_14_27/RAMA_D1/CLK
                         clock pessimism              0.000     0.039    
                         RAMD32 (Hold_RAMD32_CLK_WADR2)
                                                      0.062     0.101    u_core/u_id/u_reg_file/regs_reg_r1_0_31_14_27/RAMA_D1
  -------------------------------------------------------------------
                         required time                         -0.101    
                         arrival time                           0.141    
  -------------------------------------------------------------------
                         slack                                  0.040    

Slack (MET) :             0.040ns  (arrival time - required time)
  Source:                 u_core/u_mem_wb/wb_rd_reg[2]/C
                            (rising edge-triggered cell FDCE clocked by aclk  {rise@0.000ns fall@5.000ns period=10.000ns})
  Destination:            u_core/u_id/u_reg_file/regs_reg_r1_0_31_14_27/RAMB/WADR2
                            (rising edge-triggered cell RAMD32 clocked by aclk  {rise@0.000ns fall@5.000ns period=10.000ns})
  Path Group:             aclk
  Path Type:              Hold (Min at Fast Process Corner)
  Requirement:            0.000ns  (aclk rise@0.000ns - aclk rise@0.000ns)
  Data Path Delay:        0.128ns  (logic 0.038ns (29.687%)  route 0.090ns (70.312%))
  Logic Levels:           0  
  Clock Path Skew:        0.026ns (DCD - SCD - CPR)
    Destination Clock Delay (DCD):    0.039ns
    Source Clock Delay      (SCD):    0.013ns
    Clock Pessimism Removal (CPR):    -0.000ns

    Location             Delay type                Incr(ns)  Path(ns)    Netlist Resource(s)
  -------------------------------------------------------------------    -------------------
                         (clock aclk rise edge)       0.000     0.000 r  
                                                      0.000     0.000 r  aclk (IN)
                         net (fo=1629, unset)         0.013     0.013    u_core/u_mem_wb/aclk
                         FDCE                                         r  u_core/u_mem_wb/wb_rd_reg[2]/C
  -------------------------------------------------------------------    -------------------
                         FDCE (Prop_FDCE_C_Q)         0.038     0.051 r  u_core/u_mem_wb/wb_rd_reg[2]/Q
                         net (fo=88, unplaced)        0.090     0.141    u_core/u_id/u_reg_file/regs_reg_r1_0_31_14_27/ADDRH2
                         RAMD32                                       r  u_core/u_id/u_reg_file/regs_reg_r1_0_31_14_27/RAMB/WADR2
  -------------------------------------------------------------------    -------------------

                         (clock aclk rise edge)       0.000     0.000 r  
                                                      0.000     0.000 r  aclk (IN)
                         net (fo=1629, unset)         0.039     0.039    u_core/u_id/u_reg_file/regs_reg_r1_0_31_14_27/WCLK
                         RAMD32                                       r  u_core/u_id/u_reg_file/regs_reg_r1_0_31_14_27/RAMB/CLK
                         clock pessimism              0.000     0.039    
                         RAMD32 (Hold_RAMD32_CLK_WADR2)
                                                      0.062     0.101    u_core/u_id/u_reg_file/regs_reg_r1_0_31_14_27/RAMB
  -------------------------------------------------------------------
                         required time                         -0.101    
                         arrival time                           0.141    
  -------------------------------------------------------------------
                         slack                                  0.040    

Slack (MET) :             0.040ns  (arrival time - required time)
  Source:                 u_core/u_mem_wb/wb_rd_reg[2]/C
                            (rising edge-triggered cell FDCE clocked by aclk  {rise@0.000ns fall@5.000ns period=10.000ns})
  Destination:            u_core/u_id/u_reg_file/regs_reg_r1_0_31_14_27/RAMB_D1/WADR2
                            (rising edge-triggered cell RAMD32 clocked by aclk  {rise@0.000ns fall@5.000ns period=10.000ns})
  Path Group:             aclk
  Path Type:              Hold (Min at Fast Process Corner)
  Requirement:            0.000ns  (aclk rise@0.000ns - aclk rise@0.000ns)
  Data Path Delay:        0.128ns  (logic 0.038ns (29.687%)  route 0.090ns (70.312%))
  Logic Levels:           0  
  Clock Path Skew:        0.026ns (DCD - SCD - CPR)
    Destination Clock Delay (DCD):    0.039ns
    Source Clock Delay      (SCD):    0.013ns
    Clock Pessimism Removal (CPR):    -0.000ns

    Location             Delay type                Incr(ns)  Path(ns)    Netlist Resource(s)
  -------------------------------------------------------------------    -------------------
                         (clock aclk rise edge)       0.000     0.000 r  
                                                      0.000     0.000 r  aclk (IN)
                         net (fo=1629, unset)         0.013     0.013    u_core/u_mem_wb/aclk
                         FDCE                                         r  u_core/u_mem_wb/wb_rd_reg[2]/C
  -------------------------------------------------------------------    -------------------
                         FDCE (Prop_FDCE_C_Q)         0.038     0.051 r  u_core/u_mem_wb/wb_rd_reg[2]/Q
                         net (fo=88, unplaced)        0.090     0.141    u_core/u_id/u_reg_file/regs_reg_r1_0_31_14_27/ADDRH2
                         RAMD32                                       r  u_core/u_id/u_reg_file/regs_reg_r1_0_31_14_27/RAMB_D1/WADR2
  -------------------------------------------------------------------    -------------------

                         (clock aclk rise edge)       0.000     0.000 r  
                                                      0.000     0.000 r  aclk (IN)
                         net (fo=1629, unset)         0.039     0.039    u_core/u_id/u_reg_file/regs_reg_r1_0_31_14_27/WCLK
                         RAMD32                                       r  u_core/u_id/u_reg_file/regs_reg_r1_0_31_14_27/RAMB_D1/CLK
                         clock pessimism              0.000     0.039    
                         RAMD32 (Hold_RAMD32_CLK_WADR2)
                                                      0.062     0.101    u_core/u_id/u_reg_file/regs_reg_r1_0_31_14_27/RAMB_D1
  -------------------------------------------------------------------
                         required time                         -0.101    
                         arrival time                           0.141    
  -------------------------------------------------------------------
                         slack                                  0.040    





Pulse Width Checks
--------------------------------------------------------------------------------------
Clock Name:         aclk
Waveform(ns):       { 0.000 5.000 }
Period(ns):         10.000
Sources:            { aclk }

Check Type        Corner  Lib Pin     Reference Pin  Required(ns)  Actual(ns)  Slack(ns)  Location  Pin
Min Period        n/a     RAMD32/CLK  n/a            1.064         10.000      8.936                u_core/u_id/u_reg_file/regs_reg_r1_0_31_0_13/RAMA/CLK
Min Period        n/a     RAMD32/CLK  n/a            1.064         10.000      8.936                u_core/u_id/u_reg_file/regs_reg_r1_0_31_0_13/RAMA_D1/CLK
Min Period        n/a     RAMD32/CLK  n/a            1.064         10.000      8.936                u_core/u_id/u_reg_file/regs_reg_r1_0_31_0_13/RAMB/CLK
Min Period        n/a     RAMD32/CLK  n/a            1.064         10.000      8.936                u_core/u_id/u_reg_file/regs_reg_r1_0_31_0_13/RAMB_D1/CLK
Min Period        n/a     RAMD32/CLK  n/a            1.064         10.000      8.936                u_core/u_id/u_reg_file/regs_reg_r1_0_31_0_13/RAMC/CLK
Min Period        n/a     RAMD32/CLK  n/a            1.064         10.000      8.936                u_core/u_id/u_reg_file/regs_reg_r1_0_31_0_13/RAMC_D1/CLK
Min Period        n/a     RAMD32/CLK  n/a            1.064         10.000      8.936                u_core/u_id/u_reg_file/regs_reg_r1_0_31_0_13/RAMD/CLK
Min Period        n/a     RAMD32/CLK  n/a            1.064         10.000      8.936                u_core/u_id/u_reg_file/regs_reg_r1_0_31_0_13/RAMD_D1/CLK
Min Period        n/a     RAMD32/CLK  n/a            1.064         10.000      8.936                u_core/u_id/u_reg_file/regs_reg_r1_0_31_0_13/RAME/CLK
Min Period        n/a     RAMD32/CLK  n/a            1.064         10.000      8.936                u_core/u_id/u_reg_file/regs_reg_r1_0_31_0_13/RAME_D1/CLK
Min Period        n/a     RAMD32/CLK  n/a            1.064         10.000      8.936                u_core/u_id/u_reg_file/regs_reg_r1_0_31_0_13/RAMF/CLK
Min Period        n/a     RAMD32/CLK  n/a            1.064         10.000      8.936                u_core/u_id/u_reg_file/regs_reg_r1_0_31_0_13/RAMF_D1/CLK
Min Period        n/a     RAMD32/CLK  n/a            1.064         10.000      8.936                u_core/u_id/u_reg_file/regs_reg_r1_0_31_0_13/RAMG/CLK
Min Period        n/a     RAMD32/CLK  n/a            1.064         10.000      8.936                u_core/u_id/u_reg_file/regs_reg_r1_0_31_0_13/RAMG_D1/CLK
Min Period        n/a     RAMS32/CLK  n/a            1.064         10.000      8.936                u_core/u_id/u_reg_file/regs_reg_r1_0_31_0_13/RAMH/CLK
Min Period        n/a     RAMS32/CLK  n/a            1.064         10.000      8.936                u_core/u_id/u_reg_file/regs_reg_r1_0_31_0_13/RAMH_D1/CLK
Min Period        n/a     RAMD32/CLK  n/a            1.064         10.000      8.936                u_core/u_id/u_reg_file/regs_reg_r1_0_31_14_27/RAMA/CLK
Min Period        n/a     RAMD32/CLK  n/a            1.064         10.000      8.936                u_core/u_id/u_reg_file/regs_reg_r1_0_31_14_27/RAMA_D1/CLK
Min Period        n/a     RAMD32/CLK  n/a            1.064         10.000      8.936                u_core/u_id/u_reg_file/regs_reg_r1_0_31_14_27/RAMB/CLK
Min Period        n/a     RAMD32/CLK  n/a            1.064         10.000      8.936                u_core/u_id/u_reg_file/regs_reg_r1_0_31_14_27/RAMB_D1/CLK
Low Pulse Width   Slow    RAMD32/CLK  n/a            0.532         5.000       4.468                u_core/u_id/u_reg_file/regs_reg_r1_0_31_0_13/RAMA/CLK
Low Pulse Width   Fast    RAMD32/CLK  n/a            0.532         5.000       4.468                u_core/u_id/u_reg_file/regs_reg_r1_0_31_0_13/RAMA/CLK
Low Pulse Width   Slow    RAMD32/CLK  n/a            0.532         5.000       4.468                u_core/u_id/u_reg_file/regs_reg_r1_0_31_0_13/RAMA_D1/CLK
Low Pulse Width   Fast    RAMD32/CLK  n/a            0.532         5.000       4.468                u_core/u_id/u_reg_file/regs_reg_r1_0_31_0_13/RAMA_D1/CLK
Low Pulse Width   Slow    RAMD32/CLK  n/a            0.532         5.000       4.468                u_core/u_id/u_reg_file/regs_reg_r1_0_31_0_13/RAMB/CLK
Low Pulse Width   Fast    RAMD32/CLK  n/a            0.532         5.000       4.468                u_core/u_id/u_reg_file/regs_reg_r1_0_31_0_13/RAMB/CLK
Low Pulse Width   Slow    RAMD32/CLK  n/a            0.532         5.000       4.468                u_core/u_id/u_reg_file/regs_reg_r1_0_31_0_13/RAMB_D1/CLK
Low Pulse Width   Fast    RAMD32/CLK  n/a            0.532         5.000       4.468                u_core/u_id/u_reg_file/regs_reg_r1_0_31_0_13/RAMB_D1/CLK
Low Pulse Width   Slow    RAMD32/CLK  n/a            0.532         5.000       4.468                u_core/u_id/u_reg_file/regs_reg_r1_0_31_0_13/RAMC/CLK
Low Pulse Width   Fast    RAMD32/CLK  n/a            0.532         5.000       4.468                u_core/u_id/u_reg_file/regs_reg_r1_0_31_0_13/RAMC/CLK
Low Pulse Width   Slow    RAMD32/CLK  n/a            0.532         5.000       4.468                u_core/u_id/u_reg_file/regs_reg_r1_0_31_0_13/RAMC_D1/CLK
Low Pulse Width   Fast    RAMD32/CLK  n/a            0.532         5.000       4.468                u_core/u_id/u_reg_file/regs_reg_r1_0_31_0_13/RAMC_D1/CLK
Low Pulse Width   Slow    RAMD32/CLK  n/a            0.532         5.000       4.468                u_core/u_id/u_reg_file/regs_reg_r1_0_31_0_13/RAMD/CLK
Low Pulse Width   Fast    RAMD32/CLK  n/a            0.532         5.000       4.468                u_core/u_id/u_reg_file/regs_reg_r1_0_31_0_13/RAMD/CLK
Low Pulse Width   Slow    RAMD32/CLK  n/a            0.532         5.000       4.468                u_core/u_id/u_reg_file/regs_reg_r1_0_31_0_13/RAMD_D1/CLK
Low Pulse Width   Fast    RAMD32/CLK  n/a            0.532         5.000       4.468                u_core/u_id/u_reg_file/regs_reg_r1_0_31_0_13/RAMD_D1/CLK
Low Pulse Width   Slow    RAMD32/CLK  n/a            0.532         5.000       4.468                u_core/u_id/u_reg_file/regs_reg_r1_0_31_0_13/RAME/CLK
Low Pulse Width   Fast    RAMD32/CLK  n/a            0.532         5.000       4.468                u_core/u_id/u_reg_file/regs_reg_r1_0_31_0_13/RAME/CLK
Low Pulse Width   Slow    RAMD32/CLK  n/a            0.532         5.000       4.468                u_core/u_id/u_reg_file/regs_reg_r1_0_31_0_13/RAME_D1/CLK
Low Pulse Width   Fast    RAMD32/CLK  n/a            0.532         5.000       4.468                u_core/u_id/u_reg_file/regs_reg_r1_0_31_0_13/RAME_D1/CLK
High Pulse Width  Slow    RAMD32/CLK  n/a            0.532         5.000       4.468                u_core/u_id/u_reg_file/regs_reg_r1_0_31_0_13/RAMA/CLK
High Pulse Width  Fast    RAMD32/CLK  n/a            0.532         5.000       4.468                u_core/u_id/u_reg_file/regs_reg_r1_0_31_0_13/RAMA/CLK
High Pulse Width  Slow    RAMD32/CLK  n/a            0.532         5.000       4.468                u_core/u_id/u_reg_file/regs_reg_r1_0_31_0_13/RAMA_D1/CLK
High Pulse Width  Fast    RAMD32/CLK  n/a            0.532         5.000       4.468                u_core/u_id/u_reg_file/regs_reg_r1_0_31_0_13/RAMA_D1/CLK
High Pulse Width  Slow    RAMD32/CLK  n/a            0.532         5.000       4.468                u_core/u_id/u_reg_file/regs_reg_r1_0_31_0_13/RAMB/CLK
High Pulse Width  Fast    RAMD32/CLK  n/a            0.532         5.000       4.468                u_core/u_id/u_reg_file/regs_reg_r1_0_31_0_13/RAMB/CLK
High Pulse Width  Slow    RAMD32/CLK  n/a            0.532         5.000       4.468                u_core/u_id/u_reg_file/regs_reg_r1_0_31_0_13/RAMB_D1/CLK
High Pulse Width  Fast    RAMD32/CLK  n/a            0.532         5.000       4.468                u_core/u_id/u_reg_file/regs_reg_r1_0_31_0_13/RAMB_D1/CLK
High Pulse Width  Slow    RAMD32/CLK  n/a            0.532         5.000       4.468                u_core/u_id/u_reg_file/regs_reg_r1_0_31_0_13/RAMC/CLK
High Pulse Width  Fast    RAMD32/CLK  n/a            0.532         5.000       4.468                u_core/u_id/u_reg_file/regs_reg_r1_0_31_0_13/RAMC/CLK
High Pulse Width  Slow    RAMD32/CLK  n/a            0.532         5.000       4.468                u_core/u_id/u_reg_file/regs_reg_r1_0_31_0_13/RAMC_D1/CLK
High Pulse Width  Fast    RAMD32/CLK  n/a            0.532         5.000       4.468                u_core/u_id/u_reg_file/regs_reg_r1_0_31_0_13/RAMC_D1/CLK
High Pulse Width  Slow    RAMD32/CLK  n/a            0.532         5.000       4.468                u_core/u_id/u_reg_file/regs_reg_r1_0_31_0_13/RAMD/CLK
High Pulse Width  Fast    RAMD32/CLK  n/a            0.532         5.000       4.468                u_core/u_id/u_reg_file/regs_reg_r1_0_31_0_13/RAMD/CLK
High Pulse Width  Slow    RAMD32/CLK  n/a            0.532         5.000       4.468                u_core/u_id/u_reg_file/regs_reg_r1_0_31_0_13/RAMD_D1/CLK
High Pulse Width  Fast    RAMD32/CLK  n/a            0.532         5.000       4.468                u_core/u_id/u_reg_file/regs_reg_r1_0_31_0_13/RAMD_D1/CLK
High Pulse Width  Slow    RAMD32/CLK  n/a            0.532         5.000       4.468                u_core/u_id/u_reg_file/regs_reg_r1_0_31_0_13/RAME/CLK
High Pulse Width  Fast    RAMD32/CLK  n/a            0.532         5.000       4.468                u_core/u_id/u_reg_file/regs_reg_r1_0_31_0_13/RAME/CLK
High Pulse Width  Slow    RAMD32/CLK  n/a            0.532         5.000       4.468                u_core/u_id/u_reg_file/regs_reg_r1_0_31_0_13/RAME_D1/CLK
High Pulse Width  Fast    RAMD32/CLK  n/a            0.532         5.000       4.468                u_core/u_id/u_reg_file/regs_reg_r1_0_31_0_13/RAME_D1/CLK



