Copyright 1986-2022 Xilinx, Inc. All Rights Reserved. Copyright 2022-2025 Advanced Micro Devices, Inc. All Rights Reserved.
------------------------------------------------------------------------------------------------------------------------------------------------------------------------------
| Tool Version      : Vivado v.2025.2 (win64) Build 6299465 Fri Nov 14 19:35:11 GMT 2025
| Date              : Fri Jul 31 14:40:41 2026
| Host              : Ngoclaptop running 64-bit major release  (build 9200)
| Command           : report_timing_summary -delay_type min_max -max_paths 20 -file C:/Users/Dell/Desktop/RISCV_RV32I/verification/build/core_opt_experiment_timing_synth.rpt
| Design            : rv32i_axi_integration_top
| Device            : xczu7ev-ffvc1156
| Speed File        : -2  PRODUCTION 1.30 05-15-2022
| Design State      : Synthesized
| Temperature Grade : E
------------------------------------------------------------------------------------------------------------------------------------------------------------------------------

Timing Summary Report

------------------------------------------------------------------------------------------------
| Timer Settings
| --------------
------------------------------------------------------------------------------------------------

  Enable Multi Corner Analysis               :  Yes
  Enable Pessimism Removal                   :  Yes
  Pessimism Removal Resolution               :  Nearest Common Node
  Enable Input Delay Default Clock           :  No
  Enable Preset / Clear Arcs                 :  No
  Disable Flight Delays                      :  No
  Ignore I/O Paths                           :  No
  Timing Early Launch at Borrowing Latches   :  No
  Borrow Time for Max Delay Exceptions       :  Yes
  Merge Timing Exceptions                    :  Yes
  Inter-SLR Compensation                     :  Conservative

  Corner  Analyze    Analyze    
  Name    Max Paths  Min Paths  
  ------  ---------  ---------  
  Slow    Yes        Yes        
  Fast    Yes        Yes        


------------------------------------------------------------------------------------------------
| Report Methodology
| ------------------
------------------------------------------------------------------------------------------------

No report available as report_methodology has not been run prior. Run report_methodology on the current design for the summary of methodology violations.



check_timing report

Table of Contents
-----------------
1. checking no_clock (0)
2. checking constant_clock (0)
3. checking pulse_width_clock (0)
4. checking unconstrained_internal_endpoints (0)
5. checking no_input_delay (79)
6. checking no_output_delay (197)
7. checking multiple_clock (0)
8. checking generated_clocks (0)
9. checking loops (0)
10. checking partial_input_delay (0)
11. checking partial_output_delay (0)
12. checking latch_loops (0)

1. checking no_clock (0)
------------------------
 There are 0 register/latch pins with no clock.


2. checking constant_clock (0)
------------------------------
 There are 0 register/latch pins with constant_clock.


3. checking pulse_width_clock (0)
---------------------------------
 There are 0 register/latch pins which need pulse_width check


4. checking unconstrained_internal_endpoints (0)
------------------------------------------------
 There are 0 pins that are not constrained for maximum delay.

 There are 0 pins that are not constrained for maximum delay due to constant clock.


5. checking no_input_delay (79)
-------------------------------
 There are 79 input ports with no input delay specified. (HIGH)

 There are 0 input ports with no input delay but user has a false path constraint.


6. checking no_output_delay (197)
---------------------------------
 There are 197 ports with no output delay specified. (HIGH)

 There are 0 ports with no output delay but user has a false path constraint

 There are 0 ports with no output delay but with a timing clock defined on it or propagating through it


7. checking multiple_clock (0)
------------------------------
 There are 0 register/latch pins with multiple clocks.


8. checking generated_clocks (0)
--------------------------------
 There are 0 generated clocks that are not connected to a clock source.


9. checking loops (0)
---------------------
 There are 0 combinational loops in the design.


10. checking partial_input_delay (0)
------------------------------------
 There are 0 input ports with partial input delay specified.


11. checking partial_output_delay (0)
-------------------------------------
 There are 0 ports with partial output delay specified.


12. checking latch_loops (0)
----------------------------
 There are 0 combinational latch loops in the design through latch input



------------------------------------------------------------------------------------------------
| Design Timing Summary
| ---------------------
------------------------------------------------------------------------------------------------

    WNS(ns)      TNS(ns)  TNS Failing Endpoints  TNS Total Endpoints      WHS(ns)      THS(ns)  THS Failing Endpoints  THS Total Endpoints     WPWS(ns)     TPWS(ns)  TPWS Failing Endpoints  TPWS Total Endpoints  
    -------      -------  ---------------------  -------------------      -------      -------  ---------------------  -------------------     --------     --------  ----------------------  --------------------  
      5.536        0.000                      0                 3438        0.040        0.000                      0                 3438        4.468        0.000                       0                  1630  


All user specified timing constraints are met.


------------------------------------------------------------------------------------------------
| Clock Summary
| -------------
------------------------------------------------------------------------------------------------

Clock  Waveform(ns)       Period(ns)      Frequency(MHz)
-----  ------------       ----------      --------------
aclk   {0.000 5.000}      10.000          100.000         


------------------------------------------------------------------------------------------------
| Intra Clock Table
| -----------------
------------------------------------------------------------------------------------------------

Clock             WNS(ns)      TNS(ns)  TNS Failing Endpoints  TNS Total Endpoints      WHS(ns)      THS(ns)  THS Failing Endpoints  THS Total Endpoints     WPWS(ns)     TPWS(ns)  TPWS Failing Endpoints  TPWS Total Endpoints  
-----             -------      -------  ---------------------  -------------------      -------      -------  ---------------------  -------------------     --------     --------  ----------------------  --------------------  
aclk                5.536        0.000                      0                 3438        0.040        0.000                      0                 3438        4.468        0.000                       0                  1630  


------------------------------------------------------------------------------------------------
| Inter Clock Table
| -----------------
------------------------------------------------------------------------------------------------

From Clock    To Clock          WNS(ns)      TNS(ns)  TNS Failing Endpoints  TNS Total Endpoints      WHS(ns)      THS(ns)  THS Failing Endpoints  THS Total Endpoints  
----------    --------          -------      -------  ---------------------  -------------------      -------      -------  ---------------------  -------------------  


------------------------------------------------------------------------------------------------
| Other Path Groups Table
| -----------------------
------------------------------------------------------------------------------------------------

Path Group    From Clock    To Clock          WNS(ns)      TNS(ns)  TNS Failing Endpoints  TNS Total Endpoints      WHS(ns)      THS(ns)  THS Failing Endpoints  THS Total Endpoints  
----------    ----------    --------          -------      -------  ---------------------  -------------------      -------      -------  ---------------------  -------------------  


------------------------------------------------------------------------------------------------
| Timing Details
| --------------
------------------------------------------------------------------------------------------------


---------------------------------------------------------------------------------------------------
From Clock:  aclk
  To Clock:  aclk

Setup :            0  Failing Endpoints,  Worst Slack        5.536ns,  Total Violation        0.000ns
Hold  :            0  Failing Endpoints,  Worst Slack        0.040ns,  Total Violation        0.000ns
PW    :            0  Failing Endpoints,  Worst Slack        4.468ns,  Total Violation        0.000ns
---------------------------------------------------------------------------------------------------


Max Delay Paths
--------------------------------------------------------------------------------------
Slack (MET) :             5.536ns  (required time - arrival time)
  Source:                 u_core/u_mem_wb/wb_rd_reg[0]/C
                            (rising edge-triggered cell FDCE clocked by aclk  {rise@0.000ns fall@5.000ns period=10.000ns})
  Destination:            u_core/u_if/u_pc/pc_current_reg[26]/D
                            (rising edge-triggered cell FDCE clocked by aclk  {rise@0.000ns fall@5.000ns period=10.000ns})
  Path Group:             aclk
  Path Type:              Setup (Max at Slow Process Corner)
  Requirement:            10.000ns  (aclk rise@10.000ns - aclk rise@0.000ns)
  Data Path Delay:        4.445ns  (logic 1.236ns (27.807%)  route 3.209ns (72.193%))
  Logic Levels:           21  (CARRY8=6 LUT2=1 LUT3=2 LUT4=1 LUT5=3 LUT6=8)
  Clock Path Skew:        -0.009ns (DCD - SCD + CPR)
    Destination Clock Delay (DCD):    0.021ns = ( 10.021 - 10.000 ) 
    Source Clock Delay      (SCD):    0.030ns
    Clock Pessimism Removal (CPR):    0.000ns
  Clock Uncertainty:      0.035ns  ((TSJ^2 + TIJ^2)^1/2 + DJ) / 2 + PE
    Total System Jitter     (TSJ):    0.071ns
    Total Input Jitter      (TIJ):    0.000ns
    Discrete Jitter          (DJ):    0.000ns
    Phase Error              (PE):    0.000ns

    Location             Delay type                Incr(ns)  Path(ns)    Netlist Resource(s)
  -------------------------------------------------------------------    -------------------
                         (clock aclk rise edge)       0.000     0.000 r  
                                                      0.000     0.000 r  aclk (IN)
                         net (fo=1629, unset)         0.030     0.030    u_core/u_mem_wb/aclk
                         FDCE                                         r  u_core/u_mem_wb/wb_rd_reg[0]/C
  -------------------------------------------------------------------    -------------------
                         FDCE (Prop_FDCE_C_Q)         0.077     0.107 r  u_core/u_mem_wb/wb_rd_reg[0]/Q
                         net (fo=88, unplaced)        0.220     0.327    u_core/u_mem_wb/Q[0]
                         LUT2 (Prop_LUT2_I1_O)        0.070     0.397 r  u_core/u_mem_wb/mem_store_data[31]_i_10/O
                         net (fo=1, unplaced)         0.186     0.583    u_core/u_mem_wb/mem_store_data[31]_i_10_n_0
                         LUT6 (Prop_LUT6_I2_O)        0.038     0.621 r  u_core/u_mem_wb/mem_store_data[31]_i_5/O
                         net (fo=1, unplaced)         0.186     0.807    u_core/u_mem_wb/u_forward/p_5_in
                         LUT6 (Prop_LUT6_I4_O)        0.038     0.845 r  u_core/u_mem_wb/mem_store_data[31]_i_2/O
                         net (fo=32, unplaced)        0.197     1.042    u_core/u_mem_wb/mem_store_data[31]_i_2_n_0
                         LUT5 (Prop_LUT5_I0_O)        0.053     1.095 r  u_core/u_mem_wb/mem_store_data[1]_i_1/O
                         net (fo=10, unplaced)        0.219     1.314    u_core/u_ex_mem/ex_store_data[1]
                         LUT4 (Prop_LUT4_I2_O)        0.070     1.384 f  u_core/u_ex_mem/i__carry_i_8/O
                         net (fo=1, unplaced)         0.260     1.644    u_core/u_ex/u_branch/branch_taken0_inferred__2/i__carry__0_0[0]
                         CARRY8 (Prop_CARRY8_DI[0]_CO[7])
                                                      0.140     1.784 f  u_core/u_ex/u_branch/branch_taken0_inferred__2/i__carry/CO[7]
                         net (fo=1, unplaced)         0.005     1.789    u_core/u_ex/u_branch/branch_taken0_inferred__2/i__carry_n_0
                         CARRY8 (Prop_CARRY8_CI_CO[7])
                                                      0.022     1.811 f  u_core/u_ex/u_branch/branch_taken0_inferred__2/i__carry__0/CO[7]
                         net (fo=1, unplaced)         0.020     1.831    u_core/u_id_ex/i__i_1_1[0]
                         LUT5 (Prop_LUT5_I4_O)        0.038     1.869 f  u_core/u_id_ex/i__i_3/O
                         net (fo=3, unplaced)         0.192     2.061    u_core/u_id_ex/i__i_3_n_0
                         LUT3 (Prop_LUT3_I2_O)        0.038     2.099 f  u_core/u_id_ex/mem_fault_i_8/O
                         net (fo=2, unplaced)         0.186     2.285    u_core/u_id_ex/u_ex/pc_redirect_valid25_in
                         LUT6 (Prop_LUT6_I0_O)        0.038     2.323 f  u_core/u_id_ex/mem_fault_i_2/O
                         net (fo=2, unplaced)         0.186     2.509    u_core/u_id_ex/mem_fault_i_2_n_0
                         LUT6 (Prop_LUT6_I0_O)        0.038     2.547 f  u_core/u_id_ex/mem_fault_i_1/O
                         net (fo=7, unplaced)         0.211     2.758    u_core/u_if_id/ex_fault_out
                         LUT6 (Prop_LUT6_I5_O)        0.038     2.796 r  u_core/u_if_id/id_fault_cause[31]_i_1/O
                         net (fo=40, unplaced)        0.251     3.047    u_core/u_if/u_pc/external_irq_inject
                         LUT6 (Prop_LUT6_I2_O)        0.038     3.085 r  u_core/u_if/u_pc/debug_pc[31]_INST_0_i_9/O
                         net (fo=35, unplaced)        0.248     3.333    u_core/u_id_ex/trap_valid0
                         LUT6 (Prop_LUT6_I4_O)        0.038     3.371 r  u_core/u_id_ex/pc_current[8]_i_19/O
                         net (fo=1, unplaced)         0.186     3.557    u_core/u_id_ex/pc_current[8]_i_19_n_0
                         LUT6 (Prop_LUT6_I5_O)        0.037     3.594 r  u_core/u_id_ex/pc_current[8]_i_14/O
                         net (fo=1, unplaced)         0.023     3.617    u_core/u_id_ex/pc_current[8]_i_14_n_0
                         CARRY8 (Prop_CARRY8_S[1]_CO[7])
                                                      0.197     3.814 r  u_core/u_id_ex/pc_current_reg[8]_i_3/CO[7]
                         net (fo=1, unplaced)         0.005     3.819    u_core/u_id_ex/pc_current_reg[8]_i_3_n_0
                         CARRY8 (Prop_CARRY8_CI_CO[7])
                                                      0.022     3.841 r  u_core/u_id_ex/pc_current_reg[16]_i_3/CO[7]
                         net (fo=1, unplaced)         0.005     3.846    u_core/u_ex_mem/CO[0]
                         CARRY8 (Prop_CARRY8_CI_CO[7])
                                                      0.022     3.868 r  u_core/u_ex_mem/pc_current_reg[24]_i_3/CO[7]
                         net (fo=1, unplaced)         0.005     3.873    u_core/u_ex_mem/pc_current_reg[24]_i_3_n_0
                         CARRY8 (Prop_CARRY8_CI_O[1])
                                                      0.076     3.949 r  u_core/u_ex_mem/pc_current_reg[31]_i_4/O[1]
                         net (fo=1, unplaced)         0.184     4.133    u_core/u_ex_mem/u_trap/trap_target0[26]
                         LUT5 (Prop_LUT5_I0_O)        0.038     4.171 r  u_core/u_ex_mem/pc_current[26]_i_2/O
                         net (fo=1, unplaced)         0.186     4.357    u_core/u_ex_mem/pc_redirect_target[26]
                         LUT3 (Prop_LUT3_I0_O)        0.070     4.427 r  u_core/u_ex_mem/pc_current[26]_i_1/O
                         net (fo=1, unplaced)         0.048     4.475    u_core/u_if/u_pc/pc_current_reg[31]_0[26]
                         FDCE                                         r  u_core/u_if/u_pc/pc_current_reg[26]/D
  -------------------------------------------------------------------    -------------------

                         (clock aclk rise edge)      10.000    10.000 r  
                                                      0.000    10.000 r  aclk (IN)
                         net (fo=1629, unset)         0.021    10.021    u_core/u_if/u_pc/aclk
                         FDCE                                         r  u_core/u_if/u_pc/pc_current_reg[26]/C
                         clock pessimism              0.000    10.021    
                         clock uncertainty           -0.035     9.986    
                         FDCE (Setup_FDCE_C_D)        0.025    10.011    u_core/u_if/u_pc/pc_current_reg[26]
  -------------------------------------------------------------------
                         required time                         10.011    
                         arrival time                          -4.475    
  -------------------------------------------------------------------
                         slack                                  5.536    

Slack (MET) :             5.543ns  (required time - arrival time)
  Source:                 u_core/u_mem_wb/wb_rd_reg[0]/C
                            (rising edge-triggered cell FDCE clocked by aclk  {rise@0.000ns fall@5.000ns period=10.000ns})
  Destination:            u_core/u_if/u_pc/pc_current_reg[27]/D
                            (rising edge-triggered cell FDCE clocked by aclk  {rise@0.000ns fall@5.000ns period=10.000ns})
  Path Group:             aclk
  Path Type:              Setup (Max at Slow Process Corner)
  Requirement:            10.000ns  (aclk rise@10.000ns - aclk rise@0.000ns)
  Data Path Delay:        4.438ns  (logic 1.227ns (27.648%)  route 3.211ns (72.352%))
  Logic Levels:           21  (CARRY8=6 LUT2=1 LUT3=2 LUT4=1 LUT5=3 LUT6=8)
  Clock Path Skew:        -0.009ns (DCD - SCD + CPR)
    Destination Clock Delay (DCD):    0.021ns = ( 10.021 - 10.000 ) 
    Source Clock Delay      (SCD):    0.030ns
    Clock Pessimism Removal (CPR):    0.000ns
  Clock Uncertainty:      0.035ns  ((TSJ^2 + TIJ^2)^1/2 + DJ) / 2 + PE
    Total System Jitter     (TSJ):    0.071ns
    Total Input Jitter      (TIJ):    0.000ns
    Discrete Jitter          (DJ):    0.000ns
    Phase Error              (PE):    0.000ns

    Location             Delay type                Incr(ns)  Path(ns)    Netlist Resource(s)
  -------------------------------------------------------------------    -------------------
                         (clock aclk rise edge)       0.000     0.000 r  
                                                      0.000     0.000 r  aclk (IN)
                         net (fo=1629, unset)         0.030     0.030    u_core/u_mem_wb/aclk
                         FDCE                                         r  u_core/u_mem_wb/wb_rd_reg[0]/C
  -------------------------------------------------------------------    -------------------
                         FDCE (Prop_FDCE_C_Q)         0.077     0.107 r  u_core/u_mem_wb/wb_rd_reg[0]/Q
                         net (fo=88, unplaced)        0.220     0.327    u_core/u_mem_wb/Q[0]
                         LUT2 (Prop_LUT2_I1_O)        0.070     0.397 r  u_core/u_mem_wb/mem_store_data[31]_i_10/O
                         net (fo=1, unplaced)         0.186     0.583    u_core/u_mem_wb/mem_store_data[31]_i_10_n_0
                         LUT6 (Prop_LUT6_I2_O)        0.038     0.621 r  u_core/u_mem_wb/mem_store_data[31]_i_5/O
                         net (fo=1, unplaced)         0.186     0.807    u_core/u_mem_wb/u_forward/p_5_in
                         LUT6 (Prop_LUT6_I4_O)        0.038     0.845 r  u_core/u_mem_wb/mem_store_data[31]_i_2/O
                         net (fo=32, unplaced)        0.197     1.042    u_core/u_mem_wb/mem_store_data[31]_i_2_n_0
                         LUT5 (Prop_LUT5_I0_O)        0.053     1.095 r  u_core/u_mem_wb/mem_store_data[1]_i_1/O
                         net (fo=10, unplaced)        0.219     1.314    u_core/u_ex_mem/ex_store_data[1]
                         LUT4 (Prop_LUT4_I2_O)        0.070     1.384 f  u_core/u_ex_mem/i__carry_i_8/O
                         net (fo=1, unplaced)         0.260     1.644    u_core/u_ex/u_branch/branch_taken0_inferred__2/i__carry__0_0[0]
                         CARRY8 (Prop_CARRY8_DI[0]_CO[7])
                                                      0.140     1.784 f  u_core/u_ex/u_branch/branch_taken0_inferred__2/i__carry/CO[7]
                         net (fo=1, unplaced)         0.005     1.789    u_core/u_ex/u_branch/branch_taken0_inferred__2/i__carry_n_0
                         CARRY8 (Prop_CARRY8_CI_CO[7])
                                                      0.022     1.811 f  u_core/u_ex/u_branch/branch_taken0_inferred__2/i__carry__0/CO[7]
                         net (fo=1, unplaced)         0.020     1.831    u_core/u_id_ex/i__i_1_1[0]
                         LUT5 (Prop_LUT5_I4_O)        0.038     1.869 f  u_core/u_id_ex/i__i_3/O
                         net (fo=3, unplaced)         0.192     2.061    u_core/u_id_ex/i__i_3_n_0
                         LUT3 (Prop_LUT3_I2_O)        0.038     2.099 f  u_core/u_id_ex/mem_fault_i_8/O
                         net (fo=2, unplaced)         0.186     2.285    u_core/u_id_ex/u_ex/pc_redirect_valid25_in
                         LUT6 (Prop_LUT6_I0_O)        0.038     2.323 f  u_core/u_id_ex/mem_fault_i_2/O
                         net (fo=2, unplaced)         0.186     2.509    u_core/u_id_ex/mem_fault_i_2_n_0
                         LUT6 (Prop_LUT6_I0_O)        0.038     2.547 f  u_core/u_id_ex/mem_fault_i_1/O
                         net (fo=7, unplaced)         0.211     2.758    u_core/u_if_id/ex_fault_out
                         LUT6 (Prop_LUT6_I5_O)        0.038     2.796 r  u_core/u_if_id/id_fault_cause[31]_i_1/O
                         net (fo=40, unplaced)        0.251     3.047    u_core/u_if/u_pc/external_irq_inject
                         LUT6 (Prop_LUT6_I2_O)        0.038     3.085 r  u_core/u_if/u_pc/debug_pc[31]_INST_0_i_9/O
                         net (fo=35, unplaced)        0.248     3.333    u_core/u_id_ex/trap_valid0
                         LUT6 (Prop_LUT6_I4_O)        0.038     3.371 r  u_core/u_id_ex/pc_current[8]_i_19/O
                         net (fo=1, unplaced)         0.186     3.557    u_core/u_id_ex/pc_current[8]_i_19_n_0
                         LUT6 (Prop_LUT6_I5_O)        0.037     3.594 r  u_core/u_id_ex/pc_current[8]_i_14/O
                         net (fo=1, unplaced)         0.023     3.617    u_core/u_id_ex/pc_current[8]_i_14_n_0
                         CARRY8 (Prop_CARRY8_S[1]_CO[7])
                                                      0.197     3.814 r  u_core/u_id_ex/pc_current_reg[8]_i_3/CO[7]
                         net (fo=1, unplaced)         0.005     3.819    u_core/u_id_ex/pc_current_reg[8]_i_3_n_0
                         CARRY8 (Prop_CARRY8_CI_CO[7])
                                                      0.022     3.841 r  u_core/u_id_ex/pc_current_reg[16]_i_3/CO[7]
                         net (fo=1, unplaced)         0.005     3.846    u_core/u_ex_mem/CO[0]
                         CARRY8 (Prop_CARRY8_CI_CO[7])
                                                      0.022     3.868 r  u_core/u_ex_mem/pc_current_reg[24]_i_3/CO[7]
                         net (fo=1, unplaced)         0.005     3.873    u_core/u_ex_mem/pc_current_reg[24]_i_3_n_0
                         CARRY8 (Prop_CARRY8_CI_O[2])
                                                      0.067     3.940 r  u_core/u_ex_mem/pc_current_reg[31]_i_4/O[2]
                         net (fo=1, unplaced)         0.186     4.126    u_core/u_id_ex/pc_current_reg[31]_0[2]
                         LUT5 (Prop_LUT5_I0_O)        0.038     4.164 r  u_core/u_id_ex/pc_current[27]_i_2/O
                         net (fo=1, unplaced)         0.186     4.350    u_core/u_id_ex/pc_redirect_target[27]
                         LUT3 (Prop_LUT3_I0_O)        0.070     4.420 r  u_core/u_id_ex/pc_current[27]_i_1/O
                         net (fo=1, unplaced)         0.048     4.468    u_core/u_if/u_pc/pc_current_reg[31]_0[27]
                         FDCE                                         r  u_core/u_if/u_pc/pc_current_reg[27]/D
  -------------------------------------------------------------------    -------------------

                         (clock aclk rise edge)      10.000    10.000 r  
                                                      0.000    10.000 r  aclk (IN)
                         net (fo=1629, unset)         0.021    10.021    u_core/u_if/u_pc/aclk
                         FDCE                                         r  u_core/u_if/u_pc/pc_current_reg[27]/C
                         clock pessimism              0.000    10.021    
                         clock uncertainty           -0.035     9.986    
                         FDCE (Setup_FDCE_C_D)        0.025    10.011    u_core/u_if/u_pc/pc_current_reg[27]
  -------------------------------------------------------------------
                         required time                         10.011    
                         arrival time                          -4.468    
  -------------------------------------------------------------------
                         slack                                  5.543    

Slack (MET) :             5.553ns  (required time - arrival time)
  Source:                 u_core/u_mem_wb/wb_rd_reg[0]/C
                            (rising edge-triggered cell FDCE clocked by aclk  {rise@0.000ns fall@5.000ns period=10.000ns})
  Destination:            u_core/u_if/u_pc/pc_current_reg[21]/D
                            (rising edge-triggered cell FDCE clocked by aclk  {rise@0.000ns fall@5.000ns period=10.000ns})
  Path Group:             aclk
  Path Type:              Setup (Max at Slow Process Corner)
  Requirement:            10.000ns  (aclk rise@10.000ns - aclk rise@0.000ns)
  Data Path Delay:        4.428ns  (logic 1.224ns (27.642%)  route 3.204ns (72.358%))
  Logic Levels:           20  (CARRY8=5 LUT2=1 LUT3=2 LUT4=1 LUT5=3 LUT6=8)
  Clock Path Skew:        -0.009ns (DCD - SCD + CPR)
    Destination Clock Delay (DCD):    0.021ns = ( 10.021 - 10.000 ) 
    Source Clock Delay      (SCD):    0.030ns
    Clock Pessimism Removal (CPR):    0.000ns
  Clock Uncertainty:      0.035ns  ((TSJ^2 + TIJ^2)^1/2 + DJ) / 2 + PE
    Total System Jitter     (TSJ):    0.071ns
    Total Input Jitter      (TIJ):    0.000ns
    Discrete Jitter          (DJ):    0.000ns
    Phase Error              (PE):    0.000ns

    Location             Delay type                Incr(ns)  Path(ns)    Netlist Resource(s)
  -------------------------------------------------------------------    -------------------
                         (clock aclk rise edge)       0.000     0.000 r  
                                                      0.000     0.000 r  aclk (IN)
                         net (fo=1629, unset)         0.030     0.030    u_core/u_mem_wb/aclk
                         FDCE                                         r  u_core/u_mem_wb/wb_rd_reg[0]/C
  -------------------------------------------------------------------    -------------------
                         FDCE (Prop_FDCE_C_Q)         0.077     0.107 r  u_core/u_mem_wb/wb_rd_reg[0]/Q
                         net (fo=88, unplaced)        0.220     0.327    u_core/u_mem_wb/Q[0]
                         LUT2 (Prop_LUT2_I1_O)        0.070     0.397 r  u_core/u_mem_wb/mem_store_data[31]_i_10/O
                         net (fo=1, unplaced)         0.186     0.583    u_core/u_mem_wb/mem_store_data[31]_i_10_n_0
                         LUT6 (Prop_LUT6_I2_O)        0.038     0.621 r  u_core/u_mem_wb/mem_store_data[31]_i_5/O
                         net (fo=1, unplaced)         0.186     0.807    u_core/u_mem_wb/u_forward/p_5_in
                         LUT6 (Prop_LUT6_I4_O)        0.038     0.845 r  u_core/u_mem_wb/mem_store_data[31]_i_2/O
                         net (fo=32, unplaced)        0.197     1.042    u_core/u_mem_wb/mem_store_data[31]_i_2_n_0
                         LUT5 (Prop_LUT5_I0_O)        0.053     1.095 r  u_core/u_mem_wb/mem_store_data[1]_i_1/O
                         net (fo=10, unplaced)        0.219     1.314    u_core/u_ex_mem/ex_store_data[1]
                         LUT4 (Prop_LUT4_I2_O)        0.070     1.384 f  u_core/u_ex_mem/i__carry_i_8/O
                         net (fo=1, unplaced)         0.260     1.644    u_core/u_ex/u_branch/branch_taken0_inferred__2/i__carry__0_0[0]
                         CARRY8 (Prop_CARRY8_DI[0]_CO[7])
                                                      0.140     1.784 f  u_core/u_ex/u_branch/branch_taken0_inferred__2/i__carry/CO[7]
                         net (fo=1, unplaced)         0.005     1.789    u_core/u_ex/u_branch/branch_taken0_inferred__2/i__carry_n_0
                         CARRY8 (Prop_CARRY8_CI_CO[7])
                                                      0.022     1.811 f  u_core/u_ex/u_branch/branch_taken0_inferred__2/i__carry__0/CO[7]
                         net (fo=1, unplaced)         0.020     1.831    u_core/u_id_ex/i__i_1_1[0]
                         LUT5 (Prop_LUT5_I4_O)        0.038     1.869 f  u_core/u_id_ex/i__i_3/O
                         net (fo=3, unplaced)         0.192     2.061    u_core/u_id_ex/i__i_3_n_0
                         LUT3 (Prop_LUT3_I2_O)        0.038     2.099 f  u_core/u_id_ex/mem_fault_i_8/O
                         net (fo=2, unplaced)         0.186     2.285    u_core/u_id_ex/u_ex/pc_redirect_valid25_in
                         LUT6 (Prop_LUT6_I0_O)        0.038     2.323 f  u_core/u_id_ex/mem_fault_i_2/O
                         net (fo=2, unplaced)         0.186     2.509    u_core/u_id_ex/mem_fault_i_2_n_0
                         LUT6 (Prop_LUT6_I0_O)        0.038     2.547 f  u_core/u_id_ex/mem_fault_i_1/O
                         net (fo=7, unplaced)         0.211     2.758    u_core/u_if_id/ex_fault_out
                         LUT6 (Prop_LUT6_I5_O)        0.038     2.796 r  u_core/u_if_id/id_fault_cause[31]_i_1/O
                         net (fo=40, unplaced)        0.251     3.047    u_core/u_if/u_pc/external_irq_inject
                         LUT6 (Prop_LUT6_I2_O)        0.038     3.085 r  u_core/u_if/u_pc/debug_pc[31]_INST_0_i_9/O
                         net (fo=35, unplaced)        0.248     3.333    u_core/u_id_ex/trap_valid0
                         LUT6 (Prop_LUT6_I4_O)        0.038     3.371 r  u_core/u_id_ex/pc_current[8]_i_19/O
                         net (fo=1, unplaced)         0.186     3.557    u_core/u_id_ex/pc_current[8]_i_19_n_0
                         LUT6 (Prop_LUT6_I5_O)        0.037     3.594 r  u_core/u_id_ex/pc_current[8]_i_14/O
                         net (fo=1, unplaced)         0.023     3.617    u_core/u_id_ex/pc_current[8]_i_14_n_0
                         CARRY8 (Prop_CARRY8_S[1]_CO[7])
                                                      0.197     3.814 r  u_core/u_id_ex/pc_current_reg[8]_i_3/CO[7]
                         net (fo=1, unplaced)         0.005     3.819    u_core/u_id_ex/pc_current_reg[8]_i_3_n_0
                         CARRY8 (Prop_CARRY8_CI_CO[7])
                                                      0.022     3.841 r  u_core/u_id_ex/pc_current_reg[16]_i_3/CO[7]
                         net (fo=1, unplaced)         0.005     3.846    u_core/u_ex_mem/CO[0]
                         CARRY8 (Prop_CARRY8_CI_O[4])
                                                      0.086     3.932 r  u_core/u_ex_mem/pc_current_reg[24]_i_3/O[4]
                         net (fo=1, unplaced)         0.184     4.116    u_core/u_ex_mem/u_trap/trap_target0[21]
                         LUT5 (Prop_LUT5_I0_O)        0.038     4.154 r  u_core/u_ex_mem/pc_current[21]_i_2/O
                         net (fo=1, unplaced)         0.186     4.340    u_core/u_ex_mem/pc_redirect_target[21]
                         LUT3 (Prop_LUT3_I0_O)        0.070     4.410 r  u_core/u_ex_mem/pc_current[21]_i_1/O
                         net (fo=1, unplaced)         0.048     4.458    u_core/u_if/u_pc/pc_current_reg[31]_0[21]
                         FDCE                                         r  u_core/u_if/u_pc/pc_current_reg[21]/D
  -------------------------------------------------------------------    -------------------

                         (clock aclk rise edge)      10.000    10.000 r  
                                                      0.000    10.000 r  aclk (IN)
                         net (fo=1629, unset)         0.021    10.021    u_core/u_if/u_pc/aclk
                         FDCE                                         r  u_core/u_if/u_pc/pc_current_reg[21]/C
                         clock pessimism              0.000    10.021    
                         clock uncertainty           -0.035     9.986    
                         FDCE (Setup_FDCE_C_D)        0.025    10.011    u_core/u_if/u_pc/pc_current_reg[21]
  -------------------------------------------------------------------
                         required time                         10.011    
                         arrival time                          -4.458    
  -------------------------------------------------------------------
                         slack                                  5.553    

Slack (MET) :             5.558ns  (required time - arrival time)
  Source:                 u_core/u_mem_wb/wb_rd_reg[0]/C
                            (rising edge-triggered cell FDCE clocked by aclk  {rise@0.000ns fall@5.000ns period=10.000ns})
  Destination:            u_core/u_if/u_pc/pc_current_reg[29]/D
                            (rising edge-triggered cell FDCE clocked by aclk  {rise@0.000ns fall@5.000ns period=10.000ns})
  Path Group:             aclk
  Path Type:              Setup (Max at Slow Process Corner)
  Requirement:            10.000ns  (aclk rise@10.000ns - aclk rise@0.000ns)
  Data Path Delay:        4.423ns  (logic 1.214ns (27.447%)  route 3.209ns (72.553%))
  Logic Levels:           21  (CARRY8=6 LUT2=1 LUT3=2 LUT4=1 LUT5=3 LUT6=8)
  Clock Path Skew:        -0.009ns (DCD - SCD + CPR)
    Destination Clock Delay (DCD):    0.021ns = ( 10.021 - 10.000 ) 
    Source Clock Delay      (SCD):    0.030ns
    Clock Pessimism Removal (CPR):    0.000ns
  Clock Uncertainty:      0.035ns  ((TSJ^2 + TIJ^2)^1/2 + DJ) / 2 + PE
    Total System Jitter     (TSJ):    0.071ns
    Total Input Jitter      (TIJ):    0.000ns
    Discrete Jitter          (DJ):    0.000ns
    Phase Error              (PE):    0.000ns

    Location             Delay type                Incr(ns)  Path(ns)    Netlist Resource(s)
  -------------------------------------------------------------------    -------------------
                         (clock aclk rise edge)       0.000     0.000 r  
                                                      0.000     0.000 r  aclk (IN)
                         net (fo=1629, unset)         0.030     0.030    u_core/u_mem_wb/aclk
                         FDCE                                         r  u_core/u_mem_wb/wb_rd_reg[0]/C
  -------------------------------------------------------------------    -------------------
                         FDCE (Prop_FDCE_C_Q)         0.077     0.107 r  u_core/u_mem_wb/wb_rd_reg[0]/Q
                         net (fo=88, unplaced)        0.220     0.327    u_core/u_mem_wb/Q[0]
                         LUT2 (Prop_LUT2_I1_O)        0.070     0.397 r  u_core/u_mem_wb/mem_store_data[31]_i_10/O
                         net (fo=1, unplaced)         0.186     0.583    u_core/u_mem_wb/mem_store_data[31]_i_10_n_0
                         LUT6 (Prop_LUT6_I2_O)        0.038     0.621 r  u_core/u_mem_wb/mem_store_data[31]_i_5/O
                         net (fo=1, unplaced)         0.186     0.807    u_core/u_mem_wb/u_forward/p_5_in
                         LUT6 (Prop_LUT6_I4_O)        0.038     0.845 r  u_core/u_mem_wb/mem_store_data[31]_i_2/O
                         net (fo=32, unplaced)        0.197     1.042    u_core/u_mem_wb/mem_store_data[31]_i_2_n_0
                         LUT5 (Prop_LUT5_I0_O)        0.053     1.095 r  u_core/u_mem_wb/mem_store_data[1]_i_1/O
                         net (fo=10, unplaced)        0.219     1.314    u_core/u_ex_mem/ex_store_data[1]
                         LUT4 (Prop_LUT4_I2_O)        0.070     1.384 f  u_core/u_ex_mem/i__carry_i_8/O
                         net (fo=1, unplaced)         0.260     1.644    u_core/u_ex/u_branch/branch_taken0_inferred__2/i__carry__0_0[0]
                         CARRY8 (Prop_CARRY8_DI[0]_CO[7])
                                                      0.140     1.784 f  u_core/u_ex/u_branch/branch_taken0_inferred__2/i__carry/CO[7]
                         net (fo=1, unplaced)         0.005     1.789    u_core/u_ex/u_branch/branch_taken0_inferred__2/i__carry_n_0
                         CARRY8 (Prop_CARRY8_CI_CO[7])
                                                      0.022     1.811 f  u_core/u_ex/u_branch/branch_taken0_inferred__2/i__carry__0/CO[7]
                         net (fo=1, unplaced)         0.020     1.831    u_core/u_id_ex/i__i_1_1[0]
                         LUT5 (Prop_LUT5_I4_O)        0.038     1.869 f  u_core/u_id_ex/i__i_3/O
                         net (fo=3, unplaced)         0.192     2.061    u_core/u_id_ex/i__i_3_n_0
                         LUT3 (Prop_LUT3_I2_O)        0.038     2.099 f  u_core/u_id_ex/mem_fault_i_8/O
                         net (fo=2, unplaced)         0.186     2.285    u_core/u_id_ex/u_ex/pc_redirect_valid25_in
                         LUT6 (Prop_LUT6_I0_O)        0.038     2.323 f  u_core/u_id_ex/mem_fault_i_2/O
                         net (fo=2, unplaced)         0.186     2.509    u_core/u_id_ex/mem_fault_i_2_n_0
                         LUT6 (Prop_LUT6_I0_O)        0.038     2.547 f  u_core/u_id_ex/mem_fault_i_1/O
                         net (fo=7, unplaced)         0.211     2.758    u_core/u_if_id/ex_fault_out
                         LUT6 (Prop_LUT6_I5_O)        0.038     2.796 r  u_core/u_if_id/id_fault_cause[31]_i_1/O
                         net (fo=40, unplaced)        0.251     3.047    u_core/u_if/u_pc/external_irq_inject
                         LUT6 (Prop_LUT6_I2_O)        0.038     3.085 r  u_core/u_if/u_pc/debug_pc[31]_INST_0_i_9/O
                         net (fo=35, unplaced)        0.248     3.333    u_core/u_id_ex/trap_valid0
                         LUT6 (Prop_LUT6_I4_O)        0.038     3.371 r  u_core/u_id_ex/pc_current[8]_i_19/O
                         net (fo=1, unplaced)         0.186     3.557    u_core/u_id_ex/pc_current[8]_i_19_n_0
                         LUT6 (Prop_LUT6_I5_O)        0.037     3.594 r  u_core/u_id_ex/pc_current[8]_i_14/O
                         net (fo=1, unplaced)         0.023     3.617    u_core/u_id_ex/pc_current[8]_i_14_n_0
                         CARRY8 (Prop_CARRY8_S[1]_CO[7])
                                                      0.197     3.814 r  u_core/u_id_ex/pc_current_reg[8]_i_3/CO[7]
                         net (fo=1, unplaced)         0.005     3.819    u_core/u_id_ex/pc_current_reg[8]_i_3_n_0
                         CARRY8 (Prop_CARRY8_CI_CO[7])
                                                      0.022     3.841 r  u_core/u_id_ex/pc_current_reg[16]_i_3/CO[7]
                         net (fo=1, unplaced)         0.005     3.846    u_core/u_ex_mem/CO[0]
                         CARRY8 (Prop_CARRY8_CI_CO[7])
                                                      0.022     3.868 r  u_core/u_ex_mem/pc_current_reg[24]_i_3/CO[7]
                         net (fo=1, unplaced)         0.005     3.873    u_core/u_ex_mem/pc_current_reg[24]_i_3_n_0
                         CARRY8 (Prop_CARRY8_CI_O[4])
                                                      0.086     3.959 r  u_core/u_ex_mem/pc_current_reg[31]_i_4/O[4]
                         net (fo=1, unplaced)         0.184     4.143    u_core/u_id_ex/pc_current_reg[31]_0[3]
                         LUT5 (Prop_LUT5_I0_O)        0.038     4.181 r  u_core/u_id_ex/pc_current[29]_i_2/O
                         net (fo=1, unplaced)         0.186     4.367    u_core/u_id_ex/pc_redirect_target[29]
                         LUT3 (Prop_LUT3_I0_O)        0.038     4.405 r  u_core/u_id_ex/pc_current[29]_i_1/O
                         net (fo=1, unplaced)         0.048     4.453    u_core/u_if/u_pc/pc_current_reg[31]_0[29]
                         FDCE                                         r  u_core/u_if/u_pc/pc_current_reg[29]/D
  -------------------------------------------------------------------    -------------------

                         (clock aclk rise edge)      10.000    10.000 r  
                                                      0.000    10.000 r  aclk (IN)
                         net (fo=1629, unset)         0.021    10.021    u_core/u_if/u_pc/aclk
                         FDCE                                         r  u_core/u_if/u_pc/pc_current_reg[29]/C
                         clock pessimism              0.000    10.021    
                         clock uncertainty           -0.035     9.986    
                         FDCE (Setup_FDCE_C_D)        0.025    10.011    u_core/u_if/u_pc/pc_current_reg[29]
  -------------------------------------------------------------------
                         required time                         10.011    
                         arrival time                          -4.453    
  -------------------------------------------------------------------
                         slack                                  5.558    

Slack (MET) :             5.569ns  (required time - arrival time)
  Source:                 u_core/u_mem_wb/wb_rd_reg[0]/C
                            (rising edge-triggered cell FDCE clocked by aclk  {rise@0.000ns fall@5.000ns period=10.000ns})
  Destination:            u_core/u_if/u_pc/pc_current_reg[24]/D
                            (rising edge-triggered cell FDCE clocked by aclk  {rise@0.000ns fall@5.000ns period=10.000ns})
  Path Group:             aclk
  Path Type:              Setup (Max at Slow Process Corner)
  Requirement:            10.000ns  (aclk rise@10.000ns - aclk rise@0.000ns)
  Data Path Delay:        4.412ns  (logic 1.254ns (28.422%)  route 3.158ns (71.578%))
  Logic Levels:           20  (CARRY8=5 LUT2=1 LUT3=2 LUT4=1 LUT5=3 LUT6=8)
  Clock Path Skew:        -0.009ns (DCD - SCD + CPR)
    Destination Clock Delay (DCD):    0.021ns = ( 10.021 - 10.000 ) 
    Source Clock Delay      (SCD):    0.030ns
    Clock Pessimism Removal (CPR):    0.000ns
  Clock Uncertainty:      0.035ns  ((TSJ^2 + TIJ^2)^1/2 + DJ) / 2 + PE
    Total System Jitter     (TSJ):    0.071ns
    Total Input Jitter      (TIJ):    0.000ns
    Discrete Jitter          (DJ):    0.000ns
    Phase Error              (PE):    0.000ns

    Location             Delay type                Incr(ns)  Path(ns)    Netlist Resource(s)
  -------------------------------------------------------------------    -------------------
                         (clock aclk rise edge)       0.000     0.000 r  
                                                      0.000     0.000 r  aclk (IN)
                         net (fo=1629, unset)         0.030     0.030    u_core/u_mem_wb/aclk
                         FDCE                                         r  u_core/u_mem_wb/wb_rd_reg[0]/C
  -------------------------------------------------------------------    -------------------
                         FDCE (Prop_FDCE_C_Q)         0.077     0.107 r  u_core/u_mem_wb/wb_rd_reg[0]/Q
                         net (fo=88, unplaced)        0.220     0.327    u_core/u_mem_wb/Q[0]
                         LUT2 (Prop_LUT2_I1_O)        0.070     0.397 r  u_core/u_mem_wb/mem_store_data[31]_i_10/O
                         net (fo=1, unplaced)         0.186     0.583    u_core/u_mem_wb/mem_store_data[31]_i_10_n_0
                         LUT6 (Prop_LUT6_I2_O)        0.038     0.621 r  u_core/u_mem_wb/mem_store_data[31]_i_5/O
                         net (fo=1, unplaced)         0.186     0.807    u_core/u_mem_wb/u_forward/p_5_in
                         LUT6 (Prop_LUT6_I4_O)        0.038     0.845 r  u_core/u_mem_wb/mem_store_data[31]_i_2/O
                         net (fo=32, unplaced)        0.197     1.042    u_core/u_mem_wb/mem_store_data[31]_i_2_n_0
                         LUT5 (Prop_LUT5_I0_O)        0.053     1.095 r  u_core/u_mem_wb/mem_store_data[1]_i_1/O
                         net (fo=10, unplaced)        0.219     1.314    u_core/u_ex_mem/ex_store_data[1]
                         LUT4 (Prop_LUT4_I2_O)        0.070     1.384 f  u_core/u_ex_mem/i__carry_i_8/O
                         net (fo=1, unplaced)         0.260     1.644    u_core/u_ex/u_branch/branch_taken0_inferred__2/i__carry__0_0[0]
                         CARRY8 (Prop_CARRY8_DI[0]_CO[7])
                                                      0.140     1.784 f  u_core/u_ex/u_branch/branch_taken0_inferred__2/i__carry/CO[7]
                         net (fo=1, unplaced)         0.005     1.789    u_core/u_ex/u_branch/branch_taken0_inferred__2/i__carry_n_0
                         CARRY8 (Prop_CARRY8_CI_CO[7])
                                                      0.022     1.811 f  u_core/u_ex/u_branch/branch_taken0_inferred__2/i__carry__0/CO[7]
                         net (fo=1, unplaced)         0.020     1.831    u_core/u_id_ex/i__i_1_1[0]
                         LUT5 (Prop_LUT5_I4_O)        0.038     1.869 f  u_core/u_id_ex/i__i_3/O
                         net (fo=3, unplaced)         0.192     2.061    u_core/u_id_ex/i__i_3_n_0
                         LUT3 (Prop_LUT3_I2_O)        0.038     2.099 f  u_core/u_id_ex/mem_fault_i_8/O
                         net (fo=2, unplaced)         0.186     2.285    u_core/u_id_ex/u_ex/pc_redirect_valid25_in
                         LUT6 (Prop_LUT6_I0_O)        0.038     2.323 f  u_core/u_id_ex/mem_fault_i_2/O
                         net (fo=2, unplaced)         0.186     2.509    u_core/u_id_ex/mem_fault_i_2_n_0
                         LUT6 (Prop_LUT6_I0_O)        0.038     2.547 f  u_core/u_id_ex/mem_fault_i_1/O
                         net (fo=7, unplaced)         0.211     2.758    u_core/u_if_id/ex_fault_out
                         LUT6 (Prop_LUT6_I5_O)        0.038     2.796 r  u_core/u_if_id/id_fault_cause[31]_i_1/O
                         net (fo=40, unplaced)        0.251     3.047    u_core/u_if/u_pc/external_irq_inject
                         LUT6 (Prop_LUT6_I2_O)        0.038     3.085 r  u_core/u_if/u_pc/debug_pc[31]_INST_0_i_9/O
                         net (fo=35, unplaced)        0.248     3.333    u_core/u_id_ex/trap_valid0
                         LUT6 (Prop_LUT6_I4_O)        0.038     3.371 r  u_core/u_id_ex/pc_current[8]_i_19/O
                         net (fo=1, unplaced)         0.186     3.557    u_core/u_id_ex/pc_current[8]_i_19_n_0
                         LUT6 (Prop_LUT6_I5_O)        0.037     3.594 r  u_core/u_id_ex/pc_current[8]_i_14/O
                         net (fo=1, unplaced)         0.023     3.617    u_core/u_id_ex/pc_current[8]_i_14_n_0
                         CARRY8 (Prop_CARRY8_S[1]_CO[7])
                                                      0.197     3.814 r  u_core/u_id_ex/pc_current_reg[8]_i_3/CO[7]
                         net (fo=1, unplaced)         0.005     3.819    u_core/u_id_ex/pc_current_reg[8]_i_3_n_0
                         CARRY8 (Prop_CARRY8_CI_CO[7])
                                                      0.022     3.841 r  u_core/u_id_ex/pc_current_reg[16]_i_3/CO[7]
                         net (fo=1, unplaced)         0.005     3.846    u_core/u_ex_mem/CO[0]
                         CARRY8 (Prop_CARRY8_CI_O[7])
                                                      0.116     3.962 r  u_core/u_ex_mem/pc_current_reg[24]_i_3/O[7]
                         net (fo=1, unplaced)         0.138     4.100    u_core/u_ex_mem/u_trap/trap_target0[24]
                         LUT5 (Prop_LUT5_I0_O)        0.038     4.138 r  u_core/u_ex_mem/pc_current[24]_i_2/O
                         net (fo=1, unplaced)         0.186     4.324    u_core/u_ex_mem/pc_redirect_target[24]
                         LUT3 (Prop_LUT3_I0_O)        0.070     4.394 r  u_core/u_ex_mem/pc_current[24]_i_1/O
                         net (fo=1, unplaced)         0.048     4.442    u_core/u_if/u_pc/pc_current_reg[31]_0[24]
                         FDCE                                         r  u_core/u_if/u_pc/pc_current_reg[24]/D
  -------------------------------------------------------------------    -------------------

                         (clock aclk rise edge)      10.000    10.000 r  
                                                      0.000    10.000 r  aclk (IN)
                         net (fo=1629, unset)         0.021    10.021    u_core/u_if/u_pc/aclk
                         FDCE                                         r  u_core/u_if/u_pc/pc_current_reg[24]/C
                         clock pessimism              0.000    10.021    
                         clock uncertainty           -0.035     9.986    
                         FDCE (Setup_FDCE_C_D)        0.025    10.011    u_core/u_if/u_pc/pc_current_reg[24]
  -------------------------------------------------------------------
                         required time                         10.011    
                         arrival time                          -4.442    
  -------------------------------------------------------------------
                         slack                                  5.569    

Slack (MET) :             5.570ns  (required time - arrival time)
  Source:                 u_core/u_mem_wb/wb_rd_reg[0]/C
                            (rising edge-triggered cell FDCE clocked by aclk  {rise@0.000ns fall@5.000ns period=10.000ns})
  Destination:            u_core/u_if/u_pc/pc_current_reg[19]/D
                            (rising edge-triggered cell FDCE clocked by aclk  {rise@0.000ns fall@5.000ns period=10.000ns})
  Path Group:             aclk
  Path Type:              Setup (Max at Slow Process Corner)
  Requirement:            10.000ns  (aclk rise@10.000ns - aclk rise@0.000ns)
  Data Path Delay:        4.411ns  (logic 1.205ns (27.318%)  route 3.206ns (72.682%))
  Logic Levels:           20  (CARRY8=5 LUT2=1 LUT3=2 LUT4=1 LUT5=3 LUT6=8)
  Clock Path Skew:        -0.009ns (DCD - SCD + CPR)
    Destination Clock Delay (DCD):    0.021ns = ( 10.021 - 10.000 ) 
    Source Clock Delay      (SCD):    0.030ns
    Clock Pessimism Removal (CPR):    0.000ns
  Clock Uncertainty:      0.035ns  ((TSJ^2 + TIJ^2)^1/2 + DJ) / 2 + PE
    Total System Jitter     (TSJ):    0.071ns
    Total Input Jitter      (TIJ):    0.000ns
    Discrete Jitter          (DJ):    0.000ns
    Phase Error              (PE):    0.000ns

    Location             Delay type                Incr(ns)  Path(ns)    Netlist Resource(s)
  -------------------------------------------------------------------    -------------------
                         (clock aclk rise edge)       0.000     0.000 r  
                                                      0.000     0.000 r  aclk (IN)
                         net (fo=1629, unset)         0.030     0.030    u_core/u_mem_wb/aclk
                         FDCE                                         r  u_core/u_mem_wb/wb_rd_reg[0]/C
  -------------------------------------------------------------------    -------------------
                         FDCE (Prop_FDCE_C_Q)         0.077     0.107 r  u_core/u_mem_wb/wb_rd_reg[0]/Q
                         net (fo=88, unplaced)        0.220     0.327    u_core/u_mem_wb/Q[0]
                         LUT2 (Prop_LUT2_I1_O)        0.070     0.397 r  u_core/u_mem_wb/mem_store_data[31]_i_10/O
                         net (fo=1, unplaced)         0.186     0.583    u_core/u_mem_wb/mem_store_data[31]_i_10_n_0
                         LUT6 (Prop_LUT6_I2_O)        0.038     0.621 r  u_core/u_mem_wb/mem_store_data[31]_i_5/O
                         net (fo=1, unplaced)         0.186     0.807    u_core/u_mem_wb/u_forward/p_5_in
                         LUT6 (Prop_LUT6_I4_O)        0.038     0.845 r  u_core/u_mem_wb/mem_store_data[31]_i_2/O
                         net (fo=32, unplaced)        0.197     1.042    u_core/u_mem_wb/mem_store_data[31]_i_2_n_0
                         LUT5 (Prop_LUT5_I0_O)        0.053     1.095 r  u_core/u_mem_wb/mem_store_data[1]_i_1/O
                         net (fo=10, unplaced)        0.219     1.314    u_core/u_ex_mem/ex_store_data[1]
                         LUT4 (Prop_LUT4_I2_O)        0.070     1.384 f  u_core/u_ex_mem/i__carry_i_8/O
                         net (fo=1, unplaced)         0.260     1.644    u_core/u_ex/u_branch/branch_taken0_inferred__2/i__carry__0_0[0]
                         CARRY8 (Prop_CARRY8_DI[0]_CO[7])
                                                      0.140     1.784 f  u_core/u_ex/u_branch/branch_taken0_inferred__2/i__carry/CO[7]
                         net (fo=1, unplaced)         0.005     1.789    u_core/u_ex/u_branch/branch_taken0_inferred__2/i__carry_n_0
                         CARRY8 (Prop_CARRY8_CI_CO[7])
                                                      0.022     1.811 f  u_core/u_ex/u_branch/branch_taken0_inferred__2/i__carry__0/CO[7]
                         net (fo=1, unplaced)         0.020     1.831    u_core/u_id_ex/i__i_1_1[0]
                         LUT5 (Prop_LUT5_I4_O)        0.038     1.869 f  u_core/u_id_ex/i__i_3/O
                         net (fo=3, unplaced)         0.192     2.061    u_core/u_id_ex/i__i_3_n_0
                         LUT3 (Prop_LUT3_I2_O)        0.038     2.099 f  u_core/u_id_ex/mem_fault_i_8/O
                         net (fo=2, unplaced)         0.186     2.285    u_core/u_id_ex/u_ex/pc_redirect_valid25_in
                         LUT6 (Prop_LUT6_I0_O)        0.038     2.323 f  u_core/u_id_ex/mem_fault_i_2/O
                         net (fo=2, unplaced)         0.186     2.509    u_core/u_id_ex/mem_fault_i_2_n_0
                         LUT6 (Prop_LUT6_I0_O)        0.038     2.547 f  u_core/u_id_ex/mem_fault_i_1/O
                         net (fo=7, unplaced)         0.211     2.758    u_core/u_if_id/ex_fault_out
                         LUT6 (Prop_LUT6_I5_O)        0.038     2.796 r  u_core/u_if_id/id_fault_cause[31]_i_1/O
                         net (fo=40, unplaced)        0.251     3.047    u_core/u_if/u_pc/external_irq_inject
                         LUT6 (Prop_LUT6_I2_O)        0.038     3.085 r  u_core/u_if/u_pc/debug_pc[31]_INST_0_i_9/O
                         net (fo=35, unplaced)        0.248     3.333    u_core/u_id_ex/trap_valid0
                         LUT6 (Prop_LUT6_I4_O)        0.038     3.371 r  u_core/u_id_ex/pc_current[8]_i_19/O
                         net (fo=1, unplaced)         0.186     3.557    u_core/u_id_ex/pc_current[8]_i_19_n_0
                         LUT6 (Prop_LUT6_I5_O)        0.037     3.594 r  u_core/u_id_ex/pc_current[8]_i_14/O
                         net (fo=1, unplaced)         0.023     3.617    u_core/u_id_ex/pc_current[8]_i_14_n_0
                         CARRY8 (Prop_CARRY8_S[1]_CO[7])
                                                      0.197     3.814 r  u_core/u_id_ex/pc_current_reg[8]_i_3/CO[7]
                         net (fo=1, unplaced)         0.005     3.819    u_core/u_id_ex/pc_current_reg[8]_i_3_n_0
                         CARRY8 (Prop_CARRY8_CI_CO[7])
                                                      0.022     3.841 r  u_core/u_id_ex/pc_current_reg[16]_i_3/CO[7]
                         net (fo=1, unplaced)         0.005     3.846    u_core/u_ex_mem/CO[0]
                         CARRY8 (Prop_CARRY8_CI_O[2])
                                                      0.067     3.913 r  u_core/u_ex_mem/pc_current_reg[24]_i_3/O[2]
                         net (fo=1, unplaced)         0.186     4.099    u_core/u_ex_mem/u_trap/trap_target0[19]
                         LUT5 (Prop_LUT5_I0_O)        0.038     4.137 r  u_core/u_ex_mem/pc_current[19]_i_2/O
                         net (fo=1, unplaced)         0.186     4.323    u_core/u_ex_mem/pc_redirect_target[19]
                         LUT3 (Prop_LUT3_I0_O)        0.070     4.393 r  u_core/u_ex_mem/pc_current[19]_i_1/O
                         net (fo=1, unplaced)         0.048     4.441    u_core/u_if/u_pc/pc_current_reg[31]_0[19]
                         FDCE                                         r  u_core/u_if/u_pc/pc_current_reg[19]/D
  -------------------------------------------------------------------    -------------------

                         (clock aclk rise edge)      10.000    10.000 r  
                                                      0.000    10.000 r  aclk (IN)
                         net (fo=1629, unset)         0.021    10.021    u_core/u_if/u_pc/aclk
                         FDCE                                         r  u_core/u_if/u_pc/pc_current_reg[19]/C
                         clock pessimism              0.000    10.021    
                         clock uncertainty           -0.035     9.986    
                         FDCE (Setup_FDCE_C_D)        0.025    10.011    u_core/u_if/u_pc/pc_current_reg[19]
  -------------------------------------------------------------------
                         required time                         10.011    
                         arrival time                          -4.441    
  -------------------------------------------------------------------
                         slack                                  5.570    

Slack (MET) :             5.580ns  (required time - arrival time)
  Source:                 u_core/u_mem_wb/wb_rd_reg[0]/C
                            (rising edge-triggered cell FDCE clocked by aclk  {rise@0.000ns fall@5.000ns period=10.000ns})
  Destination:            u_core/u_if/u_pc/pc_current_reg[13]/D
                            (rising edge-triggered cell FDCE clocked by aclk  {rise@0.000ns fall@5.000ns period=10.000ns})
  Path Group:             aclk
  Path Type:              Setup (Max at Slow Process Corner)
  Requirement:            10.000ns  (aclk rise@10.000ns - aclk rise@0.000ns)
  Data Path Delay:        4.401ns  (logic 1.202ns (27.312%)  route 3.199ns (72.688%))
  Logic Levels:           19  (CARRY8=4 LUT2=1 LUT3=2 LUT4=1 LUT5=3 LUT6=8)
  Clock Path Skew:        -0.009ns (DCD - SCD + CPR)
    Destination Clock Delay (DCD):    0.021ns = ( 10.021 - 10.000 ) 
    Source Clock Delay      (SCD):    0.030ns
    Clock Pessimism Removal (CPR):    0.000ns
  Clock Uncertainty:      0.035ns  ((TSJ^2 + TIJ^2)^1/2 + DJ) / 2 + PE
    Total System Jitter     (TSJ):    0.071ns
    Total Input Jitter      (TIJ):    0.000ns
    Discrete Jitter          (DJ):    0.000ns
    Phase Error              (PE):    0.000ns

    Location             Delay type                Incr(ns)  Path(ns)    Netlist Resource(s)
  -------------------------------------------------------------------    -------------------
                         (clock aclk rise edge)       0.000     0.000 r  
                                                      0.000     0.000 r  aclk (IN)
                         net (fo=1629, unset)         0.030     0.030    u_core/u_mem_wb/aclk
                         FDCE                                         r  u_core/u_mem_wb/wb_rd_reg[0]/C
  -------------------------------------------------------------------    -------------------
                         FDCE (Prop_FDCE_C_Q)         0.077     0.107 r  u_core/u_mem_wb/wb_rd_reg[0]/Q
                         net (fo=88, unplaced)        0.220     0.327    u_core/u_mem_wb/Q[0]
                         LUT2 (Prop_LUT2_I1_O)        0.070     0.397 r  u_core/u_mem_wb/mem_store_data[31]_i_10/O
                         net (fo=1, unplaced)         0.186     0.583    u_core/u_mem_wb/mem_store_data[31]_i_10_n_0
                         LUT6 (Prop_LUT6_I2_O)        0.038     0.621 r  u_core/u_mem_wb/mem_store_data[31]_i_5/O
                         net (fo=1, unplaced)         0.186     0.807    u_core/u_mem_wb/u_forward/p_5_in
                         LUT6 (Prop_LUT6_I4_O)        0.038     0.845 r  u_core/u_mem_wb/mem_store_data[31]_i_2/O
                         net (fo=32, unplaced)        0.197     1.042    u_core/u_mem_wb/mem_store_data[31]_i_2_n_0
                         LUT5 (Prop_LUT5_I0_O)        0.053     1.095 r  u_core/u_mem_wb/mem_store_data[1]_i_1/O
                         net (fo=10, unplaced)        0.219     1.314    u_core/u_ex_mem/ex_store_data[1]
                         LUT4 (Prop_LUT4_I2_O)        0.070     1.384 f  u_core/u_ex_mem/i__carry_i_8/O
                         net (fo=1, unplaced)         0.260     1.644    u_core/u_ex/u_branch/branch_taken0_inferred__2/i__carry__0_0[0]
                         CARRY8 (Prop_CARRY8_DI[0]_CO[7])
                                                      0.140     1.784 f  u_core/u_ex/u_branch/branch_taken0_inferred__2/i__carry/CO[7]
                         net (fo=1, unplaced)         0.005     1.789    u_core/u_ex/u_branch/branch_taken0_inferred__2/i__carry_n_0
                         CARRY8 (Prop_CARRY8_CI_CO[7])
                                                      0.022     1.811 f  u_core/u_ex/u_branch/branch_taken0_inferred__2/i__carry__0/CO[7]
                         net (fo=1, unplaced)         0.020     1.831    u_core/u_id_ex/i__i_1_1[0]
                         LUT5 (Prop_LUT5_I4_O)        0.038     1.869 f  u_core/u_id_ex/i__i_3/O
                         net (fo=3, unplaced)         0.192     2.061    u_core/u_id_ex/i__i_3_n_0
                         LUT3 (Prop_LUT3_I2_O)        0.038     2.099 f  u_core/u_id_ex/mem_fault_i_8/O
                         net (fo=2, unplaced)         0.186     2.285    u_core/u_id_ex/u_ex/pc_redirect_valid25_in
                         LUT6 (Prop_LUT6_I0_O)        0.038     2.323 f  u_core/u_id_ex/mem_fault_i_2/O
                         net (fo=2, unplaced)         0.186     2.509    u_core/u_id_ex/mem_fault_i_2_n_0
                         LUT6 (Prop_LUT6_I0_O)        0.038     2.547 f  u_core/u_id_ex/mem_fault_i_1/O
                         net (fo=7, unplaced)         0.211     2.758    u_core/u_if_id/ex_fault_out
                         LUT6 (Prop_LUT6_I5_O)        0.038     2.796 r  u_core/u_if_id/id_fault_cause[31]_i_1/O
                         net (fo=40, unplaced)        0.251     3.047    u_core/u_if/u_pc/external_irq_inject
                         LUT6 (Prop_LUT6_I2_O)        0.038     3.085 r  u_core/u_if/u_pc/debug_pc[31]_INST_0_i_9/O
                         net (fo=35, unplaced)        0.248     3.333    u_core/u_id_ex/trap_valid0
                         LUT6 (Prop_LUT6_I4_O)        0.038     3.371 r  u_core/u_id_ex/pc_current[8]_i_19/O
                         net (fo=1, unplaced)         0.186     3.557    u_core/u_id_ex/pc_current[8]_i_19_n_0
                         LUT6 (Prop_LUT6_I5_O)        0.037     3.594 r  u_core/u_id_ex/pc_current[8]_i_14/O
                         net (fo=1, unplaced)         0.023     3.617    u_core/u_id_ex/pc_current[8]_i_14_n_0
                         CARRY8 (Prop_CARRY8_S[1]_CO[7])
                                                      0.197     3.814 r  u_core/u_id_ex/pc_current_reg[8]_i_3/CO[7]
                         net (fo=1, unplaced)         0.005     3.819    u_core/u_id_ex/pc_current_reg[8]_i_3_n_0
                         CARRY8 (Prop_CARRY8_CI_O[4])
                                                      0.086     3.905 r  u_core/u_id_ex/pc_current_reg[16]_i_3/O[4]
                         net (fo=1, unplaced)         0.184     4.089    u_core/u_id_ex/u_trap/trap_target0[13]
                         LUT5 (Prop_LUT5_I0_O)        0.038     4.127 r  u_core/u_id_ex/pc_current[13]_i_2/O
                         net (fo=1, unplaced)         0.186     4.313    u_core/u_id_ex/pc_redirect_target[13]
                         LUT3 (Prop_LUT3_I0_O)        0.070     4.383 r  u_core/u_id_ex/pc_current[13]_i_1/O
                         net (fo=1, unplaced)         0.048     4.431    u_core/u_if/u_pc/pc_current_reg[31]_0[13]
                         FDCE                                         r  u_core/u_if/u_pc/pc_current_reg[13]/D
  -------------------------------------------------------------------    -------------------

                         (clock aclk rise edge)      10.000    10.000 r  
                                                      0.000    10.000 r  aclk (IN)
                         net (fo=1629, unset)         0.021    10.021    u_core/u_if/u_pc/aclk
                         FDCE                                         r  u_core/u_if/u_pc/pc_current_reg[13]/C
                         clock pessimism              0.000    10.021    
                         clock uncertainty           -0.035     9.986    
                         FDCE (Setup_FDCE_C_D)        0.025    10.011    u_core/u_if/u_pc/pc_current_reg[13]
  -------------------------------------------------------------------
                         required time                         10.011    
                         arrival time                          -4.431    
  -------------------------------------------------------------------
                         slack                                  5.580    

Slack (MET) :             5.581ns  (required time - arrival time)
  Source:                 u_core/u_mem_wb/wb_rd_reg[0]/C
                            (rising edge-triggered cell FDCE clocked by aclk  {rise@0.000ns fall@5.000ns period=10.000ns})
  Destination:            u_core/u_if/u_pc/pc_current_reg[17]/D
                            (rising edge-triggered cell FDCE clocked by aclk  {rise@0.000ns fall@5.000ns period=10.000ns})
  Path Group:             aclk
  Path Type:              Setup (Max at Slow Process Corner)
  Requirement:            10.000ns  (aclk rise@10.000ns - aclk rise@0.000ns)
  Data Path Delay:        4.400ns  (logic 1.194ns (27.136%)  route 3.206ns (72.864%))
  Logic Levels:           20  (CARRY8=5 LUT2=1 LUT3=2 LUT4=1 LUT5=3 LUT6=8)
  Clock Path Skew:        -0.009ns (DCD - SCD + CPR)
    Destination Clock Delay (DCD):    0.021ns = ( 10.021 - 10.000 ) 
    Source Clock Delay      (SCD):    0.030ns
    Clock Pessimism Removal (CPR):    0.000ns
  Clock Uncertainty:      0.035ns  ((TSJ^2 + TIJ^2)^1/2 + DJ) / 2 + PE
    Total System Jitter     (TSJ):    0.071ns
    Total Input Jitter      (TIJ):    0.000ns
    Discrete Jitter          (DJ):    0.000ns
    Phase Error              (PE):    0.000ns

    Location             Delay type                Incr(ns)  Path(ns)    Netlist Resource(s)
  -------------------------------------------------------------------    -------------------
                         (clock aclk rise edge)       0.000     0.000 r  
                                                      0.000     0.000 r  aclk (IN)
                         net (fo=1629, unset)         0.030     0.030    u_core/u_mem_wb/aclk
                         FDCE                                         r  u_core/u_mem_wb/wb_rd_reg[0]/C
  -------------------------------------------------------------------    -------------------
                         FDCE (Prop_FDCE_C_Q)         0.077     0.107 r  u_core/u_mem_wb/wb_rd_reg[0]/Q
                         net (fo=88, unplaced)        0.220     0.327    u_core/u_mem_wb/Q[0]
                         LUT2 (Prop_LUT2_I1_O)        0.070     0.397 r  u_core/u_mem_wb/mem_store_data[31]_i_10/O
                         net (fo=1, unplaced)         0.186     0.583    u_core/u_mem_wb/mem_store_data[31]_i_10_n_0
                         LUT6 (Prop_LUT6_I2_O)        0.038     0.621 r  u_core/u_mem_wb/mem_store_data[31]_i_5/O
                         net (fo=1, unplaced)         0.186     0.807    u_core/u_mem_wb/u_forward/p_5_in
                         LUT6 (Prop_LUT6_I4_O)        0.038     0.845 r  u_core/u_mem_wb/mem_store_data[31]_i_2/O
                         net (fo=32, unplaced)        0.197     1.042    u_core/u_mem_wb/mem_store_data[31]_i_2_n_0
                         LUT5 (Prop_LUT5_I0_O)        0.053     1.095 r  u_core/u_mem_wb/mem_store_data[1]_i_1/O
                         net (fo=10, unplaced)        0.219     1.314    u_core/u_ex_mem/ex_store_data[1]
                         LUT4 (Prop_LUT4_I2_O)        0.070     1.384 f  u_core/u_ex_mem/i__carry_i_8/O
                         net (fo=1, unplaced)         0.260     1.644    u_core/u_ex/u_branch/branch_taken0_inferred__2/i__carry__0_0[0]
                         CARRY8 (Prop_CARRY8_DI[0]_CO[7])
                                                      0.140     1.784 f  u_core/u_ex/u_branch/branch_taken0_inferred__2/i__carry/CO[7]
                         net (fo=1, unplaced)         0.005     1.789    u_core/u_ex/u_branch/branch_taken0_inferred__2/i__carry_n_0
                         CARRY8 (Prop_CARRY8_CI_CO[7])
                                                      0.022     1.811 f  u_core/u_ex/u_branch/branch_taken0_inferred__2/i__carry__0/CO[7]
                         net (fo=1, unplaced)         0.020     1.831    u_core/u_id_ex/i__i_1_1[0]
                         LUT5 (Prop_LUT5_I4_O)        0.038     1.869 f  u_core/u_id_ex/i__i_3/O
                         net (fo=3, unplaced)         0.192     2.061    u_core/u_id_ex/i__i_3_n_0
                         LUT3 (Prop_LUT3_I2_O)        0.038     2.099 f  u_core/u_id_ex/mem_fault_i_8/O
                         net (fo=2, unplaced)         0.186     2.285    u_core/u_id_ex/u_ex/pc_redirect_valid25_in
                         LUT6 (Prop_LUT6_I0_O)        0.038     2.323 f  u_core/u_id_ex/mem_fault_i_2/O
                         net (fo=2, unplaced)         0.186     2.509    u_core/u_id_ex/mem_fault_i_2_n_0
                         LUT6 (Prop_LUT6_I0_O)        0.038     2.547 f  u_core/u_id_ex/mem_fault_i_1/O
                         net (fo=7, unplaced)         0.211     2.758    u_core/u_if_id/ex_fault_out
                         LUT6 (Prop_LUT6_I5_O)        0.038     2.796 r  u_core/u_if_id/id_fault_cause[31]_i_1/O
                         net (fo=40, unplaced)        0.251     3.047    u_core/u_if/u_pc/external_irq_inject
                         LUT6 (Prop_LUT6_I2_O)        0.038     3.085 r  u_core/u_if/u_pc/debug_pc[31]_INST_0_i_9/O
                         net (fo=35, unplaced)        0.248     3.333    u_core/u_id_ex/trap_valid0
                         LUT6 (Prop_LUT6_I4_O)        0.038     3.371 r  u_core/u_id_ex/pc_current[8]_i_19/O
                         net (fo=1, unplaced)         0.186     3.557    u_core/u_id_ex/pc_current[8]_i_19_n_0
                         LUT6 (Prop_LUT6_I5_O)        0.037     3.594 r  u_core/u_id_ex/pc_current[8]_i_14/O
                         net (fo=1, unplaced)         0.023     3.617    u_core/u_id_ex/pc_current[8]_i_14_n_0
                         CARRY8 (Prop_CARRY8_S[1]_CO[7])
                                                      0.197     3.814 r  u_core/u_id_ex/pc_current_reg[8]_i_3/CO[7]
                         net (fo=1, unplaced)         0.005     3.819    u_core/u_id_ex/pc_current_reg[8]_i_3_n_0
                         CARRY8 (Prop_CARRY8_CI_CO[7])
                                                      0.022     3.841 r  u_core/u_id_ex/pc_current_reg[16]_i_3/CO[7]
                         net (fo=1, unplaced)         0.005     3.846    u_core/u_ex_mem/CO[0]
                         CARRY8 (Prop_CARRY8_CI_O[0])
                                                      0.056     3.902 r  u_core/u_ex_mem/pc_current_reg[24]_i_3/O[0]
                         net (fo=1, unplaced)         0.186     4.088    u_core/u_id_ex/pc_current_reg[31]_0[0]
                         LUT5 (Prop_LUT5_I0_O)        0.038     4.126 r  u_core/u_id_ex/pc_current[17]_i_2/O
                         net (fo=1, unplaced)         0.186     4.312    u_core/u_id_ex/pc_redirect_target[17]
                         LUT3 (Prop_LUT3_I0_O)        0.070     4.382 r  u_core/u_id_ex/pc_current[17]_i_1/O
                         net (fo=1, unplaced)         0.048     4.430    u_core/u_if/u_pc/pc_current_reg[31]_0[17]
                         FDCE                                         r  u_core/u_if/u_pc/pc_current_reg[17]/D
  -------------------------------------------------------------------    -------------------

                         (clock aclk rise edge)      10.000    10.000 r  
                                                      0.000    10.000 r  aclk (IN)
                         net (fo=1629, unset)         0.021    10.021    u_core/u_if/u_pc/aclk
                         FDCE                                         r  u_core/u_if/u_pc/pc_current_reg[17]/C
                         clock pessimism              0.000    10.021    
                         clock uncertainty           -0.035     9.986    
                         FDCE (Setup_FDCE_C_D)        0.025    10.011    u_core/u_if/u_pc/pc_current_reg[17]
  -------------------------------------------------------------------
                         required time                         10.011    
                         arrival time                          -4.430    
  -------------------------------------------------------------------
                         slack                                  5.581    

Slack (MET) :             5.585ns  (required time - arrival time)
  Source:                 u_core/u_mem_wb/wb_rd_reg[0]/C
                            (rising edge-triggered cell FDCE clocked by aclk  {rise@0.000ns fall@5.000ns period=10.000ns})
  Destination:            u_core/u_if/u_pc/pc_current_reg[30]/D
                            (rising edge-triggered cell FDCE clocked by aclk  {rise@0.000ns fall@5.000ns period=10.000ns})
  Path Group:             aclk
  Path Type:              Setup (Max at Slow Process Corner)
  Requirement:            10.000ns  (aclk rise@10.000ns - aclk rise@0.000ns)
  Data Path Delay:        4.396ns  (logic 1.276ns (29.026%)  route 3.120ns (70.974%))
  Logic Levels:           21  (CARRY8=6 LUT2=1 LUT3=2 LUT4=1 LUT5=3 LUT6=8)
  Clock Path Skew:        -0.009ns (DCD - SCD + CPR)
    Destination Clock Delay (DCD):    0.021ns = ( 10.021 - 10.000 ) 
    Source Clock Delay      (SCD):    0.030ns
    Clock Pessimism Removal (CPR):    0.000ns
  Clock Uncertainty:      0.035ns  ((TSJ^2 + TIJ^2)^1/2 + DJ) / 2 + PE
    Total System Jitter     (TSJ):    0.071ns
    Total Input Jitter      (TIJ):    0.000ns
    Discrete Jitter          (DJ):    0.000ns
    Phase Error              (PE):    0.000ns

    Location             Delay type                Incr(ns)  Path(ns)    Netlist Resource(s)
  -------------------------------------------------------------------    -------------------
                         (clock aclk rise edge)       0.000     0.000 r  
                                                      0.000     0.000 r  aclk (IN)
                         net (fo=1629, unset)         0.030     0.030    u_core/u_mem_wb/aclk
                         FDCE                                         r  u_core/u_mem_wb/wb_rd_reg[0]/C
  -------------------------------------------------------------------    -------------------
                         FDCE (Prop_FDCE_C_Q)         0.077     0.107 r  u_core/u_mem_wb/wb_rd_reg[0]/Q
                         net (fo=88, unplaced)        0.220     0.327    u_core/u_mem_wb/Q[0]
                         LUT2 (Prop_LUT2_I1_O)        0.070     0.397 r  u_core/u_mem_wb/mem_store_data[31]_i_10/O
                         net (fo=1, unplaced)         0.186     0.583    u_core/u_mem_wb/mem_store_data[31]_i_10_n_0
                         LUT6 (Prop_LUT6_I2_O)        0.038     0.621 r  u_core/u_mem_wb/mem_store_data[31]_i_5/O
                         net (fo=1, unplaced)         0.186     0.807    u_core/u_mem_wb/u_forward/p_5_in
                         LUT6 (Prop_LUT6_I4_O)        0.038     0.845 r  u_core/u_mem_wb/mem_store_data[31]_i_2/O
                         net (fo=32, unplaced)        0.197     1.042    u_core/u_mem_wb/mem_store_data[31]_i_2_n_0
                         LUT5 (Prop_LUT5_I0_O)        0.053     1.095 r  u_core/u_mem_wb/mem_store_data[1]_i_1/O
                         net (fo=10, unplaced)        0.219     1.314    u_core/u_ex_mem/ex_store_data[1]
                         LUT4 (Prop_LUT4_I2_O)        0.070     1.384 f  u_core/u_ex_mem/i__carry_i_8/O
                         net (fo=1, unplaced)         0.260     1.644    u_core/u_ex/u_branch/branch_taken0_inferred__2/i__carry__0_0[0]
                         CARRY8 (Prop_CARRY8_DI[0]_CO[7])
                                                      0.140     1.784 f  u_core/u_ex/u_branch/branch_taken0_inferred__2/i__carry/CO[7]
                         net (fo=1, unplaced)         0.005     1.789    u_core/u_ex/u_branch/branch_taken0_inferred__2/i__carry_n_0
                         CARRY8 (Prop_CARRY8_CI_CO[7])
                                                      0.022     1.811 f  u_core/u_ex/u_branch/branch_taken0_inferred__2/i__carry__0/CO[7]
                         net (fo=1, unplaced)         0.020     1.831    u_core/u_id_ex/i__i_1_1[0]
                         LUT5 (Prop_LUT5_I4_O)        0.038     1.869 f  u_core/u_id_ex/i__i_3/O
                         net (fo=3, unplaced)         0.192     2.061    u_core/u_id_ex/i__i_3_n_0
                         LUT3 (Prop_LUT3_I2_O)        0.038     2.099 f  u_core/u_id_ex/mem_fault_i_8/O
                         net (fo=2, unplaced)         0.186     2.285    u_core/u_id_ex/u_ex/pc_redirect_valid25_in
                         LUT6 (Prop_LUT6_I0_O)        0.038     2.323 f  u_core/u_id_ex/mem_fault_i_2/O
                         net (fo=2, unplaced)         0.186     2.509    u_core/u_id_ex/mem_fault_i_2_n_0
                         LUT6 (Prop_LUT6_I0_O)        0.038     2.547 f  u_core/u_id_ex/mem_fault_i_1/O
                         net (fo=7, unplaced)         0.211     2.758    u_core/u_if_id/ex_fault_out
                         LUT6 (Prop_LUT6_I5_O)        0.038     2.796 r  u_core/u_if_id/id_fault_cause[31]_i_1/O
                         net (fo=40, unplaced)        0.251     3.047    u_core/u_if/u_pc/external_irq_inject
                         LUT6 (Prop_LUT6_I2_O)        0.038     3.085 r  u_core/u_if/u_pc/debug_pc[31]_INST_0_i_9/O
                         net (fo=35, unplaced)        0.248     3.333    u_core/u_id_ex/trap_valid0
                         LUT6 (Prop_LUT6_I4_O)        0.038     3.371 r  u_core/u_id_ex/pc_current[8]_i_19/O
                         net (fo=1, unplaced)         0.186     3.557    u_core/u_id_ex/pc_current[8]_i_19_n_0
                         LUT6 (Prop_LUT6_I5_O)        0.037     3.594 r  u_core/u_id_ex/pc_current[8]_i_14/O
                         net (fo=1, unplaced)         0.023     3.617    u_core/u_id_ex/pc_current[8]_i_14_n_0
                         CARRY8 (Prop_CARRY8_S[1]_CO[7])
                                                      0.197     3.814 r  u_core/u_id_ex/pc_current_reg[8]_i_3/CO[7]
                         net (fo=1, unplaced)         0.005     3.819    u_core/u_id_ex/pc_current_reg[8]_i_3_n_0
                         CARRY8 (Prop_CARRY8_CI_CO[7])
                                                      0.022     3.841 r  u_core/u_id_ex/pc_current_reg[16]_i_3/CO[7]
                         net (fo=1, unplaced)         0.005     3.846    u_core/u_ex_mem/CO[0]
                         CARRY8 (Prop_CARRY8_CI_CO[7])
                                                      0.022     3.868 r  u_core/u_ex_mem/pc_current_reg[24]_i_3/CO[7]
                         net (fo=1, unplaced)         0.005     3.873    u_core/u_ex_mem/pc_current_reg[24]_i_3_n_0
                         CARRY8 (Prop_CARRY8_CI_O[5])
                                                      0.116     3.989 r  u_core/u_ex_mem/pc_current_reg[31]_i_4/O[5]
                         net (fo=1, unplaced)         0.095     4.084    u_core/u_id_ex/pc_current_reg[31]_0[4]
                         LUT5 (Prop_LUT5_I0_O)        0.038     4.122 r  u_core/u_id_ex/pc_current[30]_i_2/O
                         net (fo=1, unplaced)         0.186     4.308    u_core/u_id_ex/pc_redirect_target[30]
                         LUT3 (Prop_LUT3_I0_O)        0.070     4.378 r  u_core/u_id_ex/pc_current[30]_i_1/O
                         net (fo=1, unplaced)         0.048     4.426    u_core/u_if/u_pc/pc_current_reg[31]_0[30]
                         FDCE                                         r  u_core/u_if/u_pc/pc_current_reg[30]/D
  -------------------------------------------------------------------    -------------------

                         (clock aclk rise edge)      10.000    10.000 r  
                                                      0.000    10.000 r  aclk (IN)
                         net (fo=1629, unset)         0.021    10.021    u_core/u_if/u_pc/aclk
                         FDCE                                         r  u_core/u_if/u_pc/pc_current_reg[30]/C
                         clock pessimism              0.000    10.021    
                         clock uncertainty           -0.035     9.986    
                         FDCE (Setup_FDCE_C_D)        0.025    10.011    u_core/u_if/u_pc/pc_current_reg[30]
  -------------------------------------------------------------------
                         required time                         10.011    
                         arrival time                          -4.426    
  -------------------------------------------------------------------
                         slack                                  5.585    

Slack (MET) :             5.586ns  (required time - arrival time)
  Source:                 u_core/u_mem_wb/wb_rd_reg[0]/C
                            (rising edge-triggered cell FDCE clocked by aclk  {rise@0.000ns fall@5.000ns period=10.000ns})
  Destination:            u_core/u_if/u_pc/pc_current_reg[25]/D
                            (rising edge-triggered cell FDCE clocked by aclk  {rise@0.000ns fall@5.000ns period=10.000ns})
  Path Group:             aclk
  Path Type:              Setup (Max at Slow Process Corner)
  Requirement:            10.000ns  (aclk rise@10.000ns - aclk rise@0.000ns)
  Data Path Delay:        4.395ns  (logic 1.184ns (26.940%)  route 3.211ns (73.060%))
  Logic Levels:           21  (CARRY8=6 LUT2=1 LUT3=2 LUT4=1 LUT5=3 LUT6=8)
  Clock Path Skew:        -0.009ns (DCD - SCD + CPR)
    Destination Clock Delay (DCD):    0.021ns = ( 10.021 - 10.000 ) 
    Source Clock Delay      (SCD):    0.030ns
    Clock Pessimism Removal (CPR):    0.000ns
  Clock Uncertainty:      0.035ns  ((TSJ^2 + TIJ^2)^1/2 + DJ) / 2 + PE
    Total System Jitter     (TSJ):    0.071ns
    Total Input Jitter      (TIJ):    0.000ns
    Discrete Jitter          (DJ):    0.000ns
    Phase Error              (PE):    0.000ns

    Location             Delay type                Incr(ns)  Path(ns)    Netlist Resource(s)
  -------------------------------------------------------------------    -------------------
                         (clock aclk rise edge)       0.000     0.000 r  
                                                      0.000     0.000 r  aclk (IN)
                         net (fo=1629, unset)         0.030     0.030    u_core/u_mem_wb/aclk
                         FDCE                                         r  u_core/u_mem_wb/wb_rd_reg[0]/C
  -------------------------------------------------------------------    -------------------
                         FDCE (Prop_FDCE_C_Q)         0.077     0.107 r  u_core/u_mem_wb/wb_rd_reg[0]/Q
                         net (fo=88, unplaced)        0.220     0.327    u_core/u_mem_wb/Q[0]
                         LUT2 (Prop_LUT2_I1_O)        0.070     0.397 r  u_core/u_mem_wb/mem_store_data[31]_i_10/O
                         net (fo=1, unplaced)         0.186     0.583    u_core/u_mem_wb/mem_store_data[31]_i_10_n_0
                         LUT6 (Prop_LUT6_I2_O)        0.038     0.621 r  u_core/u_mem_wb/mem_store_data[31]_i_5/O
                         net (fo=1, unplaced)         0.186     0.807    u_core/u_mem_wb/u_forward/p_5_in
                         LUT6 (Prop_LUT6_I4_O)        0.038     0.845 r  u_core/u_mem_wb/mem_store_data[31]_i_2/O
                         net (fo=32, unplaced)        0.197     1.042    u_core/u_mem_wb/mem_store_data[31]_i_2_n_0
                         LUT5 (Prop_LUT5_I0_O)        0.053     1.095 r  u_core/u_mem_wb/mem_store_data[1]_i_1/O
                         net (fo=10, unplaced)        0.219     1.314    u_core/u_ex_mem/ex_store_data[1]
                         LUT4 (Prop_LUT4_I2_O)        0.070     1.384 f  u_core/u_ex_mem/i__carry_i_8/O
                         net (fo=1, unplaced)         0.260     1.644    u_core/u_ex/u_branch/branch_taken0_inferred__2/i__carry__0_0[0]
                         CARRY8 (Prop_CARRY8_DI[0]_CO[7])
                                                      0.140     1.784 f  u_core/u_ex/u_branch/branch_taken0_inferred__2/i__carry/CO[7]
                         net (fo=1, unplaced)         0.005     1.789    u_core/u_ex/u_branch/branch_taken0_inferred__2/i__carry_n_0
                         CARRY8 (Prop_CARRY8_CI_CO[7])
                                                      0.022     1.811 f  u_core/u_ex/u_branch/branch_taken0_inferred__2/i__carry__0/CO[7]
                         net (fo=1, unplaced)         0.020     1.831    u_core/u_id_ex/i__i_1_1[0]
                         LUT5 (Prop_LUT5_I4_O)        0.038     1.869 f  u_core/u_id_ex/i__i_3/O
                         net (fo=3, unplaced)         0.192     2.061    u_core/u_id_ex/i__i_3_n_0
                         LUT3 (Prop_LUT3_I2_O)        0.038     2.099 f  u_core/u_id_ex/mem_fault_i_8/O
                         net (fo=2, unplaced)         0.186     2.285    u_core/u_id_ex/u_ex/pc_redirect_valid25_in
                         LUT6 (Prop_LUT6_I0_O)        0.038     2.323 f  u_core/u_id_ex/mem_fault_i_2/O
                         net (fo=2, unplaced)         0.186     2.509    u_core/u_id_ex/mem_fault_i_2_n_0
                         LUT6 (Prop_LUT6_I0_O)        0.038     2.547 f  u_core/u_id_ex/mem_fault_i_1/O
                         net (fo=7, unplaced)         0.211     2.758    u_core/u_if_id/ex_fault_out
                         LUT6 (Prop_LUT6_I5_O)        0.038     2.796 r  u_core/u_if_id/id_fault_cause[31]_i_1/O
                         net (fo=40, unplaced)        0.251     3.047    u_core/u_if/u_pc/external_irq_inject
                         LUT6 (Prop_LUT6_I2_O)        0.038     3.085 r  u_core/u_if/u_pc/debug_pc[31]_INST_0_i_9/O
                         net (fo=35, unplaced)        0.248     3.333    u_core/u_id_ex/trap_valid0
                         LUT6 (Prop_LUT6_I4_O)        0.038     3.371 r  u_core/u_id_ex/pc_current[8]_i_19/O
                         net (fo=1, unplaced)         0.186     3.557    u_core/u_id_ex/pc_current[8]_i_19_n_0
                         LUT6 (Prop_LUT6_I5_O)        0.037     3.594 r  u_core/u_id_ex/pc_current[8]_i_14/O
                         net (fo=1, unplaced)         0.023     3.617    u_core/u_id_ex/pc_current[8]_i_14_n_0
                         CARRY8 (Prop_CARRY8_S[1]_CO[7])
                                                      0.197     3.814 r  u_core/u_id_ex/pc_current_reg[8]_i_3/CO[7]
                         net (fo=1, unplaced)         0.005     3.819    u_core/u_id_ex/pc_current_reg[8]_i_3_n_0
                         CARRY8 (Prop_CARRY8_CI_CO[7])
                                                      0.022     3.841 r  u_core/u_id_ex/pc_current_reg[16]_i_3/CO[7]
                         net (fo=1, unplaced)         0.005     3.846    u_core/u_ex_mem/CO[0]
                         CARRY8 (Prop_CARRY8_CI_CO[7])
                                                      0.022     3.868 r  u_core/u_ex_mem/pc_current_reg[24]_i_3/CO[7]
                         net (fo=1, unplaced)         0.005     3.873    u_core/u_ex_mem/pc_current_reg[24]_i_3_n_0
                         CARRY8 (Prop_CARRY8_CI_O[0])
                                                      0.056     3.929 r  u_core/u_ex_mem/pc_current_reg[31]_i_4/O[0]
                         net (fo=1, unplaced)         0.186     4.115    u_core/u_ex_mem/u_trap/trap_target0[25]
                         LUT5 (Prop_LUT5_I0_O)        0.038     4.153 r  u_core/u_ex_mem/pc_current[25]_i_2/O
                         net (fo=1, unplaced)         0.186     4.339    u_core/u_ex_mem/pc_redirect_target[25]
                         LUT3 (Prop_LUT3_I0_O)        0.038     4.377 r  u_core/u_ex_mem/pc_current[25]_i_1/O
                         net (fo=1, unplaced)         0.048     4.425    u_core/u_if/u_pc/pc_current_reg[31]_0[25]
                         FDCE                                         r  u_core/u_if/u_pc/pc_current_reg[25]/D
  -------------------------------------------------------------------    -------------------

                         (clock aclk rise edge)      10.000    10.000 r  
                                                      0.000    10.000 r  aclk (IN)
                         net (fo=1629, unset)         0.021    10.021    u_core/u_if/u_pc/aclk
                         FDCE                                         r  u_core/u_if/u_pc/pc_current_reg[25]/C
                         clock pessimism              0.000    10.021    
                         clock uncertainty           -0.035     9.986    
                         FDCE (Setup_FDCE_C_D)        0.025    10.011    u_core/u_if/u_pc/pc_current_reg[25]
  -------------------------------------------------------------------
                         required time                         10.011    
                         arrival time                          -4.425    
  -------------------------------------------------------------------
                         slack                                  5.586    

Slack (MET) :             5.587ns  (required time - arrival time)
  Source:                 u_core/u_mem_wb/wb_rd_reg[0]/C
                            (rising edge-triggered cell FDCE clocked by aclk  {rise@0.000ns fall@5.000ns period=10.000ns})
  Destination:            u_core/u_if/u_pc/pc_current_reg[31]/D
                            (rising edge-triggered cell FDCE clocked by aclk  {rise@0.000ns fall@5.000ns period=10.000ns})
  Path Group:             aclk
  Path Type:              Setup (Max at Slow Process Corner)
  Requirement:            10.000ns  (aclk rise@10.000ns - aclk rise@0.000ns)
  Data Path Delay:        4.394ns  (logic 1.231ns (28.015%)  route 3.163ns (71.985%))
  Logic Levels:           21  (CARRY8=6 LUT2=1 LUT3=2 LUT4=1 LUT5=3 LUT6=8)
  Clock Path Skew:        -0.009ns (DCD - SCD + CPR)
    Destination Clock Delay (DCD):    0.021ns = ( 10.021 - 10.000 ) 
    Source Clock Delay      (SCD):    0.030ns
    Clock Pessimism Removal (CPR):    0.000ns
  Clock Uncertainty:      0.035ns  ((TSJ^2 + TIJ^2)^1/2 + DJ) / 2 + PE
    Total System Jitter     (TSJ):    0.071ns
    Total Input Jitter      (TIJ):    0.000ns
    Discrete Jitter          (DJ):    0.000ns
    Phase Error              (PE):    0.000ns

    Location             Delay type                Incr(ns)  Path(ns)    Netlist Resource(s)
  -------------------------------------------------------------------    -------------------
                         (clock aclk rise edge)       0.000     0.000 r  
                                                      0.000     0.000 r  aclk (IN)
                         net (fo=1629, unset)         0.030     0.030    u_core/u_mem_wb/aclk
                         FDCE                                         r  u_core/u_mem_wb/wb_rd_reg[0]/C
  -------------------------------------------------------------------    -------------------
                         FDCE (Prop_FDCE_C_Q)         0.077     0.107 r  u_core/u_mem_wb/wb_rd_reg[0]/Q
                         net (fo=88, unplaced)        0.220     0.327    u_core/u_mem_wb/Q[0]
                         LUT2 (Prop_LUT2_I1_O)        0.070     0.397 r  u_core/u_mem_wb/mem_store_data[31]_i_10/O
                         net (fo=1, unplaced)         0.186     0.583    u_core/u_mem_wb/mem_store_data[31]_i_10_n_0
                         LUT6 (Prop_LUT6_I2_O)        0.038     0.621 r  u_core/u_mem_wb/mem_store_data[31]_i_5/O
                         net (fo=1, unplaced)         0.186     0.807    u_core/u_mem_wb/u_forward/p_5_in
                         LUT6 (Prop_LUT6_I4_O)        0.038     0.845 r  u_core/u_mem_wb/mem_store_data[31]_i_2/O
                         net (fo=32, unplaced)        0.197     1.042    u_core/u_mem_wb/mem_store_data[31]_i_2_n_0
                         LUT5 (Prop_LUT5_I0_O)        0.053     1.095 r  u_core/u_mem_wb/mem_store_data[1]_i_1/O
                         net (fo=10, unplaced)        0.219     1.314    u_core/u_ex_mem/ex_store_data[1]
                         LUT4 (Prop_LUT4_I2_O)        0.070     1.384 f  u_core/u_ex_mem/i__carry_i_8/O
                         net (fo=1, unplaced)         0.260     1.644    u_core/u_ex/u_branch/branch_taken0_inferred__2/i__carry__0_0[0]
                         CARRY8 (Prop_CARRY8_DI[0]_CO[7])
                                                      0.140     1.784 f  u_core/u_ex/u_branch/branch_taken0_inferred__2/i__carry/CO[7]
                         net (fo=1, unplaced)         0.005     1.789    u_core/u_ex/u_branch/branch_taken0_inferred__2/i__carry_n_0
                         CARRY8 (Prop_CARRY8_CI_CO[7])
                                                      0.022     1.811 f  u_core/u_ex/u_branch/branch_taken0_inferred__2/i__carry__0/CO[7]
                         net (fo=1, unplaced)         0.020     1.831    u_core/u_id_ex/i__i_1_1[0]
                         LUT5 (Prop_LUT5_I4_O)        0.038     1.869 f  u_core/u_id_ex/i__i_3/O
                         net (fo=3, unplaced)         0.192     2.061    u_core/u_id_ex/i__i_3_n_0
                         LUT3 (Prop_LUT3_I2_O)        0.038     2.099 f  u_core/u_id_ex/mem_fault_i_8/O
                         net (fo=2, unplaced)         0.186     2.285    u_core/u_id_ex/u_ex/pc_redirect_valid25_in
                         LUT6 (Prop_LUT6_I0_O)        0.038     2.323 f  u_core/u_id_ex/mem_fault_i_2/O
                         net (fo=2, unplaced)         0.186     2.509    u_core/u_id_ex/mem_fault_i_2_n_0
                         LUT6 (Prop_LUT6_I0_O)        0.038     2.547 f  u_core/u_id_ex/mem_fault_i_1/O
                         net (fo=7, unplaced)         0.211     2.758    u_core/u_if_id/ex_fault_out
                         LUT6 (Prop_LUT6_I5_O)        0.038     2.796 r  u_core/u_if_id/id_fault_cause[31]_i_1/O
                         net (fo=40, unplaced)        0.251     3.047    u_core/u_if/u_pc/external_irq_inject
                         LUT6 (Prop_LUT6_I2_O)        0.038     3.085 r  u_core/u_if/u_pc/debug_pc[31]_INST_0_i_9/O
                         net (fo=35, unplaced)        0.248     3.333    u_core/u_id_ex/trap_valid0
                         LUT6 (Prop_LUT6_I4_O)        0.038     3.371 r  u_core/u_id_ex/pc_current[8]_i_19/O
                         net (fo=1, unplaced)         0.186     3.557    u_core/u_id_ex/pc_current[8]_i_19_n_0
                         LUT6 (Prop_LUT6_I5_O)        0.037     3.594 r  u_core/u_id_ex/pc_current[8]_i_14/O
                         net (fo=1, unplaced)         0.023     3.617    u_core/u_id_ex/pc_current[8]_i_14_n_0
                         CARRY8 (Prop_CARRY8_S[1]_CO[7])
                                                      0.197     3.814 r  u_core/u_id_ex/pc_current_reg[8]_i_3/CO[7]
                         net (fo=1, unplaced)         0.005     3.819    u_core/u_id_ex/pc_current_reg[8]_i_3_n_0
                         CARRY8 (Prop_CARRY8_CI_CO[7])
                                                      0.022     3.841 r  u_core/u_id_ex/pc_current_reg[16]_i_3/CO[7]
                         net (fo=1, unplaced)         0.005     3.846    u_core/u_ex_mem/CO[0]
                         CARRY8 (Prop_CARRY8_CI_CO[7])
                                                      0.022     3.868 r  u_core/u_ex_mem/pc_current_reg[24]_i_3/CO[7]
                         net (fo=1, unplaced)         0.005     3.873    u_core/u_ex_mem/pc_current_reg[24]_i_3_n_0
                         CARRY8 (Prop_CARRY8_CI_O[6])
                                                      0.103     3.976 r  u_core/u_ex_mem/pc_current_reg[31]_i_4/O[6]
                         net (fo=1, unplaced)         0.138     4.114    u_core/u_id_ex/pc_current_reg[31]_0[5]
                         LUT5 (Prop_LUT5_I0_O)        0.038     4.152 r  u_core/u_id_ex/pc_current[31]_i_3/O
                         net (fo=1, unplaced)         0.186     4.338    u_core/u_id_ex/pc_redirect_target[31]
                         LUT3 (Prop_LUT3_I0_O)        0.038     4.376 r  u_core/u_id_ex/pc_current[31]_i_2/O
                         net (fo=1, unplaced)         0.048     4.424    u_core/u_if/u_pc/pc_current_reg[31]_0[31]
                         FDCE                                         r  u_core/u_if/u_pc/pc_current_reg[31]/D
  -------------------------------------------------------------------    -------------------

                         (clock aclk rise edge)      10.000    10.000 r  
                                                      0.000    10.000 r  aclk (IN)
                         net (fo=1629, unset)         0.021    10.021    u_core/u_if/u_pc/aclk
                         FDCE                                         r  u_core/u_if/u_pc/pc_current_reg[31]/C
                         clock pessimism              0.000    10.021    
                         clock uncertainty           -0.035     9.986    
                         FDCE (Setup_FDCE_C_D)        0.025    10.011    u_core/u_if/u_pc/pc_current_reg[31]
  -------------------------------------------------------------------
                         required time                         10.011    
                         arrival time                          -4.424    
  -------------------------------------------------------------------
                         slack                                  5.587    

Slack (MET) :             5.595ns  (required time - arrival time)
  Source:                 u_core/u_mem_wb/wb_rd_reg[0]/C
                            (rising edge-triggered cell FDCE clocked by aclk  {rise@0.000ns fall@5.000ns period=10.000ns})
  Destination:            u_core/u_if/u_pc/pc_current_reg[18]/D
                            (rising edge-triggered cell FDCE clocked by aclk  {rise@0.000ns fall@5.000ns period=10.000ns})
  Path Group:             aclk
  Path Type:              Setup (Max at Slow Process Corner)
  Requirement:            10.000ns  (aclk rise@10.000ns - aclk rise@0.000ns)
  Data Path Delay:        4.386ns  (logic 1.182ns (26.949%)  route 3.204ns (73.051%))
  Logic Levels:           20  (CARRY8=5 LUT2=1 LUT3=2 LUT4=1 LUT5=3 LUT6=8)
  Clock Path Skew:        -0.009ns (DCD - SCD + CPR)
    Destination Clock Delay (DCD):    0.021ns = ( 10.021 - 10.000 ) 
    Source Clock Delay      (SCD):    0.030ns
    Clock Pessimism Removal (CPR):    0.000ns
  Clock Uncertainty:      0.035ns  ((TSJ^2 + TIJ^2)^1/2 + DJ) / 2 + PE
    Total System Jitter     (TSJ):    0.071ns
    Total Input Jitter      (TIJ):    0.000ns
    Discrete Jitter          (DJ):    0.000ns
    Phase Error              (PE):    0.000ns

    Location             Delay type                Incr(ns)  Path(ns)    Netlist Resource(s)
  -------------------------------------------------------------------    -------------------
                         (clock aclk rise edge)       0.000     0.000 r  
                                                      0.000     0.000 r  aclk (IN)
                         net (fo=1629, unset)         0.030     0.030    u_core/u_mem_wb/aclk
                         FDCE                                         r  u_core/u_mem_wb/wb_rd_reg[0]/C
  -------------------------------------------------------------------    -------------------
                         FDCE (Prop_FDCE_C_Q)         0.077     0.107 r  u_core/u_mem_wb/wb_rd_reg[0]/Q
                         net (fo=88, unplaced)        0.220     0.327    u_core/u_mem_wb/Q[0]
                         LUT2 (Prop_LUT2_I1_O)        0.070     0.397 r  u_core/u_mem_wb/mem_store_data[31]_i_10/O
                         net (fo=1, unplaced)         0.186     0.583    u_core/u_mem_wb/mem_store_data[31]_i_10_n_0
                         LUT6 (Prop_LUT6_I2_O)        0.038     0.621 r  u_core/u_mem_wb/mem_store_data[31]_i_5/O
                         net (fo=1, unplaced)         0.186     0.807    u_core/u_mem_wb/u_forward/p_5_in
                         LUT6 (Prop_LUT6_I4_O)        0.038     0.845 r  u_core/u_mem_wb/mem_store_data[31]_i_2/O
                         net (fo=32, unplaced)        0.197     1.042    u_core/u_mem_wb/mem_store_data[31]_i_2_n_0
                         LUT5 (Prop_LUT5_I0_O)        0.053     1.095 r  u_core/u_mem_wb/mem_store_data[1]_i_1/O
                         net (fo=10, unplaced)        0.219     1.314    u_core/u_ex_mem/ex_store_data[1]
                         LUT4 (Prop_LUT4_I2_O)        0.070     1.384 f  u_core/u_ex_mem/i__carry_i_8/O
                         net (fo=1, unplaced)         0.260     1.644    u_core/u_ex/u_branch/branch_taken0_inferred__2/i__carry__0_0[0]
                         CARRY8 (Prop_CARRY8_DI[0]_CO[7])
                                                      0.140     1.784 f  u_core/u_ex/u_branch/branch_taken0_inferred__2/i__carry/CO[7]
                         net (fo=1, unplaced)         0.005     1.789    u_core/u_ex/u_branch/branch_taken0_inferred__2/i__carry_n_0
                         CARRY8 (Prop_CARRY8_CI_CO[7])
                                                      0.022     1.811 f  u_core/u_ex/u_branch/branch_taken0_inferred__2/i__carry__0/CO[7]
                         net (fo=1, unplaced)         0.020     1.831    u_core/u_id_ex/i__i_1_1[0]
                         LUT5 (Prop_LUT5_I4_O)        0.038     1.869 f  u_core/u_id_ex/i__i_3/O
                         net (fo=3, unplaced)         0.192     2.061    u_core/u_id_ex/i__i_3_n_0
                         LUT3 (Prop_LUT3_I2_O)        0.038     2.099 f  u_core/u_id_ex/mem_fault_i_8/O
                         net (fo=2, unplaced)         0.186     2.285    u_core/u_id_ex/u_ex/pc_redirect_valid25_in
                         LUT6 (Prop_LUT6_I0_O)        0.038     2.323 f  u_core/u_id_ex/mem_fault_i_2/O
                         net (fo=2, unplaced)         0.186     2.509    u_core/u_id_ex/mem_fault_i_2_n_0
                         LUT6 (Prop_LUT6_I0_O)        0.038     2.547 f  u_core/u_id_ex/mem_fault_i_1/O
                         net (fo=7, unplaced)         0.211     2.758    u_core/u_if_id/ex_fault_out
                         LUT6 (Prop_LUT6_I5_O)        0.038     2.796 r  u_core/u_if_id/id_fault_cause[31]_i_1/O
                         net (fo=40, unplaced)        0.251     3.047    u_core/u_if/u_pc/external_irq_inject
                         LUT6 (Prop_LUT6_I2_O)        0.038     3.085 r  u_core/u_if/u_pc/debug_pc[31]_INST_0_i_9/O
                         net (fo=35, unplaced)        0.248     3.333    u_core/u_id_ex/trap_valid0
                         LUT6 (Prop_LUT6_I4_O)        0.038     3.371 r  u_core/u_id_ex/pc_current[8]_i_19/O
                         net (fo=1, unplaced)         0.186     3.557    u_core/u_id_ex/pc_current[8]_i_19_n_0
                         LUT6 (Prop_LUT6_I5_O)        0.037     3.594 r  u_core/u_id_ex/pc_current[8]_i_14/O
                         net (fo=1, unplaced)         0.023     3.617    u_core/u_id_ex/pc_current[8]_i_14_n_0
                         CARRY8 (Prop_CARRY8_S[1]_CO[7])
                                                      0.197     3.814 r  u_core/u_id_ex/pc_current_reg[8]_i_3/CO[7]
                         net (fo=1, unplaced)         0.005     3.819    u_core/u_id_ex/pc_current_reg[8]_i_3_n_0
                         CARRY8 (Prop_CARRY8_CI_CO[7])
                                                      0.022     3.841 r  u_core/u_id_ex/pc_current_reg[16]_i_3/CO[7]
                         net (fo=1, unplaced)         0.005     3.846    u_core/u_ex_mem/CO[0]
                         CARRY8 (Prop_CARRY8_CI_O[1])
                                                      0.076     3.922 r  u_core/u_ex_mem/pc_current_reg[24]_i_3/O[1]
                         net (fo=1, unplaced)         0.184     4.106    u_core/u_ex_mem/u_trap/trap_target0[18]
                         LUT5 (Prop_LUT5_I0_O)        0.038     4.144 r  u_core/u_ex_mem/pc_current[18]_i_2/O
                         net (fo=1, unplaced)         0.186     4.330    u_core/u_ex_mem/pc_redirect_target[18]
                         LUT3 (Prop_LUT3_I0_O)        0.038     4.368 r  u_core/u_ex_mem/pc_current[18]_i_1/O
                         net (fo=1, unplaced)         0.048     4.416    u_core/u_if/u_pc/pc_current_reg[31]_0[18]
                         FDCE                                         r  u_core/u_if/u_pc/pc_current_reg[18]/D
  -------------------------------------------------------------------    -------------------

                         (clock aclk rise edge)      10.000    10.000 r  
                                                      0.000    10.000 r  aclk (IN)
                         net (fo=1629, unset)         0.021    10.021    u_core/u_if/u_pc/aclk
                         FDCE                                         r  u_core/u_if/u_pc/pc_current_reg[18]/C
                         clock pessimism              0.000    10.021    
                         clock uncertainty           -0.035     9.986    
                         FDCE (Setup_FDCE_C_D)        0.025    10.011    u_core/u_if/u_pc/pc_current_reg[18]
  -------------------------------------------------------------------
                         required time                         10.011    
                         arrival time                          -4.416    
  -------------------------------------------------------------------
                         slack                                  5.595    

Slack (MET) :             5.597ns  (required time - arrival time)
  Source:                 u_core/u_mem_wb/wb_rd_reg[0]/C
                            (rising edge-triggered cell FDCE clocked by aclk  {rise@0.000ns fall@5.000ns period=10.000ns})
  Destination:            u_core/u_if/u_pc/pc_current_reg[11]/D
                            (rising edge-triggered cell FDCE clocked by aclk  {rise@0.000ns fall@5.000ns period=10.000ns})
  Path Group:             aclk
  Path Type:              Setup (Max at Slow Process Corner)
  Requirement:            10.000ns  (aclk rise@10.000ns - aclk rise@0.000ns)
  Data Path Delay:        4.384ns  (logic 1.183ns (26.984%)  route 3.201ns (73.016%))
  Logic Levels:           19  (CARRY8=4 LUT2=1 LUT3=2 LUT4=1 LUT5=3 LUT6=8)
  Clock Path Skew:        -0.009ns (DCD - SCD + CPR)
    Destination Clock Delay (DCD):    0.021ns = ( 10.021 - 10.000 ) 
    Source Clock Delay      (SCD):    0.030ns
    Clock Pessimism Removal (CPR):    0.000ns
  Clock Uncertainty:      0.035ns  ((TSJ^2 + TIJ^2)^1/2 + DJ) / 2 + PE
    Total System Jitter     (TSJ):    0.071ns
    Total Input Jitter      (TIJ):    0.000ns
    Discrete Jitter          (DJ):    0.000ns
    Phase Error              (PE):    0.000ns

    Location             Delay type                Incr(ns)  Path(ns)    Netlist Resource(s)
  -------------------------------------------------------------------    -------------------
                         (clock aclk rise edge)       0.000     0.000 r  
                                                      0.000     0.000 r  aclk (IN)
                         net (fo=1629, unset)         0.030     0.030    u_core/u_mem_wb/aclk
                         FDCE                                         r  u_core/u_mem_wb/wb_rd_reg[0]/C
  -------------------------------------------------------------------    -------------------
                         FDCE (Prop_FDCE_C_Q)         0.077     0.107 r  u_core/u_mem_wb/wb_rd_reg[0]/Q
                         net (fo=88, unplaced)        0.220     0.327    u_core/u_mem_wb/Q[0]
                         LUT2 (Prop_LUT2_I1_O)        0.070     0.397 r  u_core/u_mem_wb/mem_store_data[31]_i_10/O
                         net (fo=1, unplaced)         0.186     0.583    u_core/u_mem_wb/mem_store_data[31]_i_10_n_0
                         LUT6 (Prop_LUT6_I2_O)        0.038     0.621 r  u_core/u_mem_wb/mem_store_data[31]_i_5/O
                         net (fo=1, unplaced)         0.186     0.807    u_core/u_mem_wb/u_forward/p_5_in
                         LUT6 (Prop_LUT6_I4_O)        0.038     0.845 r  u_core/u_mem_wb/mem_store_data[31]_i_2/O
                         net (fo=32, unplaced)        0.197     1.042    u_core/u_mem_wb/mem_store_data[31]_i_2_n_0
                         LUT5 (Prop_LUT5_I0_O)        0.053     1.095 r  u_core/u_mem_wb/mem_store_data[1]_i_1/O
                         net (fo=10, unplaced)        0.219     1.314    u_core/u_ex_mem/ex_store_data[1]
                         LUT4 (Prop_LUT4_I2_O)        0.070     1.384 f  u_core/u_ex_mem/i__carry_i_8/O
                         net (fo=1, unplaced)         0.260     1.644    u_core/u_ex/u_branch/branch_taken0_inferred__2/i__carry__0_0[0]
                         CARRY8 (Prop_CARRY8_DI[0]_CO[7])
                                                      0.140     1.784 f  u_core/u_ex/u_branch/branch_taken0_inferred__2/i__carry/CO[7]
                         net (fo=1, unplaced)         0.005     1.789    u_core/u_ex/u_branch/branch_taken0_inferred__2/i__carry_n_0
                         CARRY8 (Prop_CARRY8_CI_CO[7])
                                                      0.022     1.811 f  u_core/u_ex/u_branch/branch_taken0_inferred__2/i__carry__0/CO[7]
                         net (fo=1, unplaced)         0.020     1.831    u_core/u_id_ex/i__i_1_1[0]
                         LUT5 (Prop_LUT5_I4_O)        0.038     1.869 f  u_core/u_id_ex/i__i_3/O
                         net (fo=3, unplaced)         0.192     2.061    u_core/u_id_ex/i__i_3_n_0
                         LUT3 (Prop_LUT3_I2_O)        0.038     2.099 f  u_core/u_id_ex/mem_fault_i_8/O
                         net (fo=2, unplaced)         0.186     2.285    u_core/u_id_ex/u_ex/pc_redirect_valid25_in
                         LUT6 (Prop_LUT6_I0_O)        0.038     2.323 f  u_core/u_id_ex/mem_fault_i_2/O
                         net (fo=2, unplaced)         0.186     2.509    u_core/u_id_ex/mem_fault_i_2_n_0
                         LUT6 (Prop_LUT6_I0_O)        0.038     2.547 f  u_core/u_id_ex/mem_fault_i_1/O
                         net (fo=7, unplaced)         0.211     2.758    u_core/u_if_id/ex_fault_out
                         LUT6 (Prop_LUT6_I5_O)        0.038     2.796 r  u_core/u_if_id/id_fault_cause[31]_i_1/O
                         net (fo=40, unplaced)        0.251     3.047    u_core/u_if/u_pc/external_irq_inject
                         LUT6 (Prop_LUT6_I2_O)        0.038     3.085 r  u_core/u_if/u_pc/debug_pc[31]_INST_0_i_9/O
                         net (fo=35, unplaced)        0.248     3.333    u_core/u_id_ex/trap_valid0
                         LUT6 (Prop_LUT6_I4_O)        0.038     3.371 r  u_core/u_id_ex/pc_current[8]_i_19/O
                         net (fo=1, unplaced)         0.186     3.557    u_core/u_id_ex/pc_current[8]_i_19_n_0
                         LUT6 (Prop_LUT6_I5_O)        0.037     3.594 r  u_core/u_id_ex/pc_current[8]_i_14/O
                         net (fo=1, unplaced)         0.023     3.617    u_core/u_id_ex/pc_current[8]_i_14_n_0
                         CARRY8 (Prop_CARRY8_S[1]_CO[7])
                                                      0.197     3.814 r  u_core/u_id_ex/pc_current_reg[8]_i_3/CO[7]
                         net (fo=1, unplaced)         0.005     3.819    u_core/u_id_ex/pc_current_reg[8]_i_3_n_0
                         CARRY8 (Prop_CARRY8_CI_O[2])
                                                      0.067     3.886 r  u_core/u_id_ex/pc_current_reg[16]_i_3/O[2]
                         net (fo=1, unplaced)         0.186     4.072    u_core/u_id_ex/u_trap/trap_target0[11]
                         LUT5 (Prop_LUT5_I0_O)        0.038     4.110 r  u_core/u_id_ex/pc_current[11]_i_2/O
                         net (fo=1, unplaced)         0.186     4.296    u_core/u_id_ex/pc_redirect_target[11]
                         LUT3 (Prop_LUT3_I0_O)        0.070     4.366 r  u_core/u_id_ex/pc_current[11]_i_1/O
                         net (fo=1, unplaced)         0.048     4.414    u_core/u_if/u_pc/pc_current_reg[31]_0[11]
                         FDCE                                         r  u_core/u_if/u_pc/pc_current_reg[11]/D
  -------------------------------------------------------------------    -------------------

                         (clock aclk rise edge)      10.000    10.000 r  
                                                      0.000    10.000 r  aclk (IN)
                         net (fo=1629, unset)         0.021    10.021    u_core/u_if/u_pc/aclk
                         FDCE                                         r  u_core/u_if/u_pc/pc_current_reg[11]/C
                         clock pessimism              0.000    10.021    
                         clock uncertainty           -0.035     9.986    
                         FDCE (Setup_FDCE_C_D)        0.025    10.011    u_core/u_if/u_pc/pc_current_reg[11]
  -------------------------------------------------------------------
                         required time                         10.011    
                         arrival time                          -4.414    
  -------------------------------------------------------------------
                         slack                                  5.597    

Slack (MET) :             5.608ns  (required time - arrival time)
  Source:                 u_core/u_mem_wb/wb_rd_reg[0]/C
                            (rising edge-triggered cell FDCE clocked by aclk  {rise@0.000ns fall@5.000ns period=10.000ns})
  Destination:            u_core/u_if/u_pc/pc_current_reg[9]/D
                            (rising edge-triggered cell FDCE clocked by aclk  {rise@0.000ns fall@5.000ns period=10.000ns})
  Path Group:             aclk
  Path Type:              Setup (Max at Slow Process Corner)
  Requirement:            10.000ns  (aclk rise@10.000ns - aclk rise@0.000ns)
  Data Path Delay:        4.373ns  (logic 1.172ns (26.801%)  route 3.201ns (73.199%))
  Logic Levels:           19  (CARRY8=4 LUT2=1 LUT3=2 LUT4=1 LUT5=3 LUT6=8)
  Clock Path Skew:        -0.009ns (DCD - SCD + CPR)
    Destination Clock Delay (DCD):    0.021ns = ( 10.021 - 10.000 ) 
    Source Clock Delay      (SCD):    0.030ns
    Clock Pessimism Removal (CPR):    0.000ns
  Clock Uncertainty:      0.035ns  ((TSJ^2 + TIJ^2)^1/2 + DJ) / 2 + PE
    Total System Jitter     (TSJ):    0.071ns
    Total Input Jitter      (TIJ):    0.000ns
    Discrete Jitter          (DJ):    0.000ns
    Phase Error              (PE):    0.000ns

    Location             Delay type                Incr(ns)  Path(ns)    Netlist Resource(s)
  -------------------------------------------------------------------    -------------------
                         (clock aclk rise edge)       0.000     0.000 r  
                                                      0.000     0.000 r  aclk (IN)
                         net (fo=1629, unset)         0.030     0.030    u_core/u_mem_wb/aclk
                         FDCE                                         r  u_core/u_mem_wb/wb_rd_reg[0]/C
  -------------------------------------------------------------------    -------------------
                         FDCE (Prop_FDCE_C_Q)         0.077     0.107 r  u_core/u_mem_wb/wb_rd_reg[0]/Q
                         net (fo=88, unplaced)        0.220     0.327    u_core/u_mem_wb/Q[0]
                         LUT2 (Prop_LUT2_I1_O)        0.070     0.397 r  u_core/u_mem_wb/mem_store_data[31]_i_10/O
                         net (fo=1, unplaced)         0.186     0.583    u_core/u_mem_wb/mem_store_data[31]_i_10_n_0
                         LUT6 (Prop_LUT6_I2_O)        0.038     0.621 r  u_core/u_mem_wb/mem_store_data[31]_i_5/O
                         net (fo=1, unplaced)         0.186     0.807    u_core/u_mem_wb/u_forward/p_5_in
                         LUT6 (Prop_LUT6_I4_O)        0.038     0.845 r  u_core/u_mem_wb/mem_store_data[31]_i_2/O
                         net (fo=32, unplaced)        0.197     1.042    u_core/u_mem_wb/mem_store_data[31]_i_2_n_0
                         LUT5 (Prop_LUT5_I0_O)        0.053     1.095 r  u_core/u_mem_wb/mem_store_data[1]_i_1/O
                         net (fo=10, unplaced)        0.219     1.314    u_core/u_ex_mem/ex_store_data[1]
                         LUT4 (Prop_LUT4_I2_O)        0.070     1.384 f  u_core/u_ex_mem/i__carry_i_8/O
                         net (fo=1, unplaced)         0.260     1.644    u_core/u_ex/u_branch/branch_taken0_inferred__2/i__carry__0_0[0]
                         CARRY8 (Prop_CARRY8_DI[0]_CO[7])
                                                      0.140     1.784 f  u_core/u_ex/u_branch/branch_taken0_inferred__2/i__carry/CO[7]
                         net (fo=1, unplaced)         0.005     1.789    u_core/u_ex/u_branch/branch_taken0_inferred__2/i__carry_n_0
                         CARRY8 (Prop_CARRY8_CI_CO[7])
                                                      0.022     1.811 f  u_core/u_ex/u_branch/branch_taken0_inferred__2/i__carry__0/CO[7]
                         net (fo=1, unplaced)         0.020     1.831    u_core/u_id_ex/i__i_1_1[0]
                         LUT5 (Prop_LUT5_I4_O)        0.038     1.869 f  u_core/u_id_ex/i__i_3/O
                         net (fo=3, unplaced)         0.192     2.061    u_core/u_id_ex/i__i_3_n_0
                         LUT3 (Prop_LUT3_I2_O)        0.038     2.099 f  u_core/u_id_ex/mem_fault_i_8/O
                         net (fo=2, unplaced)         0.186     2.285    u_core/u_id_ex/u_ex/pc_redirect_valid25_in
                         LUT6 (Prop_LUT6_I0_O)        0.038     2.323 f  u_core/u_id_ex/mem_fault_i_2/O
                         net (fo=2, unplaced)         0.186     2.509    u_core/u_id_ex/mem_fault_i_2_n_0
                         LUT6 (Prop_LUT6_I0_O)        0.038     2.547 f  u_core/u_id_ex/mem_fault_i_1/O
                         net (fo=7, unplaced)         0.211     2.758    u_core/u_if_id/ex_fault_out
                         LUT6 (Prop_LUT6_I5_O)        0.038     2.796 r  u_core/u_if_id/id_fault_cause[31]_i_1/O
                         net (fo=40, unplaced)        0.251     3.047    u_core/u_if/u_pc/external_irq_inject
                         LUT6 (Prop_LUT6_I2_O)        0.038     3.085 r  u_core/u_if/u_pc/debug_pc[31]_INST_0_i_9/O
                         net (fo=35, unplaced)        0.248     3.333    u_core/u_id_ex/trap_valid0
                         LUT6 (Prop_LUT6_I4_O)        0.038     3.371 r  u_core/u_id_ex/pc_current[8]_i_19/O
                         net (fo=1, unplaced)         0.186     3.557    u_core/u_id_ex/pc_current[8]_i_19_n_0
                         LUT6 (Prop_LUT6_I5_O)        0.037     3.594 r  u_core/u_id_ex/pc_current[8]_i_14/O
                         net (fo=1, unplaced)         0.023     3.617    u_core/u_id_ex/pc_current[8]_i_14_n_0
                         CARRY8 (Prop_CARRY8_S[1]_CO[7])
                                                      0.197     3.814 r  u_core/u_id_ex/pc_current_reg[8]_i_3/CO[7]
                         net (fo=1, unplaced)         0.005     3.819    u_core/u_id_ex/pc_current_reg[8]_i_3_n_0
                         CARRY8 (Prop_CARRY8_CI_O[0])
                                                      0.056     3.875 r  u_core/u_id_ex/pc_current_reg[16]_i_3/O[0]
                         net (fo=1, unplaced)         0.186     4.061    u_core/u_id_ex/u_trap/trap_target0[9]
                         LUT5 (Prop_LUT5_I0_O)        0.038     4.099 r  u_core/u_id_ex/pc_current[9]_i_2/O
                         net (fo=1, unplaced)         0.186     4.285    u_core/u_id_ex/pc_redirect_target[9]
                         LUT3 (Prop_LUT3_I0_O)        0.070     4.355 r  u_core/u_id_ex/pc_current[9]_i_1/O
                         net (fo=1, unplaced)         0.048     4.403    u_core/u_if/u_pc/pc_current_reg[31]_0[9]
                         FDCE                                         r  u_core/u_if/u_pc/pc_current_reg[9]/D
  -------------------------------------------------------------------    -------------------

                         (clock aclk rise edge)      10.000    10.000 r  
                                                      0.000    10.000 r  aclk (IN)
                         net (fo=1629, unset)         0.021    10.021    u_core/u_if/u_pc/aclk
                         FDCE                                         r  u_core/u_if/u_pc/pc_current_reg[9]/C
                         clock pessimism              0.000    10.021    
                         clock uncertainty           -0.035     9.986    
                         FDCE (Setup_FDCE_C_D)        0.025    10.011    u_core/u_if/u_pc/pc_current_reg[9]
  -------------------------------------------------------------------
                         required time                         10.011    
                         arrival time                          -4.403    
  -------------------------------------------------------------------
                         slack                                  5.608    

Slack (MET) :             5.609ns  (required time - arrival time)
  Source:                 u_core/u_mem_wb/wb_rd_reg[0]/C
                            (rising edge-triggered cell FDCE clocked by aclk  {rise@0.000ns fall@5.000ns period=10.000ns})
  Destination:            u_core/u_if/u_pc/pc_current_reg[15]/D
                            (rising edge-triggered cell FDCE clocked by aclk  {rise@0.000ns fall@5.000ns period=10.000ns})
  Path Group:             aclk
  Path Type:              Setup (Max at Slow Process Corner)
  Requirement:            10.000ns  (aclk rise@10.000ns - aclk rise@0.000ns)
  Data Path Delay:        4.372ns  (logic 1.219ns (27.882%)  route 3.153ns (72.118%))
  Logic Levels:           19  (CARRY8=4 LUT2=1 LUT3=2 LUT4=1 LUT5=3 LUT6=8)
  Clock Path Skew:        -0.009ns (DCD - SCD + CPR)
    Destination Clock Delay (DCD):    0.021ns = ( 10.021 - 10.000 ) 
    Source Clock Delay      (SCD):    0.030ns
    Clock Pessimism Removal (CPR):    0.000ns
  Clock Uncertainty:      0.035ns  ((TSJ^2 + TIJ^2)^1/2 + DJ) / 2 + PE
    Total System Jitter     (TSJ):    0.071ns
    Total Input Jitter      (TIJ):    0.000ns
    Discrete Jitter          (DJ):    0.000ns
    Phase Error              (PE):    0.000ns

    Location             Delay type                Incr(ns)  Path(ns)    Netlist Resource(s)
  -------------------------------------------------------------------    -------------------
                         (clock aclk rise edge)       0.000     0.000 r  
                                                      0.000     0.000 r  aclk (IN)
                         net (fo=1629, unset)         0.030     0.030    u_core/u_mem_wb/aclk
                         FDCE                                         r  u_core/u_mem_wb/wb_rd_reg[0]/C
  -------------------------------------------------------------------    -------------------
                         FDCE (Prop_FDCE_C_Q)         0.077     0.107 r  u_core/u_mem_wb/wb_rd_reg[0]/Q
                         net (fo=88, unplaced)        0.220     0.327    u_core/u_mem_wb/Q[0]
                         LUT2 (Prop_LUT2_I1_O)        0.070     0.397 r  u_core/u_mem_wb/mem_store_data[31]_i_10/O
                         net (fo=1, unplaced)         0.186     0.583    u_core/u_mem_wb/mem_store_data[31]_i_10_n_0
                         LUT6 (Prop_LUT6_I2_O)        0.038     0.621 r  u_core/u_mem_wb/mem_store_data[31]_i_5/O
                         net (fo=1, unplaced)         0.186     0.807    u_core/u_mem_wb/u_forward/p_5_in
                         LUT6 (Prop_LUT6_I4_O)        0.038     0.845 r  u_core/u_mem_wb/mem_store_data[31]_i_2/O
                         net (fo=32, unplaced)        0.197     1.042    u_core/u_mem_wb/mem_store_data[31]_i_2_n_0
                         LUT5 (Prop_LUT5_I0_O)        0.053     1.095 r  u_core/u_mem_wb/mem_store_data[1]_i_1/O
                         net (fo=10, unplaced)        0.219     1.314    u_core/u_ex_mem/ex_store_data[1]
                         LUT4 (Prop_LUT4_I2_O)        0.070     1.384 f  u_core/u_ex_mem/i__carry_i_8/O
                         net (fo=1, unplaced)         0.260     1.644    u_core/u_ex/u_branch/branch_taken0_inferred__2/i__carry__0_0[0]
                         CARRY8 (Prop_CARRY8_DI[0]_CO[7])
                                                      0.140     1.784 f  u_core/u_ex/u_branch/branch_taken0_inferred__2/i__carry/CO[7]
                         net (fo=1, unplaced)         0.005     1.789    u_core/u_ex/u_branch/branch_taken0_inferred__2/i__carry_n_0
                         CARRY8 (Prop_CARRY8_CI_CO[7])
                                                      0.022     1.811 f  u_core/u_ex/u_branch/branch_taken0_inferred__2/i__carry__0/CO[7]
                         net (fo=1, unplaced)         0.020     1.831    u_core/u_id_ex/i__i_1_1[0]
                         LUT5 (Prop_LUT5_I4_O)        0.038     1.869 f  u_core/u_id_ex/i__i_3/O
                         net (fo=3, unplaced)         0.192     2.061    u_core/u_id_ex/i__i_3_n_0
                         LUT3 (Prop_LUT3_I2_O)        0.038     2.099 f  u_core/u_id_ex/mem_fault_i_8/O
                         net (fo=2, unplaced)         0.186     2.285    u_core/u_id_ex/u_ex/pc_redirect_valid25_in
                         LUT6 (Prop_LUT6_I0_O)        0.038     2.323 f  u_core/u_id_ex/mem_fault_i_2/O
                         net (fo=2, unplaced)         0.186     2.509    u_core/u_id_ex/mem_fault_i_2_n_0
                         LUT6 (Prop_LUT6_I0_O)        0.038     2.547 f  u_core/u_id_ex/mem_fault_i_1/O
                         net (fo=7, unplaced)         0.211     2.758    u_core/u_if_id/ex_fault_out
                         LUT6 (Prop_LUT6_I5_O)        0.038     2.796 r  u_core/u_if_id/id_fault_cause[31]_i_1/O
                         net (fo=40, unplaced)        0.251     3.047    u_core/u_if/u_pc/external_irq_inject
                         LUT6 (Prop_LUT6_I2_O)        0.038     3.085 r  u_core/u_if/u_pc/debug_pc[31]_INST_0_i_9/O
                         net (fo=35, unplaced)        0.248     3.333    u_core/u_id_ex/trap_valid0
                         LUT6 (Prop_LUT6_I4_O)        0.038     3.371 r  u_core/u_id_ex/pc_current[8]_i_19/O
                         net (fo=1, unplaced)         0.186     3.557    u_core/u_id_ex/pc_current[8]_i_19_n_0
                         LUT6 (Prop_LUT6_I5_O)        0.037     3.594 r  u_core/u_id_ex/pc_current[8]_i_14/O
                         net (fo=1, unplaced)         0.023     3.617    u_core/u_id_ex/pc_current[8]_i_14_n_0
                         CARRY8 (Prop_CARRY8_S[1]_CO[7])
                                                      0.197     3.814 r  u_core/u_id_ex/pc_current_reg[8]_i_3/CO[7]
                         net (fo=1, unplaced)         0.005     3.819    u_core/u_id_ex/pc_current_reg[8]_i_3_n_0
                         CARRY8 (Prop_CARRY8_CI_O[6])
                                                      0.103     3.922 r  u_core/u_id_ex/pc_current_reg[16]_i_3/O[6]
                         net (fo=1, unplaced)         0.138     4.060    u_core/u_id_ex/u_trap/trap_target0[15]
                         LUT5 (Prop_LUT5_I0_O)        0.038     4.098 r  u_core/u_id_ex/pc_current[15]_i_2/O
                         net (fo=1, unplaced)         0.186     4.284    u_core/u_id_ex/pc_redirect_target[15]
                         LUT3 (Prop_LUT3_I0_O)        0.070     4.354 r  u_core/u_id_ex/pc_current[15]_i_1/O
                         net (fo=1, unplaced)         0.048     4.402    u_core/u_if/u_pc/pc_current_reg[31]_0[15]
                         FDCE                                         r  u_core/u_if/u_pc/pc_current_reg[15]/D
  -------------------------------------------------------------------    -------------------

                         (clock aclk rise edge)      10.000    10.000 r  
                                                      0.000    10.000 r  aclk (IN)
                         net (fo=1629, unset)         0.021    10.021    u_core/u_if/u_pc/aclk
                         FDCE                                         r  u_core/u_if/u_pc/pc_current_reg[15]/C
                         clock pessimism              0.000    10.021    
                         clock uncertainty           -0.035     9.986    
                         FDCE (Setup_FDCE_C_D)        0.025    10.011    u_core/u_if/u_pc/pc_current_reg[15]
  -------------------------------------------------------------------
                         required time                         10.011    
                         arrival time                          -4.402    
  -------------------------------------------------------------------
                         slack                                  5.609    

Slack (MET) :             5.614ns  (required time - arrival time)
  Source:                 u_core/u_mem_wb/wb_rd_reg[0]/C
                            (rising edge-triggered cell FDCE clocked by aclk  {rise@0.000ns fall@5.000ns period=10.000ns})
  Destination:            u_core/u_if/u_pc/pc_current_reg[23]/D
                            (rising edge-triggered cell FDCE clocked by aclk  {rise@0.000ns fall@5.000ns period=10.000ns})
  Path Group:             aclk
  Path Type:              Setup (Max at Slow Process Corner)
  Requirement:            10.000ns  (aclk rise@10.000ns - aclk rise@0.000ns)
  Data Path Delay:        4.367ns  (logic 1.209ns (27.685%)  route 3.158ns (72.315%))
  Logic Levels:           20  (CARRY8=5 LUT2=1 LUT3=2 LUT4=1 LUT5=3 LUT6=8)
  Clock Path Skew:        -0.009ns (DCD - SCD + CPR)
    Destination Clock Delay (DCD):    0.021ns = ( 10.021 - 10.000 ) 
    Source Clock Delay      (SCD):    0.030ns
    Clock Pessimism Removal (CPR):    0.000ns
  Clock Uncertainty:      0.035ns  ((TSJ^2 + TIJ^2)^1/2 + DJ) / 2 + PE
    Total System Jitter     (TSJ):    0.071ns
    Total Input Jitter      (TIJ):    0.000ns
    Discrete Jitter          (DJ):    0.000ns
    Phase Error              (PE):    0.000ns

    Location             Delay type                Incr(ns)  Path(ns)    Netlist Resource(s)
  -------------------------------------------------------------------    -------------------
                         (clock aclk rise edge)       0.000     0.000 r  
                                                      0.000     0.000 r  aclk (IN)
                         net (fo=1629, unset)         0.030     0.030    u_core/u_mem_wb/aclk
                         FDCE                                         r  u_core/u_mem_wb/wb_rd_reg[0]/C
  -------------------------------------------------------------------    -------------------
                         FDCE (Prop_FDCE_C_Q)         0.077     0.107 r  u_core/u_mem_wb/wb_rd_reg[0]/Q
                         net (fo=88, unplaced)        0.220     0.327    u_core/u_mem_wb/Q[0]
                         LUT2 (Prop_LUT2_I1_O)        0.070     0.397 r  u_core/u_mem_wb/mem_store_data[31]_i_10/O
                         net (fo=1, unplaced)         0.186     0.583    u_core/u_mem_wb/mem_store_data[31]_i_10_n_0
                         LUT6 (Prop_LUT6_I2_O)        0.038     0.621 r  u_core/u_mem_wb/mem_store_data[31]_i_5/O
                         net (fo=1, unplaced)         0.186     0.807    u_core/u_mem_wb/u_forward/p_5_in
                         LUT6 (Prop_LUT6_I4_O)        0.038     0.845 r  u_core/u_mem_wb/mem_store_data[31]_i_2/O
                         net (fo=32, unplaced)        0.197     1.042    u_core/u_mem_wb/mem_store_data[31]_i_2_n_0
                         LUT5 (Prop_LUT5_I0_O)        0.053     1.095 r  u_core/u_mem_wb/mem_store_data[1]_i_1/O
                         net (fo=10, unplaced)        0.219     1.314    u_core/u_ex_mem/ex_store_data[1]
                         LUT4 (Prop_LUT4_I2_O)        0.070     1.384 f  u_core/u_ex_mem/i__carry_i_8/O
                         net (fo=1, unplaced)         0.260     1.644    u_core/u_ex/u_branch/branch_taken0_inferred__2/i__carry__0_0[0]
                         CARRY8 (Prop_CARRY8_DI[0]_CO[7])
                                                      0.140     1.784 f  u_core/u_ex/u_branch/branch_taken0_inferred__2/i__carry/CO[7]
                         net (fo=1, unplaced)         0.005     1.789    u_core/u_ex/u_branch/branch_taken0_inferred__2/i__carry_n_0
                         CARRY8 (Prop_CARRY8_CI_CO[7])
                                                      0.022     1.811 f  u_core/u_ex/u_branch/branch_taken0_inferred__2/i__carry__0/CO[7]
                         net (fo=1, unplaced)         0.020     1.831    u_core/u_id_ex/i__i_1_1[0]
                         LUT5 (Prop_LUT5_I4_O)        0.038     1.869 f  u_core/u_id_ex/i__i_3/O
                         net (fo=3, unplaced)         0.192     2.061    u_core/u_id_ex/i__i_3_n_0
                         LUT3 (Prop_LUT3_I2_O)        0.038     2.099 f  u_core/u_id_ex/mem_fault_i_8/O
                         net (fo=2, unplaced)         0.186     2.285    u_core/u_id_ex/u_ex/pc_redirect_valid25_in
                         LUT6 (Prop_LUT6_I0_O)        0.038     2.323 f  u_core/u_id_ex/mem_fault_i_2/O
                         net (fo=2, unplaced)         0.186     2.509    u_core/u_id_ex/mem_fault_i_2_n_0
                         LUT6 (Prop_LUT6_I0_O)        0.038     2.547 f  u_core/u_id_ex/mem_fault_i_1/O
                         net (fo=7, unplaced)         0.211     2.758    u_core/u_if_id/ex_fault_out
                         LUT6 (Prop_LUT6_I5_O)        0.038     2.796 r  u_core/u_if_id/id_fault_cause[31]_i_1/O
                         net (fo=40, unplaced)        0.251     3.047    u_core/u_if/u_pc/external_irq_inject
                         LUT6 (Prop_LUT6_I2_O)        0.038     3.085 r  u_core/u_if/u_pc/debug_pc[31]_INST_0_i_9/O
                         net (fo=35, unplaced)        0.248     3.333    u_core/u_id_ex/trap_valid0
                         LUT6 (Prop_LUT6_I4_O)        0.038     3.371 r  u_core/u_id_ex/pc_current[8]_i_19/O
                         net (fo=1, unplaced)         0.186     3.557    u_core/u_id_ex/pc_current[8]_i_19_n_0
                         LUT6 (Prop_LUT6_I5_O)        0.037     3.594 r  u_core/u_id_ex/pc_current[8]_i_14/O
                         net (fo=1, unplaced)         0.023     3.617    u_core/u_id_ex/pc_current[8]_i_14_n_0
                         CARRY8 (Prop_CARRY8_S[1]_CO[7])
                                                      0.197     3.814 r  u_core/u_id_ex/pc_current_reg[8]_i_3/CO[7]
                         net (fo=1, unplaced)         0.005     3.819    u_core/u_id_ex/pc_current_reg[8]_i_3_n_0
                         CARRY8 (Prop_CARRY8_CI_CO[7])
                                                      0.022     3.841 r  u_core/u_id_ex/pc_current_reg[16]_i_3/CO[7]
                         net (fo=1, unplaced)         0.005     3.846    u_core/u_ex_mem/CO[0]
                         CARRY8 (Prop_CARRY8_CI_O[6])
                                                      0.103     3.949 r  u_core/u_ex_mem/pc_current_reg[24]_i_3/O[6]
                         net (fo=1, unplaced)         0.138     4.087    u_core/u_ex_mem/u_trap/trap_target0[23]
                         LUT5 (Prop_LUT5_I0_O)        0.038     4.125 r  u_core/u_ex_mem/pc_current[23]_i_2/O
                         net (fo=1, unplaced)         0.186     4.311    u_core/u_ex_mem/pc_redirect_target[23]
                         LUT3 (Prop_LUT3_I0_O)        0.038     4.349 r  u_core/u_ex_mem/pc_current[23]_i_1/O
                         net (fo=1, unplaced)         0.048     4.397    u_core/u_if/u_pc/pc_current_reg[31]_0[23]
                         FDCE                                         r  u_core/u_if/u_pc/pc_current_reg[23]/D
  -------------------------------------------------------------------    -------------------

                         (clock aclk rise edge)      10.000    10.000 r  
                                                      0.000    10.000 r  aclk (IN)
                         net (fo=1629, unset)         0.021    10.021    u_core/u_if/u_pc/aclk
                         FDCE                                         r  u_core/u_if/u_pc/pc_current_reg[23]/C
                         clock pessimism              0.000    10.021    
                         clock uncertainty           -0.035     9.986    
                         FDCE (Setup_FDCE_C_D)        0.025    10.011    u_core/u_if/u_pc/pc_current_reg[23]
  -------------------------------------------------------------------
                         required time                         10.011    
                         arrival time                          -4.397    
  -------------------------------------------------------------------
                         slack                                  5.614    

Slack (MET) :             5.622ns  (required time - arrival time)
  Source:                 u_core/u_mem_wb/wb_rd_reg[0]/C
                            (rising edge-triggered cell FDCE clocked by aclk  {rise@0.000ns fall@5.000ns period=10.000ns})
  Destination:            u_core/u_if/u_pc/pc_current_reg[10]/D
                            (rising edge-triggered cell FDCE clocked by aclk  {rise@0.000ns fall@5.000ns period=10.000ns})
  Path Group:             aclk
  Path Type:              Setup (Max at Slow Process Corner)
  Requirement:            10.000ns  (aclk rise@10.000ns - aclk rise@0.000ns)
  Data Path Delay:        4.359ns  (logic 1.160ns (26.612%)  route 3.199ns (73.388%))
  Logic Levels:           19  (CARRY8=4 LUT2=1 LUT3=2 LUT4=1 LUT5=3 LUT6=8)
  Clock Path Skew:        -0.009ns (DCD - SCD + CPR)
    Destination Clock Delay (DCD):    0.021ns = ( 10.021 - 10.000 ) 
    Source Clock Delay      (SCD):    0.030ns
    Clock Pessimism Removal (CPR):    0.000ns
  Clock Uncertainty:      0.035ns  ((TSJ^2 + TIJ^2)^1/2 + DJ) / 2 + PE
    Total System Jitter     (TSJ):    0.071ns
    Total Input Jitter      (TIJ):    0.000ns
    Discrete Jitter          (DJ):    0.000ns
    Phase Error              (PE):    0.000ns

    Location             Delay type                Incr(ns)  Path(ns)    Netlist Resource(s)
  -------------------------------------------------------------------    -------------------
                         (clock aclk rise edge)       0.000     0.000 r  
                                                      0.000     0.000 r  aclk (IN)
                         net (fo=1629, unset)         0.030     0.030    u_core/u_mem_wb/aclk
                         FDCE                                         r  u_core/u_mem_wb/wb_rd_reg[0]/C
  -------------------------------------------------------------------    -------------------
                         FDCE (Prop_FDCE_C_Q)         0.077     0.107 r  u_core/u_mem_wb/wb_rd_reg[0]/Q
                         net (fo=88, unplaced)        0.220     0.327    u_core/u_mem_wb/Q[0]
                         LUT2 (Prop_LUT2_I1_O)        0.070     0.397 r  u_core/u_mem_wb/mem_store_data[31]_i_10/O
                         net (fo=1, unplaced)         0.186     0.583    u_core/u_mem_wb/mem_store_data[31]_i_10_n_0
                         LUT6 (Prop_LUT6_I2_O)        0.038     0.621 r  u_core/u_mem_wb/mem_store_data[31]_i_5/O
                         net (fo=1, unplaced)         0.186     0.807    u_core/u_mem_wb/u_forward/p_5_in
                         LUT6 (Prop_LUT6_I4_O)        0.038     0.845 r  u_core/u_mem_wb/mem_store_data[31]_i_2/O
                         net (fo=32, unplaced)        0.197     1.042    u_core/u_mem_wb/mem_store_data[31]_i_2_n_0
                         LUT5 (Prop_LUT5_I0_O)        0.053     1.095 r  u_core/u_mem_wb/mem_store_data[1]_i_1/O
                         net (fo=10, unplaced)        0.219     1.314    u_core/u_ex_mem/ex_store_data[1]
                         LUT4 (Prop_LUT4_I2_O)        0.070     1.384 f  u_core/u_ex_mem/i__carry_i_8/O
                         net (fo=1, unplaced)         0.260     1.644    u_core/u_ex/u_branch/branch_taken0_inferred__2/i__carry__0_0[0]
                         CARRY8 (Prop_CARRY8_DI[0]_CO[7])
                                                      0.140     1.784 f  u_core/u_ex/u_branch/branch_taken0_inferred__2/i__carry/CO[7]
                         net (fo=1, unplaced)         0.005     1.789    u_core/u_ex/u_branch/branch_taken0_inferred__2/i__carry_n_0
                         CARRY8 (Prop_CARRY8_CI_CO[7])
                                                      0.022     1.811 f  u_core/u_ex/u_branch/branch_taken0_inferred__2/i__carry__0/CO[7]
                         net (fo=1, unplaced)         0.020     1.831    u_core/u_id_ex/i__i_1_1[0]
                         LUT5 (Prop_LUT5_I4_O)        0.038     1.869 f  u_core/u_id_ex/i__i_3/O
                         net (fo=3, unplaced)         0.192     2.061    u_core/u_id_ex/i__i_3_n_0
                         LUT3 (Prop_LUT3_I2_O)        0.038     2.099 f  u_core/u_id_ex/mem_fault_i_8/O
                         net (fo=2, unplaced)         0.186     2.285    u_core/u_id_ex/u_ex/pc_redirect_valid25_in
                         LUT6 (Prop_LUT6_I0_O)        0.038     2.323 f  u_core/u_id_ex/mem_fault_i_2/O
                         net (fo=2, unplaced)         0.186     2.509    u_core/u_id_ex/mem_fault_i_2_n_0
                         LUT6 (Prop_LUT6_I0_O)        0.038     2.547 f  u_core/u_id_ex/mem_fault_i_1/O
                         net (fo=7, unplaced)         0.211     2.758    u_core/u_if_id/ex_fault_out
                         LUT6 (Prop_LUT6_I5_O)        0.038     2.796 r  u_core/u_if_id/id_fault_cause[31]_i_1/O
                         net (fo=40, unplaced)        0.251     3.047    u_core/u_if/u_pc/external_irq_inject
                         LUT6 (Prop_LUT6_I2_O)        0.038     3.085 r  u_core/u_if/u_pc/debug_pc[31]_INST_0_i_9/O
                         net (fo=35, unplaced)        0.248     3.333    u_core/u_id_ex/trap_valid0
                         LUT6 (Prop_LUT6_I4_O)        0.038     3.371 r  u_core/u_id_ex/pc_current[8]_i_19/O
                         net (fo=1, unplaced)         0.186     3.557    u_core/u_id_ex/pc_current[8]_i_19_n_0
                         LUT6 (Prop_LUT6_I5_O)        0.037     3.594 r  u_core/u_id_ex/pc_current[8]_i_14/O
                         net (fo=1, unplaced)         0.023     3.617    u_core/u_id_ex/pc_current[8]_i_14_n_0
                         CARRY8 (Prop_CARRY8_S[1]_CO[7])
                                                      0.197     3.814 r  u_core/u_id_ex/pc_current_reg[8]_i_3/CO[7]
                         net (fo=1, unplaced)         0.005     3.819    u_core/u_id_ex/pc_current_reg[8]_i_3_n_0
                         CARRY8 (Prop_CARRY8_CI_O[1])
                                                      0.076     3.895 r  u_core/u_id_ex/pc_current_reg[16]_i_3/O[1]
                         net (fo=1, unplaced)         0.184     4.079    u_core/u_id_ex/u_trap/trap_target0[10]
                         LUT5 (Prop_LUT5_I0_O)        0.038     4.117 r  u_core/u_id_ex/pc_current[10]_i_2/O
                         net (fo=1, unplaced)         0.186     4.303    u_core/u_id_ex/pc_redirect_target[10]
                         LUT3 (Prop_LUT3_I0_O)        0.038     4.341 r  u_core/u_id_ex/pc_current[10]_i_1/O
                         net (fo=1, unplaced)         0.048     4.389    u_core/u_if/u_pc/pc_current_reg[31]_0[10]
                         FDCE                                         r  u_core/u_if/u_pc/pc_current_reg[10]/D
  -------------------------------------------------------------------    -------------------

                         (clock aclk rise edge)      10.000    10.000 r  
                                                      0.000    10.000 r  aclk (IN)
                         net (fo=1629, unset)         0.021    10.021    u_core/u_if/u_pc/aclk
                         FDCE                                         r  u_core/u_if/u_pc/pc_current_reg[10]/C
                         clock pessimism              0.000    10.021    
                         clock uncertainty           -0.035     9.986    
                         FDCE (Setup_FDCE_C_D)        0.025    10.011    u_core/u_if/u_pc/pc_current_reg[10]
  -------------------------------------------------------------------
                         required time                         10.011    
                         arrival time                          -4.389    
  -------------------------------------------------------------------
                         slack                                  5.622    

Slack (MET) :             5.628ns  (required time - arrival time)
  Source:                 u_core/u_mem_wb/wb_rd_reg[0]/C
                            (rising edge-triggered cell FDCE clocked by aclk  {rise@0.000ns fall@5.000ns period=10.000ns})
  Destination:            u_core/u_if/u_pc/pc_current_reg[16]/D
                            (rising edge-triggered cell FDCE clocked by aclk  {rise@0.000ns fall@5.000ns period=10.000ns})
  Path Group:             aclk
  Path Type:              Setup (Max at Slow Process Corner)
  Requirement:            10.000ns  (aclk rise@10.000ns - aclk rise@0.000ns)
  Data Path Delay:        4.353ns  (logic 1.200ns (27.567%)  route 3.153ns (72.433%))
  Logic Levels:           19  (CARRY8=4 LUT2=1 LUT3=2 LUT4=1 LUT5=3 LUT6=8)
  Clock Path Skew:        -0.009ns (DCD - SCD + CPR)
    Destination Clock Delay (DCD):    0.021ns = ( 10.021 - 10.000 ) 
    Source Clock Delay      (SCD):    0.030ns
    Clock Pessimism Removal (CPR):    0.000ns
  Clock Uncertainty:      0.035ns  ((TSJ^2 + TIJ^2)^1/2 + DJ) / 2 + PE
    Total System Jitter     (TSJ):    0.071ns
    Total Input Jitter      (TIJ):    0.000ns
    Discrete Jitter          (DJ):    0.000ns
    Phase Error              (PE):    0.000ns

    Location             Delay type                Incr(ns)  Path(ns)    Netlist Resource(s)
  -------------------------------------------------------------------    -------------------
                         (clock aclk rise edge)       0.000     0.000 r  
                                                      0.000     0.000 r  aclk (IN)
                         net (fo=1629, unset)         0.030     0.030    u_core/u_mem_wb/aclk
                         FDCE                                         r  u_core/u_mem_wb/wb_rd_reg[0]/C
  -------------------------------------------------------------------    -------------------
                         FDCE (Prop_FDCE_C_Q)         0.077     0.107 r  u_core/u_mem_wb/wb_rd_reg[0]/Q
                         net (fo=88, unplaced)        0.220     0.327    u_core/u_mem_wb/Q[0]
                         LUT2 (Prop_LUT2_I1_O)        0.070     0.397 r  u_core/u_mem_wb/mem_store_data[31]_i_10/O
                         net (fo=1, unplaced)         0.186     0.583    u_core/u_mem_wb/mem_store_data[31]_i_10_n_0
                         LUT6 (Prop_LUT6_I2_O)        0.038     0.621 r  u_core/u_mem_wb/mem_store_data[31]_i_5/O
                         net (fo=1, unplaced)         0.186     0.807    u_core/u_mem_wb/u_forward/p_5_in
                         LUT6 (Prop_LUT6_I4_O)        0.038     0.845 r  u_core/u_mem_wb/mem_store_data[31]_i_2/O
                         net (fo=32, unplaced)        0.197     1.042    u_core/u_mem_wb/mem_store_data[31]_i_2_n_0
                         LUT5 (Prop_LUT5_I0_O)        0.053     1.095 r  u_core/u_mem_wb/mem_store_data[1]_i_1/O
                         net (fo=10, unplaced)        0.219     1.314    u_core/u_ex_mem/ex_store_data[1]
                         LUT4 (Prop_LUT4_I2_O)        0.070     1.384 f  u_core/u_ex_mem/i__carry_i_8/O
                         net (fo=1, unplaced)         0.260     1.644    u_core/u_ex/u_branch/branch_taken0_inferred__2/i__carry__0_0[0]
                         CARRY8 (Prop_CARRY8_DI[0]_CO[7])
                                                      0.140     1.784 f  u_core/u_ex/u_branch/branch_taken0_inferred__2/i__carry/CO[7]
                         net (fo=1, unplaced)         0.005     1.789    u_core/u_ex/u_branch/branch_taken0_inferred__2/i__carry_n_0
                         CARRY8 (Prop_CARRY8_CI_CO[7])
                                                      0.022     1.811 f  u_core/u_ex/u_branch/branch_taken0_inferred__2/i__carry__0/CO[7]
                         net (fo=1, unplaced)         0.020     1.831    u_core/u_id_ex/i__i_1_1[0]
                         LUT5 (Prop_LUT5_I4_O)        0.038     1.869 f  u_core/u_id_ex/i__i_3/O
                         net (fo=3, unplaced)         0.192     2.061    u_core/u_id_ex/i__i_3_n_0
                         LUT3 (Prop_LUT3_I2_O)        0.038     2.099 f  u_core/u_id_ex/mem_fault_i_8/O
                         net (fo=2, unplaced)         0.186     2.285    u_core/u_id_ex/u_ex/pc_redirect_valid25_in
                         LUT6 (Prop_LUT6_I0_O)        0.038     2.323 f  u_core/u_id_ex/mem_fault_i_2/O
                         net (fo=2, unplaced)         0.186     2.509    u_core/u_id_ex/mem_fault_i_2_n_0
                         LUT6 (Prop_LUT6_I0_O)        0.038     2.547 f  u_core/u_id_ex/mem_fault_i_1/O
                         net (fo=7, unplaced)         0.211     2.758    u_core/u_if_id/ex_fault_out
                         LUT6 (Prop_LUT6_I5_O)        0.038     2.796 r  u_core/u_if_id/id_fault_cause[31]_i_1/O
                         net (fo=40, unplaced)        0.251     3.047    u_core/u_if/u_pc/external_irq_inject
                         LUT6 (Prop_LUT6_I2_O)        0.038     3.085 r  u_core/u_if/u_pc/debug_pc[31]_INST_0_i_9/O
                         net (fo=35, unplaced)        0.248     3.333    u_core/u_id_ex/trap_valid0
                         LUT6 (Prop_LUT6_I4_O)        0.038     3.371 r  u_core/u_id_ex/pc_current[8]_i_19/O
                         net (fo=1, unplaced)         0.186     3.557    u_core/u_id_ex/pc_current[8]_i_19_n_0
                         LUT6 (Prop_LUT6_I5_O)        0.037     3.594 r  u_core/u_id_ex/pc_current[8]_i_14/O
                         net (fo=1, unplaced)         0.023     3.617    u_core/u_id_ex/pc_current[8]_i_14_n_0
                         CARRY8 (Prop_CARRY8_S[1]_CO[7])
                                                      0.197     3.814 r  u_core/u_id_ex/pc_current_reg[8]_i_3/CO[7]
                         net (fo=1, unplaced)         0.005     3.819    u_core/u_id_ex/pc_current_reg[8]_i_3_n_0
                         CARRY8 (Prop_CARRY8_CI_O[7])
                                                      0.116     3.935 r  u_core/u_id_ex/pc_current_reg[16]_i_3/O[7]
                         net (fo=1, unplaced)         0.138     4.073    u_core/u_id_ex/u_trap/trap_target0[16]
                         LUT5 (Prop_LUT5_I0_O)        0.038     4.111 r  u_core/u_id_ex/pc_current[16]_i_2/O
                         net (fo=1, unplaced)         0.186     4.297    u_core/u_id_ex/pc_redirect_target[16]
                         LUT3 (Prop_LUT3_I0_O)        0.038     4.335 r  u_core/u_id_ex/pc_current[16]_i_1/O
                         net (fo=1, unplaced)         0.048     4.383    u_core/u_if/u_pc/pc_current_reg[31]_0[16]
                         FDCE                                         r  u_core/u_if/u_pc/pc_current_reg[16]/D
  -------------------------------------------------------------------    -------------------

                         (clock aclk rise edge)      10.000    10.000 r  
                                                      0.000    10.000 r  aclk (IN)
                         net (fo=1629, unset)         0.021    10.021    u_core/u_if/u_pc/aclk
                         FDCE                                         r  u_core/u_if/u_pc/pc_current_reg[16]/C
                         clock pessimism              0.000    10.021    
                         clock uncertainty           -0.035     9.986    
                         FDCE (Setup_FDCE_C_D)        0.025    10.011    u_core/u_if/u_pc/pc_current_reg[16]
  -------------------------------------------------------------------
                         required time                         10.011    
                         arrival time                          -4.383    
  -------------------------------------------------------------------
                         slack                                  5.628    

Slack (MET) :             5.644ns  (required time - arrival time)
  Source:                 u_core/u_mem_wb/wb_rd_reg[0]/C
                            (rising edge-triggered cell FDCE clocked by aclk  {rise@0.000ns fall@5.000ns period=10.000ns})
  Destination:            u_core/u_if/u_pc/pc_current_reg[22]/D
                            (rising edge-triggered cell FDCE clocked by aclk  {rise@0.000ns fall@5.000ns period=10.000ns})
  Path Group:             aclk
  Path Type:              Setup (Max at Slow Process Corner)
  Requirement:            10.000ns  (aclk rise@10.000ns - aclk rise@0.000ns)
  Data Path Delay:        4.337ns  (logic 1.222ns (28.176%)  route 3.115ns (71.824%))
  Logic Levels:           20  (CARRY8=5 LUT2=1 LUT3=2 LUT4=1 LUT5=3 LUT6=8)
  Clock Path Skew:        -0.009ns (DCD - SCD + CPR)
    Destination Clock Delay (DCD):    0.021ns = ( 10.021 - 10.000 ) 
    Source Clock Delay      (SCD):    0.030ns
    Clock Pessimism Removal (CPR):    0.000ns
  Clock Uncertainty:      0.035ns  ((TSJ^2 + TIJ^2)^1/2 + DJ) / 2 + PE
    Total System Jitter     (TSJ):    0.071ns
    Total Input Jitter      (TIJ):    0.000ns
    Discrete Jitter          (DJ):    0.000ns
    Phase Error              (PE):    0.000ns

    Location             Delay type                Incr(ns)  Path(ns)    Netlist Resource(s)
  -------------------------------------------------------------------    -------------------
                         (clock aclk rise edge)       0.000     0.000 r  
                                                      0.000     0.000 r  aclk (IN)
                         net (fo=1629, unset)         0.030     0.030    u_core/u_mem_wb/aclk
                         FDCE                                         r  u_core/u_mem_wb/wb_rd_reg[0]/C
  -------------------------------------------------------------------    -------------------
                         FDCE (Prop_FDCE_C_Q)         0.077     0.107 r  u_core/u_mem_wb/wb_rd_reg[0]/Q
                         net (fo=88, unplaced)        0.220     0.327    u_core/u_mem_wb/Q[0]
                         LUT2 (Prop_LUT2_I1_O)        0.070     0.397 r  u_core/u_mem_wb/mem_store_data[31]_i_10/O
                         net (fo=1, unplaced)         0.186     0.583    u_core/u_mem_wb/mem_store_data[31]_i_10_n_0
                         LUT6 (Prop_LUT6_I2_O)        0.038     0.621 r  u_core/u_mem_wb/mem_store_data[31]_i_5/O
                         net (fo=1, unplaced)         0.186     0.807    u_core/u_mem_wb/u_forward/p_5_in
                         LUT6 (Prop_LUT6_I4_O)        0.038     0.845 r  u_core/u_mem_wb/mem_store_data[31]_i_2/O
                         net (fo=32, unplaced)        0.197     1.042    u_core/u_mem_wb/mem_store_data[31]_i_2_n_0
                         LUT5 (Prop_LUT5_I0_O)        0.053     1.095 r  u_core/u_mem_wb/mem_store_data[1]_i_1/O
                         net (fo=10, unplaced)        0.219     1.314    u_core/u_ex_mem/ex_store_data[1]
                         LUT4 (Prop_LUT4_I2_O)        0.070     1.384 f  u_core/u_ex_mem/i__carry_i_8/O
                         net (fo=1, unplaced)         0.260     1.644    u_core/u_ex/u_branch/branch_taken0_inferred__2/i__carry__0_0[0]
                         CARRY8 (Prop_CARRY8_DI[0]_CO[7])
                                                      0.140     1.784 f  u_core/u_ex/u_branch/branch_taken0_inferred__2/i__carry/CO[7]
                         net (fo=1, unplaced)         0.005     1.789    u_core/u_ex/u_branch/branch_taken0_inferred__2/i__carry_n_0
                         CARRY8 (Prop_CARRY8_CI_CO[7])
                                                      0.022     1.811 f  u_core/u_ex/u_branch/branch_taken0_inferred__2/i__carry__0/CO[7]
                         net (fo=1, unplaced)         0.020     1.831    u_core/u_id_ex/i__i_1_1[0]
                         LUT5 (Prop_LUT5_I4_O)        0.038     1.869 f  u_core/u_id_ex/i__i_3/O
                         net (fo=3, unplaced)         0.192     2.061    u_core/u_id_ex/i__i_3_n_0
                         LUT3 (Prop_LUT3_I2_O)        0.038     2.099 f  u_core/u_id_ex/mem_fault_i_8/O
                         net (fo=2, unplaced)         0.186     2.285    u_core/u_id_ex/u_ex/pc_redirect_valid25_in
                         LUT6 (Prop_LUT6_I0_O)        0.038     2.323 f  u_core/u_id_ex/mem_fault_i_2/O
                         net (fo=2, unplaced)         0.186     2.509    u_core/u_id_ex/mem_fault_i_2_n_0
                         LUT6 (Prop_LUT6_I0_O)        0.038     2.547 f  u_core/u_id_ex/mem_fault_i_1/O
                         net (fo=7, unplaced)         0.211     2.758    u_core/u_if_id/ex_fault_out
                         LUT6 (Prop_LUT6_I5_O)        0.038     2.796 r  u_core/u_if_id/id_fault_cause[31]_i_1/O
                         net (fo=40, unplaced)        0.251     3.047    u_core/u_if/u_pc/external_irq_inject
                         LUT6 (Prop_LUT6_I2_O)        0.038     3.085 r  u_core/u_if/u_pc/debug_pc[31]_INST_0_i_9/O
                         net (fo=35, unplaced)        0.248     3.333    u_core/u_id_ex/trap_valid0
                         LUT6 (Prop_LUT6_I4_O)        0.038     3.371 r  u_core/u_id_ex/pc_current[8]_i_19/O
                         net (fo=1, unplaced)         0.186     3.557    u_core/u_id_ex/pc_current[8]_i_19_n_0
                         LUT6 (Prop_LUT6_I5_O)        0.037     3.594 r  u_core/u_id_ex/pc_current[8]_i_14/O
                         net (fo=1, unplaced)         0.023     3.617    u_core/u_id_ex/pc_current[8]_i_14_n_0
                         CARRY8 (Prop_CARRY8_S[1]_CO[7])
                                                      0.197     3.814 r  u_core/u_id_ex/pc_current_reg[8]_i_3/CO[7]
                         net (fo=1, unplaced)         0.005     3.819    u_core/u_id_ex/pc_current_reg[8]_i_3_n_0
                         CARRY8 (Prop_CARRY8_CI_CO[7])
                                                      0.022     3.841 r  u_core/u_id_ex/pc_current_reg[16]_i_3/CO[7]
                         net (fo=1, unplaced)         0.005     3.846    u_core/u_ex_mem/CO[0]
                         CARRY8 (Prop_CARRY8_CI_O[5])
                                                      0.116     3.962 r  u_core/u_ex_mem/pc_current_reg[24]_i_3/O[5]
                         net (fo=1, unplaced)         0.095     4.057    u_core/u_id_ex/pc_current_reg[31]_0[1]
                         LUT5 (Prop_LUT5_I0_O)        0.038     4.095 r  u_core/u_id_ex/pc_current[22]_i_2/O
                         net (fo=1, unplaced)         0.186     4.281    u_core/u_id_ex/pc_redirect_target[22]
                         LUT3 (Prop_LUT3_I0_O)        0.038     4.319 r  u_core/u_id_ex/pc_current[22]_i_1/O
                         net (fo=1, unplaced)         0.048     4.367    u_core/u_if/u_pc/pc_current_reg[31]_0[22]
                         FDCE                                         r  u_core/u_if/u_pc/pc_current_reg[22]/D
  -------------------------------------------------------------------    -------------------

                         (clock aclk rise edge)      10.000    10.000 r  
                                                      0.000    10.000 r  aclk (IN)
                         net (fo=1629, unset)         0.021    10.021    u_core/u_if/u_pc/aclk
                         FDCE                                         r  u_core/u_if/u_pc/pc_current_reg[22]/C
                         clock pessimism              0.000    10.021    
                         clock uncertainty           -0.035     9.986    
                         FDCE (Setup_FDCE_C_D)        0.025    10.011    u_core/u_if/u_pc/pc_current_reg[22]
  -------------------------------------------------------------------
                         required time                         10.011    
                         arrival time                          -4.367    
  -------------------------------------------------------------------
                         slack                                  5.644    

Slack (MET) :             5.655ns  (required time - arrival time)
  Source:                 u_core/u_mem_wb/wb_rd_reg[0]/C
                            (rising edge-triggered cell FDCE clocked by aclk  {rise@0.000ns fall@5.000ns period=10.000ns})
  Destination:            u_core/u_if/u_pc/pc_current_reg[28]/D
                            (rising edge-triggered cell FDCE clocked by aclk  {rise@0.000ns fall@5.000ns period=10.000ns})
  Path Group:             aclk
  Path Type:              Setup (Max at Slow Process Corner)
  Requirement:            10.000ns  (aclk rise@10.000ns - aclk rise@0.000ns)
  Data Path Delay:        4.326ns  (logic 1.210ns (27.970%)  route 3.116ns (72.030%))
  Logic Levels:           21  (CARRY8=6 LUT2=1 LUT3=2 LUT4=1 LUT5=3 LUT6=8)
  Clock Path Skew:        -0.009ns (DCD - SCD + CPR)
    Destination Clock Delay (DCD):    0.021ns = ( 10.021 - 10.000 ) 
    Source Clock Delay      (SCD):    0.030ns
    Clock Pessimism Removal (CPR):    0.000ns
  Clock Uncertainty:      0.035ns  ((TSJ^2 + TIJ^2)^1/2 + DJ) / 2 + PE
    Total System Jitter     (TSJ):    0.071ns
    Total Input Jitter      (TIJ):    0.000ns
    Discrete Jitter          (DJ):    0.000ns
    Phase Error              (PE):    0.000ns

    Location             Delay type                Incr(ns)  Path(ns)    Netlist Resource(s)
  -------------------------------------------------------------------    -------------------
                         (clock aclk rise edge)       0.000     0.000 r  
                                                      0.000     0.000 r  aclk (IN)
                         net (fo=1629, unset)         0.030     0.030    u_core/u_mem_wb/aclk
                         FDCE                                         r  u_core/u_mem_wb/wb_rd_reg[0]/C
  -------------------------------------------------------------------    -------------------
                         FDCE (Prop_FDCE_C_Q)         0.077     0.107 r  u_core/u_mem_wb/wb_rd_reg[0]/Q
                         net (fo=88, unplaced)        0.220     0.327    u_core/u_mem_wb/Q[0]
                         LUT2 (Prop_LUT2_I1_O)        0.070     0.397 r  u_core/u_mem_wb/mem_store_data[31]_i_10/O
                         net (fo=1, unplaced)         0.186     0.583    u_core/u_mem_wb/mem_store_data[31]_i_10_n_0
                         LUT6 (Prop_LUT6_I2_O)        0.038     0.621 r  u_core/u_mem_wb/mem_store_data[31]_i_5/O
                         net (fo=1, unplaced)         0.186     0.807    u_core/u_mem_wb/u_forward/p_5_in
                         LUT6 (Prop_LUT6_I4_O)        0.038     0.845 r  u_core/u_mem_wb/mem_store_data[31]_i_2/O
                         net (fo=32, unplaced)        0.197     1.042    u_core/u_mem_wb/mem_store_data[31]_i_2_n_0
                         LUT5 (Prop_LUT5_I0_O)        0.053     1.095 r  u_core/u_mem_wb/mem_store_data[1]_i_1/O
                         net (fo=10, unplaced)        0.219     1.314    u_core/u_ex_mem/ex_store_data[1]
                         LUT4 (Prop_LUT4_I2_O)        0.070     1.384 f  u_core/u_ex_mem/i__carry_i_8/O
                         net (fo=1, unplaced)         0.260     1.644    u_core/u_ex/u_branch/branch_taken0_inferred__2/i__carry__0_0[0]
                         CARRY8 (Prop_CARRY8_DI[0]_CO[7])
                                                      0.140     1.784 f  u_core/u_ex/u_branch/branch_taken0_inferred__2/i__carry/CO[7]
                         net (fo=1, unplaced)         0.005     1.789    u_core/u_ex/u_branch/branch_taken0_inferred__2/i__carry_n_0
                         CARRY8 (Prop_CARRY8_CI_CO[7])
                                                      0.022     1.811 f  u_core/u_ex/u_branch/branch_taken0_inferred__2/i__carry__0/CO[7]
                         net (fo=1, unplaced)         0.020     1.831    u_core/u_id_ex/i__i_1_1[0]
                         LUT5 (Prop_LUT5_I4_O)        0.038     1.869 f  u_core/u_id_ex/i__i_3/O
                         net (fo=3, unplaced)         0.192     2.061    u_core/u_id_ex/i__i_3_n_0
                         LUT3 (Prop_LUT3_I2_O)        0.038     2.099 f  u_core/u_id_ex/mem_fault_i_8/O
                         net (fo=2, unplaced)         0.186     2.285    u_core/u_id_ex/u_ex/pc_redirect_valid25_in
                         LUT6 (Prop_LUT6_I0_O)        0.038     2.323 f  u_core/u_id_ex/mem_fault_i_2/O
                         net (fo=2, unplaced)         0.186     2.509    u_core/u_id_ex/mem_fault_i_2_n_0
                         LUT6 (Prop_LUT6_I0_O)        0.038     2.547 f  u_core/u_id_ex/mem_fault_i_1/O
                         net (fo=7, unplaced)         0.211     2.758    u_core/u_if_id/ex_fault_out
                         LUT6 (Prop_LUT6_I5_O)        0.038     2.796 r  u_core/u_if_id/id_fault_cause[31]_i_1/O
                         net (fo=40, unplaced)        0.251     3.047    u_core/u_if/u_pc/external_irq_inject
                         LUT6 (Prop_LUT6_I2_O)        0.038     3.085 r  u_core/u_if/u_pc/debug_pc[31]_INST_0_i_9/O
                         net (fo=35, unplaced)        0.248     3.333    u_core/u_id_ex/trap_valid0
                         LUT6 (Prop_LUT6_I4_O)        0.038     3.371 r  u_core/u_id_ex/pc_current[8]_i_19/O
                         net (fo=1, unplaced)         0.186     3.557    u_core/u_id_ex/pc_current[8]_i_19_n_0
                         LUT6 (Prop_LUT6_I5_O)        0.037     3.594 r  u_core/u_id_ex/pc_current[8]_i_14/O
                         net (fo=1, unplaced)         0.023     3.617    u_core/u_id_ex/pc_current[8]_i_14_n_0
                         CARRY8 (Prop_CARRY8_S[1]_CO[7])
                                                      0.197     3.814 r  u_core/u_id_ex/pc_current_reg[8]_i_3/CO[7]
                         net (fo=1, unplaced)         0.005     3.819    u_core/u_id_ex/pc_current_reg[8]_i_3_n_0
                         CARRY8 (Prop_CARRY8_CI_CO[7])
                                                      0.022     3.841 r  u_core/u_id_ex/pc_current_reg[16]_i_3/CO[7]
                         net (fo=1, unplaced)         0.005     3.846    u_core/u_ex_mem/CO[0]
                         CARRY8 (Prop_CARRY8_CI_CO[7])
                                                      0.022     3.868 r  u_core/u_ex_mem/pc_current_reg[24]_i_3/CO[7]
                         net (fo=1, unplaced)         0.005     3.873    u_core/u_ex_mem/pc_current_reg[24]_i_3_n_0
                         CARRY8 (Prop_CARRY8_CI_O[3])
                                                      0.082     3.955 r  u_core/u_ex_mem/pc_current_reg[31]_i_4/O[3]
                         net (fo=1, unplaced)         0.091     4.046    u_core/u_ex_mem/u_trap/trap_target0[28]
                         LUT5 (Prop_LUT5_I0_O)        0.038     4.084 r  u_core/u_ex_mem/pc_current[28]_i_2/O
                         net (fo=1, unplaced)         0.186     4.270    u_core/u_ex_mem/pc_redirect_target[28]
                         LUT3 (Prop_LUT3_I0_O)        0.038     4.308 r  u_core/u_ex_mem/pc_current[28]_i_1/O
                         net (fo=1, unplaced)         0.048     4.356    u_core/u_if/u_pc/pc_current_reg[31]_0[28]
                         FDCE                                         r  u_core/u_if/u_pc/pc_current_reg[28]/D
  -------------------------------------------------------------------    -------------------

                         (clock aclk rise edge)      10.000    10.000 r  
                                                      0.000    10.000 r  aclk (IN)
                         net (fo=1629, unset)         0.021    10.021    u_core/u_if/u_pc/aclk
                         FDCE                                         r  u_core/u_if/u_pc/pc_current_reg[28]/C
                         clock pessimism              0.000    10.021    
                         clock uncertainty           -0.035     9.986    
                         FDCE (Setup_FDCE_C_D)        0.025    10.011    u_core/u_if/u_pc/pc_current_reg[28]
  -------------------------------------------------------------------
                         required time                         10.011    
                         arrival time                          -4.356    
  -------------------------------------------------------------------
                         slack                                  5.655    





Min Delay Paths
--------------------------------------------------------------------------------------
Slack (MET) :             0.040ns  (arrival time - required time)
  Source:                 u_core/u_mem_wb/wb_rd_reg[2]/C
                            (rising edge-triggered cell FDCE clocked by aclk  {rise@0.000ns fall@5.000ns period=10.000ns})
  Destination:            u_core/u_id/u_reg_file/regs_reg_r1_0_31_0_13/RAMA/WADR2
                            (rising edge-triggered cell RAMD32 clocked by aclk  {rise@0.000ns fall@5.000ns period=10.000ns})
  Path Group:             aclk
  Path Type:              Hold (Min at Fast Process Corner)
  Requirement:            0.000ns  (aclk rise@0.000ns - aclk rise@0.000ns)
  Data Path Delay:        0.128ns  (logic 0.038ns (29.687%)  route 0.090ns (70.312%))
  Logic Levels:           0  
  Clock Path Skew:        0.026ns (DCD - SCD - CPR)
    Destination Clock Delay (DCD):    0.039ns
    Source Clock Delay      (SCD):    0.013ns
    Clock Pessimism Removal (CPR):    -0.000ns

    Location             Delay type                Incr(ns)  Path(ns)    Netlist Resource(s)
  -------------------------------------------------------------------    -------------------
                         (clock aclk rise edge)       0.000     0.000 r  
                                                      0.000     0.000 r  aclk (IN)
                         net (fo=1629, unset)         0.013     0.013    u_core/u_mem_wb/aclk
                         FDCE                                         r  u_core/u_mem_wb/wb_rd_reg[2]/C
  -------------------------------------------------------------------    -------------------
                         FDCE (Prop_FDCE_C_Q)         0.038     0.051 r  u_core/u_mem_wb/wb_rd_reg[2]/Q
                         net (fo=88, unplaced)        0.090     0.141    u_core/u_id/u_reg_file/regs_reg_r1_0_31_0_13/ADDRH2
                         RAMD32                                       r  u_core/u_id/u_reg_file/regs_reg_r1_0_31_0_13/RAMA/WADR2
  -------------------------------------------------------------------    -------------------

                         (clock aclk rise edge)       0.000     0.000 r  
                                                      0.000     0.000 r  aclk (IN)
                         net (fo=1629, unset)         0.039     0.039    u_core/u_id/u_reg_file/regs_reg_r1_0_31_0_13/WCLK
                         RAMD32                                       r  u_core/u_id/u_reg_file/regs_reg_r1_0_31_0_13/RAMA/CLK
                         clock pessimism              0.000     0.039    
                         RAMD32 (Hold_RAMD32_CLK_WADR2)
                                                      0.062     0.101    u_core/u_id/u_reg_file/regs_reg_r1_0_31_0_13/RAMA
  -------------------------------------------------------------------
                         required time                         -0.101    
                         arrival time                           0.141    
  -------------------------------------------------------------------
                         slack                                  0.040    

Slack (MET) :             0.040ns  (arrival time - required time)
  Source:                 u_core/u_mem_wb/wb_rd_reg[2]/C
                            (rising edge-triggered cell FDCE clocked by aclk  {rise@0.000ns fall@5.000ns period=10.000ns})
  Destination:            u_core/u_id/u_reg_file/regs_reg_r1_0_31_0_13/RAMA_D1/WADR2
                            (rising edge-triggered cell RAMD32 clocked by aclk  {rise@0.000ns fall@5.000ns period=10.000ns})
  Path Group:             aclk
  Path Type:              Hold (Min at Fast Process Corner)
  Requirement:            0.000ns  (aclk rise@0.000ns - aclk rise@0.000ns)
  Data Path Delay:        0.128ns  (logic 0.038ns (29.687%)  route 0.090ns (70.312%))
  Logic Levels:           0  
  Clock Path Skew:        0.026ns (DCD - SCD - CPR)
    Destination Clock Delay (DCD):    0.039ns
    Source Clock Delay      (SCD):    0.013ns
    Clock Pessimism Removal (CPR):    -0.000ns

    Location             Delay type                Incr(ns)  Path(ns)    Netlist Resource(s)
  -------------------------------------------------------------------    -------------------
                         (clock aclk rise edge)       0.000     0.000 r  
                                                      0.000     0.000 r  aclk (IN)
                         net (fo=1629, unset)         0.013     0.013    u_core/u_mem_wb/aclk
                         FDCE                                         r  u_core/u_mem_wb/wb_rd_reg[2]/C
  -------------------------------------------------------------------    -------------------
                         FDCE (Prop_FDCE_C_Q)         0.038     0.051 r  u_core/u_mem_wb/wb_rd_reg[2]/Q
                         net (fo=88, unplaced)        0.090     0.141    u_core/u_id/u_reg_file/regs_reg_r1_0_31_0_13/ADDRH2
                         RAMD32                                       r  u_core/u_id/u_reg_file/regs_reg_r1_0_31_0_13/RAMA_D1/WADR2
  -------------------------------------------------------------------    -------------------

                         (clock aclk rise edge)       0.000     0.000 r  
                                                      0.000     0.000 r  aclk (IN)
                         net (fo=1629, unset)         0.039     0.039    u_core/u_id/u_reg_file/regs_reg_r1_0_31_0_13/WCLK
                         RAMD32                                       r  u_core/u_id/u_reg_file/regs_reg_r1_0_31_0_13/RAMA_D1/CLK
                         clock pessimism              0.000     0.039    
                         RAMD32 (Hold_RAMD32_CLK_WADR2)
                                                      0.062     0.101    u_core/u_id/u_reg_file/regs_reg_r1_0_31_0_13/RAMA_D1
  -------------------------------------------------------------------
                         required time                         -0.101    
                         arrival time                           0.141    
  -------------------------------------------------------------------
                         slack                                  0.040    

Slack (MET) :             0.040ns  (arrival time - required time)
  Source:                 u_core/u_mem_wb/wb_rd_reg[2]/C
                            (rising edge-triggered cell FDCE clocked by aclk  {rise@0.000ns fall@5.000ns period=10.000ns})
  Destination:            u_core/u_id/u_reg_file/regs_reg_r1_0_31_0_13/RAMB/WADR2
                            (rising edge-triggered cell RAMD32 clocked by aclk  {rise@0.000ns fall@5.000ns period=10.000ns})
  Path Group:             aclk
  Path Type:              Hold (Min at Fast Process Corner)
  Requirement:            0.000ns  (aclk rise@0.000ns - aclk rise@0.000ns)
  Data Path Delay:        0.128ns  (logic 0.038ns (29.687%)  route 0.090ns (70.312%))
  Logic Levels:           0  
  Clock Path Skew:        0.026ns (DCD - SCD - CPR)
    Destination Clock Delay (DCD):    0.039ns
    Source Clock Delay      (SCD):    0.013ns
    Clock Pessimism Removal (CPR):    -0.000ns

    Location             Delay type                Incr(ns)  Path(ns)    Netlist Resource(s)
  -------------------------------------------------------------------    -------------------
                         (clock aclk rise edge)       0.000     0.000 r  
                                                      0.000     0.000 r  aclk (IN)
                         net (fo=1629, unset)         0.013     0.013    u_core/u_mem_wb/aclk
                         FDCE                                         r  u_core/u_mem_wb/wb_rd_reg[2]/C
  -------------------------------------------------------------------    -------------------
                         FDCE (Prop_FDCE_C_Q)         0.038     0.051 r  u_core/u_mem_wb/wb_rd_reg[2]/Q
                         net (fo=88, unplaced)        0.090     0.141    u_core/u_id/u_reg_file/regs_reg_r1_0_31_0_13/ADDRH2
                         RAMD32                                       r  u_core/u_id/u_reg_file/regs_reg_r1_0_31_0_13/RAMB/WADR2
  -------------------------------------------------------------------    -------------------

                         (clock aclk rise edge)       0.000     0.000 r  
                                                      0.000     0.000 r  aclk (IN)
                         net (fo=1629, unset)         0.039     0.039    u_core/u_id/u_reg_file/regs_reg_r1_0_31_0_13/WCLK
                         RAMD32                                       r  u_core/u_id/u_reg_file/regs_reg_r1_0_31_0_13/RAMB/CLK
                         clock pessimism              0.000     0.039    
                         RAMD32 (Hold_RAMD32_CLK_WADR2)
                                                      0.062     0.101    u_core/u_id/u_reg_file/regs_reg_r1_0_31_0_13/RAMB
  -------------------------------------------------------------------
                         required time                         -0.101    
                         arrival time                           0.141    
  -------------------------------------------------------------------
                         slack                                  0.040    

Slack (MET) :             0.040ns  (arrival time - required time)
  Source:                 u_core/u_mem_wb/wb_rd_reg[2]/C
                            (rising edge-triggered cell FDCE clocked by aclk  {rise@0.000ns fall@5.000ns period=10.000ns})
  Destination:            u_core/u_id/u_reg_file/regs_reg_r1_0_31_0_13/RAMB_D1/WADR2
                            (rising edge-triggered cell RAMD32 clocked by aclk  {rise@0.000ns fall@5.000ns period=10.000ns})
  Path Group:             aclk
  Path Type:              Hold (Min at Fast Process Corner)
  Requirement:            0.000ns  (aclk rise@0.000ns - aclk rise@0.000ns)
  Data Path Delay:        0.128ns  (logic 0.038ns (29.687%)  route 0.090ns (70.312%))
  Logic Levels:           0  
  Clock Path Skew:        0.026ns (DCD - SCD - CPR)
    Destination Clock Delay (DCD):    0.039ns
    Source Clock Delay      (SCD):    0.013ns
    Clock Pessimism Removal (CPR):    -0.000ns

    Location             Delay type                Incr(ns)  Path(ns)    Netlist Resource(s)
  -------------------------------------------------------------------    -------------------
                         (clock aclk rise edge)       0.000     0.000 r  
                                                      0.000     0.000 r  aclk (IN)
                         net (fo=1629, unset)         0.013     0.013    u_core/u_mem_wb/aclk
                         FDCE                                         r  u_core/u_mem_wb/wb_rd_reg[2]/C
  -------------------------------------------------------------------    -------------------
                         FDCE (Prop_FDCE_C_Q)         0.038     0.051 r  u_core/u_mem_wb/wb_rd_reg[2]/Q
                         net (fo=88, unplaced)        0.090     0.141    u_core/u_id/u_reg_file/regs_reg_r1_0_31_0_13/ADDRH2
                         RAMD32                                       r  u_core/u_id/u_reg_file/regs_reg_r1_0_31_0_13/RAMB_D1/WADR2
  -------------------------------------------------------------------    -------------------

                         (clock aclk rise edge)       0.000     0.000 r  
                                                      0.000     0.000 r  aclk (IN)
                         net (fo=1629, unset)         0.039     0.039    u_core/u_id/u_reg_file/regs_reg_r1_0_31_0_13/WCLK
                         RAMD32                                       r  u_core/u_id/u_reg_file/regs_reg_r1_0_31_0_13/RAMB_D1/CLK
                         clock pessimism              0.000     0.039    
                         RAMD32 (Hold_RAMD32_CLK_WADR2)
                                                      0.062     0.101    u_core/u_id/u_reg_file/regs_reg_r1_0_31_0_13/RAMB_D1
  -------------------------------------------------------------------
                         required time                         -0.101    
                         arrival time                           0.141    
  -------------------------------------------------------------------
                         slack                                  0.040    

Slack (MET) :             0.040ns  (arrival time - required time)
  Source:                 u_core/u_mem_wb/wb_rd_reg[2]/C
                            (rising edge-triggered cell FDCE clocked by aclk  {rise@0.000ns fall@5.000ns period=10.000ns})
  Destination:            u_core/u_id/u_reg_file/regs_reg_r1_0_31_0_13/RAMC/WADR2
                            (rising edge-triggered cell RAMD32 clocked by aclk  {rise@0.000ns fall@5.000ns period=10.000ns})
  Path Group:             aclk
  Path Type:              Hold (Min at Fast Process Corner)
  Requirement:            0.000ns  (aclk rise@0.000ns - aclk rise@0.000ns)
  Data Path Delay:        0.128ns  (logic 0.038ns (29.687%)  route 0.090ns (70.312%))
  Logic Levels:           0  
  Clock Path Skew:        0.026ns (DCD - SCD - CPR)
    Destination Clock Delay (DCD):    0.039ns
    Source Clock Delay      (SCD):    0.013ns
    Clock Pessimism Removal (CPR):    -0.000ns

    Location             Delay type                Incr(ns)  Path(ns)    Netlist Resource(s)
  -------------------------------------------------------------------    -------------------
                         (clock aclk rise edge)       0.000     0.000 r  
                                                      0.000     0.000 r  aclk (IN)
                         net (fo=1629, unset)         0.013     0.013    u_core/u_mem_wb/aclk
                         FDCE                                         r  u_core/u_mem_wb/wb_rd_reg[2]/C
  -------------------------------------------------------------------    -------------------
                         FDCE (Prop_FDCE_C_Q)         0.038     0.051 r  u_core/u_mem_wb/wb_rd_reg[2]/Q
                         net (fo=88, unplaced)        0.090     0.141    u_core/u_id/u_reg_file/regs_reg_r1_0_31_0_13/ADDRH2
                         RAMD32                                       r  u_core/u_id/u_reg_file/regs_reg_r1_0_31_0_13/RAMC/WADR2
  -------------------------------------------------------------------    -------------------

                         (clock aclk rise edge)       0.000     0.000 r  
                                                      0.000     0.000 r  aclk (IN)
                         net (fo=1629, unset)         0.039     0.039    u_core/u_id/u_reg_file/regs_reg_r1_0_31_0_13/WCLK
                         RAMD32                                       r  u_core/u_id/u_reg_file/regs_reg_r1_0_31_0_13/RAMC/CLK
                         clock pessimism              0.000     0.039    
                         RAMD32 (Hold_RAMD32_CLK_WADR2)
                                                      0.062     0.101    u_core/u_id/u_reg_file/regs_reg_r1_0_31_0_13/RAMC
  -------------------------------------------------------------------
                         required time                         -0.101    
                         arrival time                           0.141    
  -------------------------------------------------------------------
                         slack                                  0.040    

Slack (MET) :             0.040ns  (arrival time - required time)
  Source:                 u_core/u_mem_wb/wb_rd_reg[2]/C
                            (rising edge-triggered cell FDCE clocked by aclk  {rise@0.000ns fall@5.000ns period=10.000ns})
  Destination:            u_core/u_id/u_reg_file/regs_reg_r1_0_31_0_13/RAMC_D1/WADR2
                            (rising edge-triggered cell RAMD32 clocked by aclk  {rise@0.000ns fall@5.000ns period=10.000ns})
  Path Group:             aclk
  Path Type:              Hold (Min at Fast Process Corner)
  Requirement:            0.000ns  (aclk rise@0.000ns - aclk rise@0.000ns)
  Data Path Delay:        0.128ns  (logic 0.038ns (29.687%)  route 0.090ns (70.312%))
  Logic Levels:           0  
  Clock Path Skew:        0.026ns (DCD - SCD - CPR)
    Destination Clock Delay (DCD):    0.039ns
    Source Clock Delay      (SCD):    0.013ns
    Clock Pessimism Removal (CPR):    -0.000ns

    Location             Delay type                Incr(ns)  Path(ns)    Netlist Resource(s)
  -------------------------------------------------------------------    -------------------
                         (clock aclk rise edge)       0.000     0.000 r  
                                                      0.000     0.000 r  aclk (IN)
                         net (fo=1629, unset)         0.013     0.013    u_core/u_mem_wb/aclk
                         FDCE                                         r  u_core/u_mem_wb/wb_rd_reg[2]/C
  -------------------------------------------------------------------    -------------------
                         FDCE (Prop_FDCE_C_Q)         0.038     0.051 r  u_core/u_mem_wb/wb_rd_reg[2]/Q
                         net (fo=88, unplaced)        0.090     0.141    u_core/u_id/u_reg_file/regs_reg_r1_0_31_0_13/ADDRH2
                         RAMD32                                       r  u_core/u_id/u_reg_file/regs_reg_r1_0_31_0_13/RAMC_D1/WADR2
  -------------------------------------------------------------------    -------------------

                         (clock aclk rise edge)       0.000     0.000 r  
                                                      0.000     0.000 r  aclk (IN)
                         net (fo=1629, unset)         0.039     0.039    u_core/u_id/u_reg_file/regs_reg_r1_0_31_0_13/WCLK
                         RAMD32                                       r  u_core/u_id/u_reg_file/regs_reg_r1_0_31_0_13/RAMC_D1/CLK
                         clock pessimism              0.000     0.039    
                         RAMD32 (Hold_RAMD32_CLK_WADR2)
                                                      0.062     0.101    u_core/u_id/u_reg_file/regs_reg_r1_0_31_0_13/RAMC_D1
  -------------------------------------------------------------------
                         required time                         -0.101    
                         arrival time                           0.141    
  -------------------------------------------------------------------
                         slack                                  0.040    

Slack (MET) :             0.040ns  (arrival time - required time)
  Source:                 u_core/u_mem_wb/wb_rd_reg[2]/C
                            (rising edge-triggered cell FDCE clocked by aclk  {rise@0.000ns fall@5.000ns period=10.000ns})
  Destination:            u_core/u_id/u_reg_file/regs_reg_r1_0_31_0_13/RAMD/WADR2
                            (rising edge-triggered cell RAMD32 clocked by aclk  {rise@0.000ns fall@5.000ns period=10.000ns})
  Path Group:             aclk
  Path Type:              Hold (Min at Fast Process Corner)
  Requirement:            0.000ns  (aclk rise@0.000ns - aclk rise@0.000ns)
  Data Path Delay:        0.128ns  (logic 0.038ns (29.687%)  route 0.090ns (70.312%))
  Logic Levels:           0  
  Clock Path Skew:        0.026ns (DCD - SCD - CPR)
    Destination Clock Delay (DCD):    0.039ns
    Source Clock Delay      (SCD):    0.013ns
    Clock Pessimism Removal (CPR):    -0.000ns

    Location             Delay type                Incr(ns)  Path(ns)    Netlist Resource(s)
  -------------------------------------------------------------------    -------------------
                         (clock aclk rise edge)       0.000     0.000 r  
                                                      0.000     0.000 r  aclk (IN)
                         net (fo=1629, unset)         0.013     0.013    u_core/u_mem_wb/aclk
                         FDCE                                         r  u_core/u_mem_wb/wb_rd_reg[2]/C
  -------------------------------------------------------------------    -------------------
                         FDCE (Prop_FDCE_C_Q)         0.038     0.051 r  u_core/u_mem_wb/wb_rd_reg[2]/Q
                         net (fo=88, unplaced)        0.090     0.141    u_core/u_id/u_reg_file/regs_reg_r1_0_31_0_13/ADDRH2
                         RAMD32                                       r  u_core/u_id/u_reg_file/regs_reg_r1_0_31_0_13/RAMD/WADR2
  -------------------------------------------------------------------    -------------------

                         (clock aclk rise edge)       0.000     0.000 r  
                                                      0.000     0.000 r  aclk (IN)
                         net (fo=1629, unset)         0.039     0.039    u_core/u_id/u_reg_file/regs_reg_r1_0_31_0_13/WCLK
                         RAMD32                                       r  u_core/u_id/u_reg_file/regs_reg_r1_0_31_0_13/RAMD/CLK
                         clock pessimism              0.000     0.039    
                         RAMD32 (Hold_RAMD32_CLK_WADR2)
                                                      0.062     0.101    u_core/u_id/u_reg_file/regs_reg_r1_0_31_0_13/RAMD
  -------------------------------------------------------------------
                         required time                         -0.101    
                         arrival time                           0.141    
  -------------------------------------------------------------------
                         slack                                  0.040    

Slack (MET) :             0.040ns  (arrival time - required time)
  Source:                 u_core/u_mem_wb/wb_rd_reg[2]/C
                            (rising edge-triggered cell FDCE clocked by aclk  {rise@0.000ns fall@5.000ns period=10.000ns})
  Destination:            u_core/u_id/u_reg_file/regs_reg_r1_0_31_0_13/RAMD_D1/WADR2
                            (rising edge-triggered cell RAMD32 clocked by aclk  {rise@0.000ns fall@5.000ns period=10.000ns})
  Path Group:             aclk
  Path Type:              Hold (Min at Fast Process Corner)
  Requirement:            0.000ns  (aclk rise@0.000ns - aclk rise@0.000ns)
  Data Path Delay:        0.128ns  (logic 0.038ns (29.687%)  route 0.090ns (70.312%))
  Logic Levels:           0  
  Clock Path Skew:        0.026ns (DCD - SCD - CPR)
    Destination Clock Delay (DCD):    0.039ns
    Source Clock Delay      (SCD):    0.013ns
    Clock Pessimism Removal (CPR):    -0.000ns

    Location             Delay type                Incr(ns)  Path(ns)    Netlist Resource(s)
  -------------------------------------------------------------------    -------------------
                         (clock aclk rise edge)       0.000     0.000 r  
                                                      0.000     0.000 r  aclk (IN)
                         net (fo=1629, unset)         0.013     0.013    u_core/u_mem_wb/aclk
                         FDCE                                         r  u_core/u_mem_wb/wb_rd_reg[2]/C
  -------------------------------------------------------------------    -------------------
                         FDCE (Prop_FDCE_C_Q)         0.038     0.051 r  u_core/u_mem_wb/wb_rd_reg[2]/Q
                         net (fo=88, unplaced)        0.090     0.141    u_core/u_id/u_reg_file/regs_reg_r1_0_31_0_13/ADDRH2
                         RAMD32                                       r  u_core/u_id/u_reg_file/regs_reg_r1_0_31_0_13/RAMD_D1/WADR2
  -------------------------------------------------------------------    -------------------

                         (clock aclk rise edge)       0.000     0.000 r  
                                                      0.000     0.000 r  aclk (IN)
                         net (fo=1629, unset)         0.039     0.039    u_core/u_id/u_reg_file/regs_reg_r1_0_31_0_13/WCLK
                         RAMD32                                       r  u_core/u_id/u_reg_file/regs_reg_r1_0_31_0_13/RAMD_D1/CLK
                         clock pessimism              0.000     0.039    
                         RAMD32 (Hold_RAMD32_CLK_WADR2)
                                                      0.062     0.101    u_core/u_id/u_reg_file/regs_reg_r1_0_31_0_13/RAMD_D1
  -------------------------------------------------------------------
                         required time                         -0.101    
                         arrival time                           0.141    
  -------------------------------------------------------------------
                         slack                                  0.040    

Slack (MET) :             0.040ns  (arrival time - required time)
  Source:                 u_core/u_mem_wb/wb_rd_reg[2]/C
                            (rising edge-triggered cell FDCE clocked by aclk  {rise@0.000ns fall@5.000ns period=10.000ns})
  Destination:            u_core/u_id/u_reg_file/regs_reg_r1_0_31_0_13/RAME/WADR2
                            (rising edge-triggered cell RAMD32 clocked by aclk  {rise@0.000ns fall@5.000ns period=10.000ns})
  Path Group:             aclk
  Path Type:              Hold (Min at Fast Process Corner)
  Requirement:            0.000ns  (aclk rise@0.000ns - aclk rise@0.000ns)
  Data Path Delay:        0.128ns  (logic 0.038ns (29.687%)  route 0.090ns (70.312%))
  Logic Levels:           0  
  Clock Path Skew:        0.026ns (DCD - SCD - CPR)
    Destination Clock Delay (DCD):    0.039ns
    Source Clock Delay      (SCD):    0.013ns
    Clock Pessimism Removal (CPR):    -0.000ns

    Location             Delay type                Incr(ns)  Path(ns)    Netlist Resource(s)
  -------------------------------------------------------------------    -------------------
                         (clock aclk rise edge)       0.000     0.000 r  
                                                      0.000     0.000 r  aclk (IN)
                         net (fo=1629, unset)         0.013     0.013    u_core/u_mem_wb/aclk
                         FDCE                                         r  u_core/u_mem_wb/wb_rd_reg[2]/C
  -------------------------------------------------------------------    -------------------
                         FDCE (Prop_FDCE_C_Q)         0.038     0.051 r  u_core/u_mem_wb/wb_rd_reg[2]/Q
                         net (fo=88, unplaced)        0.090     0.141    u_core/u_id/u_reg_file/regs_reg_r1_0_31_0_13/ADDRH2
                         RAMD32                                       r  u_core/u_id/u_reg_file/regs_reg_r1_0_31_0_13/RAME/WADR2
  -------------------------------------------------------------------    -------------------

                         (clock aclk rise edge)       0.000     0.000 r  
                                                      0.000     0.000 r  aclk (IN)
                         net (fo=1629, unset)         0.039     0.039    u_core/u_id/u_reg_file/regs_reg_r1_0_31_0_13/WCLK
                         RAMD32                                       r  u_core/u_id/u_reg_file/regs_reg_r1_0_31_0_13/RAME/CLK
                         clock pessimism              0.000     0.039    
                         RAMD32 (Hold_RAMD32_CLK_WADR2)
                                                      0.062     0.101    u_core/u_id/u_reg_file/regs_reg_r1_0_31_0_13/RAME
  -------------------------------------------------------------------
                         required time                         -0.101    
                         arrival time                           0.141    
  -------------------------------------------------------------------
                         slack                                  0.040    

Slack (MET) :             0.040ns  (arrival time - required time)
  Source:                 u_core/u_mem_wb/wb_rd_reg[2]/C
                            (rising edge-triggered cell FDCE clocked by aclk  {rise@0.000ns fall@5.000ns period=10.000ns})
  Destination:            u_core/u_id/u_reg_file/regs_reg_r1_0_31_0_13/RAME_D1/WADR2
                            (rising edge-triggered cell RAMD32 clocked by aclk  {rise@0.000ns fall@5.000ns period=10.000ns})
  Path Group:             aclk
  Path Type:              Hold (Min at Fast Process Corner)
  Requirement:            0.000ns  (aclk rise@0.000ns - aclk rise@0.000ns)
  Data Path Delay:        0.128ns  (logic 0.038ns (29.687%)  route 0.090ns (70.312%))
  Logic Levels:           0  
  Clock Path Skew:        0.026ns (DCD - SCD - CPR)
    Destination Clock Delay (DCD):    0.039ns
    Source Clock Delay      (SCD):    0.013ns
    Clock Pessimism Removal (CPR):    -0.000ns

    Location             Delay type                Incr(ns)  Path(ns)    Netlist Resource(s)
  -------------------------------------------------------------------    -------------------
                         (clock aclk rise edge)       0.000     0.000 r  
                                                      0.000     0.000 r  aclk (IN)
                         net (fo=1629, unset)         0.013     0.013    u_core/u_mem_wb/aclk
                         FDCE                                         r  u_core/u_mem_wb/wb_rd_reg[2]/C
  -------------------------------------------------------------------    -------------------
                         FDCE (Prop_FDCE_C_Q)         0.038     0.051 r  u_core/u_mem_wb/wb_rd_reg[2]/Q
                         net (fo=88, unplaced)        0.090     0.141    u_core/u_id/u_reg_file/regs_reg_r1_0_31_0_13/ADDRH2
                         RAMD32                                       r  u_core/u_id/u_reg_file/regs_reg_r1_0_31_0_13/RAME_D1/WADR2
  -------------------------------------------------------------------    -------------------

                         (clock aclk rise edge)       0.000     0.000 r  
                                                      0.000     0.000 r  aclk (IN)
                         net (fo=1629, unset)         0.039     0.039    u_core/u_id/u_reg_file/regs_reg_r1_0_31_0_13/WCLK
                         RAMD32                                       r  u_core/u_id/u_reg_file/regs_reg_r1_0_31_0_13/RAME_D1/CLK
                         clock pessimism              0.000     0.039    
                         RAMD32 (Hold_RAMD32_CLK_WADR2)
                                                      0.062     0.101    u_core/u_id/u_reg_file/regs_reg_r1_0_31_0_13/RAME_D1
  -------------------------------------------------------------------
                         required time                         -0.101    
                         arrival time                           0.141    
  -------------------------------------------------------------------
                         slack                                  0.040    

Slack (MET) :             0.040ns  (arrival time - required time)
  Source:                 u_core/u_mem_wb/wb_rd_reg[2]/C
                            (rising edge-triggered cell FDCE clocked by aclk  {rise@0.000ns fall@5.000ns period=10.000ns})
  Destination:            u_core/u_id/u_reg_file/regs_reg_r1_0_31_0_13/RAMF/WADR2
                            (rising edge-triggered cell RAMD32 clocked by aclk  {rise@0.000ns fall@5.000ns period=10.000ns})
  Path Group:             aclk
  Path Type:              Hold (Min at Fast Process Corner)
  Requirement:            0.000ns  (aclk rise@0.000ns - aclk rise@0.000ns)
  Data Path Delay:        0.128ns  (logic 0.038ns (29.687%)  route 0.090ns (70.312%))
  Logic Levels:           0  
  Clock Path Skew:        0.026ns (DCD - SCD - CPR)
    Destination Clock Delay (DCD):    0.039ns
    Source Clock Delay      (SCD):    0.013ns
    Clock Pessimism Removal (CPR):    -0.000ns

    Location             Delay type                Incr(ns)  Path(ns)    Netlist Resource(s)
  -------------------------------------------------------------------    -------------------
                         (clock aclk rise edge)       0.000     0.000 r  
                                                      0.000     0.000 r  aclk (IN)
                         net (fo=1629, unset)         0.013     0.013    u_core/u_mem_wb/aclk
                         FDCE                                         r  u_core/u_mem_wb/wb_rd_reg[2]/C
  -------------------------------------------------------------------    -------------------
                         FDCE (Prop_FDCE_C_Q)         0.038     0.051 r  u_core/u_mem_wb/wb_rd_reg[2]/Q
                         net (fo=88, unplaced)        0.090     0.141    u_core/u_id/u_reg_file/regs_reg_r1_0_31_0_13/ADDRH2
                         RAMD32                                       r  u_core/u_id/u_reg_file/regs_reg_r1_0_31_0_13/RAMF/WADR2
  -------------------------------------------------------------------    -------------------

                         (clock aclk rise edge)       0.000     0.000 r  
                                                      0.000     0.000 r  aclk (IN)
                         net (fo=1629, unset)         0.039     0.039    u_core/u_id/u_reg_file/regs_reg_r1_0_31_0_13/WCLK
                         RAMD32                                       r  u_core/u_id/u_reg_file/regs_reg_r1_0_31_0_13/RAMF/CLK
                         clock pessimism              0.000     0.039    
                         RAMD32 (Hold_RAMD32_CLK_WADR2)
                                                      0.062     0.101    u_core/u_id/u_reg_file/regs_reg_r1_0_31_0_13/RAMF
  -------------------------------------------------------------------
                         required time                         -0.101    
                         arrival time                           0.141    
  -------------------------------------------------------------------
                         slack                                  0.040    

Slack (MET) :             0.040ns  (arrival time - required time)
  Source:                 u_core/u_mem_wb/wb_rd_reg[2]/C
                            (rising edge-triggered cell FDCE clocked by aclk  {rise@0.000ns fall@5.000ns period=10.000ns})
  Destination:            u_core/u_id/u_reg_file/regs_reg_r1_0_31_0_13/RAMF_D1/WADR2
                            (rising edge-triggered cell RAMD32 clocked by aclk  {rise@0.000ns fall@5.000ns period=10.000ns})
  Path Group:             aclk
  Path Type:              Hold (Min at Fast Process Corner)
  Requirement:            0.000ns  (aclk rise@0.000ns - aclk rise@0.000ns)
  Data Path Delay:        0.128ns  (logic 0.038ns (29.687%)  route 0.090ns (70.312%))
  Logic Levels:           0  
  Clock Path Skew:        0.026ns (DCD - SCD - CPR)
    Destination Clock Delay (DCD):    0.039ns
    Source Clock Delay      (SCD):    0.013ns
    Clock Pessimism Removal (CPR):    -0.000ns

    Location             Delay type                Incr(ns)  Path(ns)    Netlist Resource(s)
  -------------------------------------------------------------------    -------------------
                         (clock aclk rise edge)       0.000     0.000 r  
                                                      0.000     0.000 r  aclk (IN)
                         net (fo=1629, unset)         0.013     0.013    u_core/u_mem_wb/aclk
                         FDCE                                         r  u_core/u_mem_wb/wb_rd_reg[2]/C
  -------------------------------------------------------------------    -------------------
                         FDCE (Prop_FDCE_C_Q)         0.038     0.051 r  u_core/u_mem_wb/wb_rd_reg[2]/Q
                         net (fo=88, unplaced)        0.090     0.141    u_core/u_id/u_reg_file/regs_reg_r1_0_31_0_13/ADDRH2
                         RAMD32                                       r  u_core/u_id/u_reg_file/regs_reg_r1_0_31_0_13/RAMF_D1/WADR2
  -------------------------------------------------------------------    -------------------

                         (clock aclk rise edge)       0.000     0.000 r  
                                                      0.000     0.000 r  aclk (IN)
                         net (fo=1629, unset)         0.039     0.039    u_core/u_id/u_reg_file/regs_reg_r1_0_31_0_13/WCLK
                         RAMD32                                       r  u_core/u_id/u_reg_file/regs_reg_r1_0_31_0_13/RAMF_D1/CLK
                         clock pessimism              0.000     0.039    
                         RAMD32 (Hold_RAMD32_CLK_WADR2)
                                                      0.062     0.101    u_core/u_id/u_reg_file/regs_reg_r1_0_31_0_13/RAMF_D1
  -------------------------------------------------------------------
                         required time                         -0.101    
                         arrival time                           0.141    
  -------------------------------------------------------------------
                         slack                                  0.040    

Slack (MET) :             0.040ns  (arrival time - required time)
  Source:                 u_core/u_mem_wb/wb_rd_reg[2]/C
                            (rising edge-triggered cell FDCE clocked by aclk  {rise@0.000ns fall@5.000ns period=10.000ns})
  Destination:            u_core/u_id/u_reg_file/regs_reg_r1_0_31_0_13/RAMG/WADR2
                            (rising edge-triggered cell RAMD32 clocked by aclk  {rise@0.000ns fall@5.000ns period=10.000ns})
  Path Group:             aclk
  Path Type:              Hold (Min at Fast Process Corner)
  Requirement:            0.000ns  (aclk rise@0.000ns - aclk rise@0.000ns)
  Data Path Delay:        0.128ns  (logic 0.038ns (29.687%)  route 0.090ns (70.312%))
  Logic Levels:           0  
  Clock Path Skew:        0.026ns (DCD - SCD - CPR)
    Destination Clock Delay (DCD):    0.039ns
    Source Clock Delay      (SCD):    0.013ns
    Clock Pessimism Removal (CPR):    -0.000ns

    Location             Delay type                Incr(ns)  Path(ns)    Netlist Resource(s)
  -------------------------------------------------------------------    -------------------
                         (clock aclk rise edge)       0.000     0.000 r  
                                                      0.000     0.000 r  aclk (IN)
                         net (fo=1629, unset)         0.013     0.013    u_core/u_mem_wb/aclk
                         FDCE                                         r  u_core/u_mem_wb/wb_rd_reg[2]/C
  -------------------------------------------------------------------    -------------------
                         FDCE (Prop_FDCE_C_Q)         0.038     0.051 r  u_core/u_mem_wb/wb_rd_reg[2]/Q
                         net (fo=88, unplaced)        0.090     0.141    u_core/u_id/u_reg_file/regs_reg_r1_0_31_0_13/ADDRH2
                         RAMD32                                       r  u_core/u_id/u_reg_file/regs_reg_r1_0_31_0_13/RAMG/WADR2
  -------------------------------------------------------------------    -------------------

                         (clock aclk rise edge)       0.000     0.000 r  
                                                      0.000     0.000 r  aclk (IN)
                         net (fo=1629, unset)         0.039     0.039    u_core/u_id/u_reg_file/regs_reg_r1_0_31_0_13/WCLK
                         RAMD32                                       r  u_core/u_id/u_reg_file/regs_reg_r1_0_31_0_13/RAMG/CLK
                         clock pessimism              0.000     0.039    
                         RAMD32 (Hold_RAMD32_CLK_WADR2)
                                                      0.062     0.101    u_core/u_id/u_reg_file/regs_reg_r1_0_31_0_13/RAMG
  -------------------------------------------------------------------
                         required time                         -0.101    
                         arrival time                           0.141    
  -------------------------------------------------------------------
                         slack                                  0.040    

Slack (MET) :             0.040ns  (arrival time - required time)
  Source:                 u_core/u_mem_wb/wb_rd_reg[2]/C
                            (rising edge-triggered cell FDCE clocked by aclk  {rise@0.000ns fall@5.000ns period=10.000ns})
  Destination:            u_core/u_id/u_reg_file/regs_reg_r1_0_31_0_13/RAMG_D1/WADR2
                            (rising edge-triggered cell RAMD32 clocked by aclk  {rise@0.000ns fall@5.000ns period=10.000ns})
  Path Group:             aclk
  Path Type:              Hold (Min at Fast Process Corner)
  Requirement:            0.000ns  (aclk rise@0.000ns - aclk rise@0.000ns)
  Data Path Delay:        0.128ns  (logic 0.038ns (29.687%)  route 0.090ns (70.312%))
  Logic Levels:           0  
  Clock Path Skew:        0.026ns (DCD - SCD - CPR)
    Destination Clock Delay (DCD):    0.039ns
    Source Clock Delay      (SCD):    0.013ns
    Clock Pessimism Removal (CPR):    -0.000ns

    Location             Delay type                Incr(ns)  Path(ns)    Netlist Resource(s)
  -------------------------------------------------------------------    -------------------
                         (clock aclk rise edge)       0.000     0.000 r  
                                                      0.000     0.000 r  aclk (IN)
                         net (fo=1629, unset)         0.013     0.013    u_core/u_mem_wb/aclk
                         FDCE                                         r  u_core/u_mem_wb/wb_rd_reg[2]/C
  -------------------------------------------------------------------    -------------------
                         FDCE (Prop_FDCE_C_Q)         0.038     0.051 r  u_core/u_mem_wb/wb_rd_reg[2]/Q
                         net (fo=88, unplaced)        0.090     0.141    u_core/u_id/u_reg_file/regs_reg_r1_0_31_0_13/ADDRH2
                         RAMD32                                       r  u_core/u_id/u_reg_file/regs_reg_r1_0_31_0_13/RAMG_D1/WADR2
  -------------------------------------------------------------------    -------------------

                         (clock aclk rise edge)       0.000     0.000 r  
                                                      0.000     0.000 r  aclk (IN)
                         net (fo=1629, unset)         0.039     0.039    u_core/u_id/u_reg_file/regs_reg_r1_0_31_0_13/WCLK
                         RAMD32                                       r  u_core/u_id/u_reg_file/regs_reg_r1_0_31_0_13/RAMG_D1/CLK
                         clock pessimism              0.000     0.039    
                         RAMD32 (Hold_RAMD32_CLK_WADR2)
                                                      0.062     0.101    u_core/u_id/u_reg_file/regs_reg_r1_0_31_0_13/RAMG_D1
  -------------------------------------------------------------------
                         required time                         -0.101    
                         arrival time                           0.141    
  -------------------------------------------------------------------
                         slack                                  0.040    

Slack (MET) :             0.040ns  (arrival time - required time)
  Source:                 u_core/u_mem_wb/wb_rd_reg[2]/C
                            (rising edge-triggered cell FDCE clocked by aclk  {rise@0.000ns fall@5.000ns period=10.000ns})
  Destination:            u_core/u_id/u_reg_file/regs_reg_r1_0_31_0_13/RAMH/ADR2
                            (rising edge-triggered cell RAMS32 clocked by aclk  {rise@0.000ns fall@5.000ns period=10.000ns})
  Path Group:             aclk
  Path Type:              Hold (Min at Fast Process Corner)
  Requirement:            0.000ns  (aclk rise@0.000ns - aclk rise@0.000ns)
  Data Path Delay:        0.128ns  (logic 0.038ns (29.687%)  route 0.090ns (70.312%))
  Logic Levels:           0  
  Clock Path Skew:        0.026ns (DCD - SCD - CPR)
    Destination Clock Delay (DCD):    0.039ns
    Source Clock Delay      (SCD):    0.013ns
    Clock Pessimism Removal (CPR):    -0.000ns

    Location             Delay type                Incr(ns)  Path(ns)    Netlist Resource(s)
  -------------------------------------------------------------------    -------------------
                         (clock aclk rise edge)       0.000     0.000 r  
                                                      0.000     0.000 r  aclk (IN)
                         net (fo=1629, unset)         0.013     0.013    u_core/u_mem_wb/aclk
                         FDCE                                         r  u_core/u_mem_wb/wb_rd_reg[2]/C
  -------------------------------------------------------------------    -------------------
                         FDCE (Prop_FDCE_C_Q)         0.038     0.051 r  u_core/u_mem_wb/wb_rd_reg[2]/Q
                         net (fo=88, unplaced)        0.090     0.141    u_core/u_id/u_reg_file/regs_reg_r1_0_31_0_13/ADDRH2
                         RAMS32                                       r  u_core/u_id/u_reg_file/regs_reg_r1_0_31_0_13/RAMH/ADR2
  -------------------------------------------------------------------    -------------------

                         (clock aclk rise edge)       0.000     0.000 r  
                                                      0.000     0.000 r  aclk (IN)
                         net (fo=1629, unset)         0.039     0.039    u_core/u_id/u_reg_file/regs_reg_r1_0_31_0_13/WCLK
                         RAMS32                                       r  u_core/u_id/u_reg_file/regs_reg_r1_0_31_0_13/RAMH/CLK
                         clock pessimism              0.000     0.039    
                         RAMS32 (Hold_RAMS32_CLK_ADR2)
                                                      0.062     0.101    u_core/u_id/u_reg_file/regs_reg_r1_0_31_0_13/RAMH
  -------------------------------------------------------------------
                         required time                         -0.101    
                         arrival time                           0.141    
  -------------------------------------------------------------------
                         slack                                  0.040    

Slack (MET) :             0.040ns  (arrival time - required time)
  Source:                 u_core/u_mem_wb/wb_rd_reg[2]/C
                            (rising edge-triggered cell FDCE clocked by aclk  {rise@0.000ns fall@5.000ns period=10.000ns})
  Destination:            u_core/u_id/u_reg_file/regs_reg_r1_0_31_0_13/RAMH_D1/ADR2
                            (rising edge-triggered cell RAMS32 clocked by aclk  {rise@0.000ns fall@5.000ns period=10.000ns})
  Path Group:             aclk
  Path Type:              Hold (Min at Fast Process Corner)
  Requirement:            0.000ns  (aclk rise@0.000ns - aclk rise@0.000ns)
  Data Path Delay:        0.128ns  (logic 0.038ns (29.687%)  route 0.090ns (70.312%))
  Logic Levels:           0  
  Clock Path Skew:        0.026ns (DCD - SCD - CPR)
    Destination Clock Delay (DCD):    0.039ns
    Source Clock Delay      (SCD):    0.013ns
    Clock Pessimism Removal (CPR):    -0.000ns

    Location             Delay type                Incr(ns)  Path(ns)    Netlist Resource(s)
  -------------------------------------------------------------------    -------------------
                         (clock aclk rise edge)       0.000     0.000 r  
                                                      0.000     0.000 r  aclk (IN)
                         net (fo=1629, unset)         0.013     0.013    u_core/u_mem_wb/aclk
                         FDCE                                         r  u_core/u_mem_wb/wb_rd_reg[2]/C
  -------------------------------------------------------------------    -------------------
                         FDCE (Prop_FDCE_C_Q)         0.038     0.051 r  u_core/u_mem_wb/wb_rd_reg[2]/Q
                         net (fo=88, unplaced)        0.090     0.141    u_core/u_id/u_reg_file/regs_reg_r1_0_31_0_13/ADDRH2
                         RAMS32                                       r  u_core/u_id/u_reg_file/regs_reg_r1_0_31_0_13/RAMH_D1/ADR2
  -------------------------------------------------------------------    -------------------

                         (clock aclk rise edge)       0.000     0.000 r  
                                                      0.000     0.000 r  aclk (IN)
                         net (fo=1629, unset)         0.039     0.039    u_core/u_id/u_reg_file/regs_reg_r1_0_31_0_13/WCLK
                         RAMS32                                       r  u_core/u_id/u_reg_file/regs_reg_r1_0_31_0_13/RAMH_D1/CLK
                         clock pessimism              0.000     0.039    
                         RAMS32 (Hold_RAMS32_CLK_ADR2)
                                                      0.062     0.101    u_core/u_id/u_reg_file/regs_reg_r1_0_31_0_13/RAMH_D1
  -------------------------------------------------------------------
                         required time                         -0.101    
                         arrival time                           0.141    
  -------------------------------------------------------------------
                         slack                                  0.040    

Slack (MET) :             0.040ns  (arrival time - required time)
  Source:                 u_core/u_mem_wb/wb_rd_reg[2]/C
                            (rising edge-triggered cell FDCE clocked by aclk  {rise@0.000ns fall@5.000ns period=10.000ns})
  Destination:            u_core/u_id/u_reg_file/regs_reg_r1_0_31_14_27/RAMA/WADR2
                            (rising edge-triggered cell RAMD32 clocked by aclk  {rise@0.000ns fall@5.000ns period=10.000ns})
  Path Group:             aclk
  Path Type:              Hold (Min at Fast Process Corner)
  Requirement:            0.000ns  (aclk rise@0.000ns - aclk rise@0.000ns)
  Data Path Delay:        0.128ns  (logic 0.038ns (29.687%)  route 0.090ns (70.312%))
  Logic Levels:           0  
  Clock Path Skew:        0.026ns (DCD - SCD - CPR)
    Destination Clock Delay (DCD):    0.039ns
    Source Clock Delay      (SCD):    0.013ns
    Clock Pessimism Removal (CPR):    -0.000ns

    Location             Delay type                Incr(ns)  Path(ns)    Netlist Resource(s)
  -------------------------------------------------------------------    -------------------
                         (clock aclk rise edge)       0.000     0.000 r  
                                                      0.000     0.000 r  aclk (IN)
                         net (fo=1629, unset)         0.013     0.013    u_core/u_mem_wb/aclk
                         FDCE                                         r  u_core/u_mem_wb/wb_rd_reg[2]/C
  -------------------------------------------------------------------    -------------------
                         FDCE (Prop_FDCE_C_Q)         0.038     0.051 r  u_core/u_mem_wb/wb_rd_reg[2]/Q
                         net (fo=88, unplaced)        0.090     0.141    u_core/u_id/u_reg_file/regs_reg_r1_0_31_14_27/ADDRH2
                         RAMD32                                       r  u_core/u_id/u_reg_file/regs_reg_r1_0_31_14_27/RAMA/WADR2
  -------------------------------------------------------------------    -------------------

                         (clock aclk rise edge)       0.000     0.000 r  
                                                      0.000     0.000 r  aclk (IN)
                         net (fo=1629, unset)         0.039     0.039    u_core/u_id/u_reg_file/regs_reg_r1_0_31_14_27/WCLK
                         RAMD32                                       r  u_core/u_id/u_reg_file/regs_reg_r1_0_31_14_27/RAMA/CLK
                         clock pessimism              0.000     0.039    
                         RAMD32 (Hold_RAMD32_CLK_WADR2)
                                                      0.062     0.101    u_core/u_id/u_reg_file/regs_reg_r1_0_31_14_27/RAMA
  -------------------------------------------------------------------
                         required time                         -0.101    
                         arrival time                           0.141    
  -------------------------------------------------------------------
                         slack                                  0.040    

Slack (MET) :             0.040ns  (arrival time - required time)
  Source:                 u_core/u_mem_wb/wb_rd_reg[2]/C
                            (rising edge-triggered cell FDCE clocked by aclk  {rise@0.000ns fall@5.000ns period=10.000ns})
  Destination:            u_core/u_id/u_reg_file/regs_reg_r1_0_31_14_27/RAMA_D1/WADR2
                            (rising edge-triggered cell RAMD32 clocked by aclk  {rise@0.000ns fall@5.000ns period=10.000ns})
  Path Group:             aclk
  Path Type:              Hold (Min at Fast Process Corner)
  Requirement:            0.000ns  (aclk rise@0.000ns - aclk rise@0.000ns)
  Data Path Delay:        0.128ns  (logic 0.038ns (29.687%)  route 0.090ns (70.312%))
  Logic Levels:           0  
  Clock Path Skew:        0.026ns (DCD - SCD - CPR)
    Destination Clock Delay (DCD):    0.039ns
    Source Clock Delay      (SCD):    0.013ns
    Clock Pessimism Removal (CPR):    -0.000ns

    Location             Delay type                Incr(ns)  Path(ns)    Netlist Resource(s)
  -------------------------------------------------------------------    -------------------
                         (clock aclk rise edge)       0.000     0.000 r  
                                                      0.000     0.000 r  aclk (IN)
                         net (fo=1629, unset)         0.013     0.013    u_core/u_mem_wb/aclk
                         FDCE                                         r  u_core/u_mem_wb/wb_rd_reg[2]/C
  -------------------------------------------------------------------    -------------------
                         FDCE (Prop_FDCE_C_Q)         0.038     0.051 r  u_core/u_mem_wb/wb_rd_reg[2]/Q
                         net (fo=88, unplaced)        0.090     0.141    u_core/u_id/u_reg_file/regs_reg_r1_0_31_14_27/ADDRH2
                         RAMD32                                       r  u_core/u_id/u_reg_file/regs_reg_r1_0_31_14_27/RAMA_D1/WADR2
  -------------------------------------------------------------------    -------------------

                         (clock aclk rise edge)       0.000     0.000 r  
                                                      0.000     0.000 r  aclk (IN)
                         net (fo=1629, unset)         0.039     0.039    u_core/u_id/u_reg_file/regs_reg_r1_0_31_14_27/WCLK
                         RAMD32                                       r  u_core/u_id/u_reg_file/regs_reg_r1_0_31_14_27/RAMA_D1/CLK
                         clock pessimism              0.000     0.039    
                         RAMD32 (Hold_RAMD32_CLK_WADR2)
                                                      0.062     0.101    u_core/u_id/u_reg_file/regs_reg_r1_0_31_14_27/RAMA_D1
  -------------------------------------------------------------------
                         required time                         -0.101    
                         arrival time                           0.141    
  -------------------------------------------------------------------
                         slack                                  0.040    

Slack (MET) :             0.040ns  (arrival time - required time)
  Source:                 u_core/u_mem_wb/wb_rd_reg[2]/C
                            (rising edge-triggered cell FDCE clocked by aclk  {rise@0.000ns fall@5.000ns period=10.000ns})
  Destination:            u_core/u_id/u_reg_file/regs_reg_r1_0_31_14_27/RAMB/WADR2
                            (rising edge-triggered cell RAMD32 clocked by aclk  {rise@0.000ns fall@5.000ns period=10.000ns})
  Path Group:             aclk
  Path Type:              Hold (Min at Fast Process Corner)
  Requirement:            0.000ns  (aclk rise@0.000ns - aclk rise@0.000ns)
  Data Path Delay:        0.128ns  (logic 0.038ns (29.687%)  route 0.090ns (70.312%))
  Logic Levels:           0  
  Clock Path Skew:        0.026ns (DCD - SCD - CPR)
    Destination Clock Delay (DCD):    0.039ns
    Source Clock Delay      (SCD):    0.013ns
    Clock Pessimism Removal (CPR):    -0.000ns

    Location             Delay type                Incr(ns)  Path(ns)    Netlist Resource(s)
  -------------------------------------------------------------------    -------------------
                         (clock aclk rise edge)       0.000     0.000 r  
                                                      0.000     0.000 r  aclk (IN)
                         net (fo=1629, unset)         0.013     0.013    u_core/u_mem_wb/aclk
                         FDCE                                         r  u_core/u_mem_wb/wb_rd_reg[2]/C
  -------------------------------------------------------------------    -------------------
                         FDCE (Prop_FDCE_C_Q)         0.038     0.051 r  u_core/u_mem_wb/wb_rd_reg[2]/Q
                         net (fo=88, unplaced)        0.090     0.141    u_core/u_id/u_reg_file/regs_reg_r1_0_31_14_27/ADDRH2
                         RAMD32                                       r  u_core/u_id/u_reg_file/regs_reg_r1_0_31_14_27/RAMB/WADR2
  -------------------------------------------------------------------    -------------------

                         (clock aclk rise edge)       0.000     0.000 r  
                                                      0.000     0.000 r  aclk (IN)
                         net (fo=1629, unset)         0.039     0.039    u_core/u_id/u_reg_file/regs_reg_r1_0_31_14_27/WCLK
                         RAMD32                                       r  u_core/u_id/u_reg_file/regs_reg_r1_0_31_14_27/RAMB/CLK
                         clock pessimism              0.000     0.039    
                         RAMD32 (Hold_RAMD32_CLK_WADR2)
                                                      0.062     0.101    u_core/u_id/u_reg_file/regs_reg_r1_0_31_14_27/RAMB
  -------------------------------------------------------------------
                         required time                         -0.101    
                         arrival time                           0.141    
  -------------------------------------------------------------------
                         slack                                  0.040    

Slack (MET) :             0.040ns  (arrival time - required time)
  Source:                 u_core/u_mem_wb/wb_rd_reg[2]/C
                            (rising edge-triggered cell FDCE clocked by aclk  {rise@0.000ns fall@5.000ns period=10.000ns})
  Destination:            u_core/u_id/u_reg_file/regs_reg_r1_0_31_14_27/RAMB_D1/WADR2
                            (rising edge-triggered cell RAMD32 clocked by aclk  {rise@0.000ns fall@5.000ns period=10.000ns})
  Path Group:             aclk
  Path Type:              Hold (Min at Fast Process Corner)
  Requirement:            0.000ns  (aclk rise@0.000ns - aclk rise@0.000ns)
  Data Path Delay:        0.128ns  (logic 0.038ns (29.687%)  route 0.090ns (70.312%))
  Logic Levels:           0  
  Clock Path Skew:        0.026ns (DCD - SCD - CPR)
    Destination Clock Delay (DCD):    0.039ns
    Source Clock Delay      (SCD):    0.013ns
    Clock Pessimism Removal (CPR):    -0.000ns

    Location             Delay type                Incr(ns)  Path(ns)    Netlist Resource(s)
  -------------------------------------------------------------------    -------------------
                         (clock aclk rise edge)       0.000     0.000 r  
                                                      0.000     0.000 r  aclk (IN)
                         net (fo=1629, unset)         0.013     0.013    u_core/u_mem_wb/aclk
                         FDCE                                         r  u_core/u_mem_wb/wb_rd_reg[2]/C
  -------------------------------------------------------------------    -------------------
                         FDCE (Prop_FDCE_C_Q)         0.038     0.051 r  u_core/u_mem_wb/wb_rd_reg[2]/Q
                         net (fo=88, unplaced)        0.090     0.141    u_core/u_id/u_reg_file/regs_reg_r1_0_31_14_27/ADDRH2
                         RAMD32                                       r  u_core/u_id/u_reg_file/regs_reg_r1_0_31_14_27/RAMB_D1/WADR2
  -------------------------------------------------------------------    -------------------

                         (clock aclk rise edge)       0.000     0.000 r  
                                                      0.000     0.000 r  aclk (IN)
                         net (fo=1629, unset)         0.039     0.039    u_core/u_id/u_reg_file/regs_reg_r1_0_31_14_27/WCLK
                         RAMD32                                       r  u_core/u_id/u_reg_file/regs_reg_r1_0_31_14_27/RAMB_D1/CLK
                         clock pessimism              0.000     0.039    
                         RAMD32 (Hold_RAMD32_CLK_WADR2)
                                                      0.062     0.101    u_core/u_id/u_reg_file/regs_reg_r1_0_31_14_27/RAMB_D1
  -------------------------------------------------------------------
                         required time                         -0.101    
                         arrival time                           0.141    
  -------------------------------------------------------------------
                         slack                                  0.040    





Pulse Width Checks
--------------------------------------------------------------------------------------
Clock Name:         aclk
Waveform(ns):       { 0.000 5.000 }
Period(ns):         10.000
Sources:            { aclk }

Check Type        Corner  Lib Pin     Reference Pin  Required(ns)  Actual(ns)  Slack(ns)  Location  Pin
Min Period        n/a     RAMD32/CLK  n/a            1.064         10.000      8.936                u_core/u_id/u_reg_file/regs_reg_r1_0_31_0_13/RAMA/CLK
Min Period        n/a     RAMD32/CLK  n/a            1.064         10.000      8.936                u_core/u_id/u_reg_file/regs_reg_r1_0_31_0_13/RAMA_D1/CLK
Min Period        n/a     RAMD32/CLK  n/a            1.064         10.000      8.936                u_core/u_id/u_reg_file/regs_reg_r1_0_31_0_13/RAMB/CLK
Min Period        n/a     RAMD32/CLK  n/a            1.064         10.000      8.936                u_core/u_id/u_reg_file/regs_reg_r1_0_31_0_13/RAMB_D1/CLK
Min Period        n/a     RAMD32/CLK  n/a            1.064         10.000      8.936                u_core/u_id/u_reg_file/regs_reg_r1_0_31_0_13/RAMC/CLK
Min Period        n/a     RAMD32/CLK  n/a            1.064         10.000      8.936                u_core/u_id/u_reg_file/regs_reg_r1_0_31_0_13/RAMC_D1/CLK
Min Period        n/a     RAMD32/CLK  n/a            1.064         10.000      8.936                u_core/u_id/u_reg_file/regs_reg_r1_0_31_0_13/RAMD/CLK
Min Period        n/a     RAMD32/CLK  n/a            1.064         10.000      8.936                u_core/u_id/u_reg_file/regs_reg_r1_0_31_0_13/RAMD_D1/CLK
Min Period        n/a     RAMD32/CLK  n/a            1.064         10.000      8.936                u_core/u_id/u_reg_file/regs_reg_r1_0_31_0_13/RAME/CLK
Min Period        n/a     RAMD32/CLK  n/a            1.064         10.000      8.936                u_core/u_id/u_reg_file/regs_reg_r1_0_31_0_13/RAME_D1/CLK
Min Period        n/a     RAMD32/CLK  n/a            1.064         10.000      8.936                u_core/u_id/u_reg_file/regs_reg_r1_0_31_0_13/RAMF/CLK
Min Period        n/a     RAMD32/CLK  n/a            1.064         10.000      8.936                u_core/u_id/u_reg_file/regs_reg_r1_0_31_0_13/RAMF_D1/CLK
Min Period        n/a     RAMD32/CLK  n/a            1.064         10.000      8.936                u_core/u_id/u_reg_file/regs_reg_r1_0_31_0_13/RAMG/CLK
Min Period        n/a     RAMD32/CLK  n/a            1.064         10.000      8.936                u_core/u_id/u_reg_file/regs_reg_r1_0_31_0_13/RAMG_D1/CLK
Min Period        n/a     RAMS32/CLK  n/a            1.064         10.000      8.936                u_core/u_id/u_reg_file/regs_reg_r1_0_31_0_13/RAMH/CLK
Min Period        n/a     RAMS32/CLK  n/a            1.064         10.000      8.936                u_core/u_id/u_reg_file/regs_reg_r1_0_31_0_13/RAMH_D1/CLK
Min Period        n/a     RAMD32/CLK  n/a            1.064         10.000      8.936                u_core/u_id/u_reg_file/regs_reg_r1_0_31_14_27/RAMA/CLK
Min Period        n/a     RAMD32/CLK  n/a            1.064         10.000      8.936                u_core/u_id/u_reg_file/regs_reg_r1_0_31_14_27/RAMA_D1/CLK
Min Period        n/a     RAMD32/CLK  n/a            1.064         10.000      8.936                u_core/u_id/u_reg_file/regs_reg_r1_0_31_14_27/RAMB/CLK
Min Period        n/a     RAMD32/CLK  n/a            1.064         10.000      8.936                u_core/u_id/u_reg_file/regs_reg_r1_0_31_14_27/RAMB_D1/CLK
Low Pulse Width   Slow    RAMD32/CLK  n/a            0.532         5.000       4.468                u_core/u_id/u_reg_file/regs_reg_r1_0_31_0_13/RAMA/CLK
Low Pulse Width   Fast    RAMD32/CLK  n/a            0.532         5.000       4.468                u_core/u_id/u_reg_file/regs_reg_r1_0_31_0_13/RAMA/CLK
Low Pulse Width   Slow    RAMD32/CLK  n/a            0.532         5.000       4.468                u_core/u_id/u_reg_file/regs_reg_r1_0_31_0_13/RAMA_D1/CLK
Low Pulse Width   Fast    RAMD32/CLK  n/a            0.532         5.000       4.468                u_core/u_id/u_reg_file/regs_reg_r1_0_31_0_13/RAMA_D1/CLK
Low Pulse Width   Slow    RAMD32/CLK  n/a            0.532         5.000       4.468                u_core/u_id/u_reg_file/regs_reg_r1_0_31_0_13/RAMB/CLK
Low Pulse Width   Fast    RAMD32/CLK  n/a            0.532         5.000       4.468                u_core/u_id/u_reg_file/regs_reg_r1_0_31_0_13/RAMB/CLK
Low Pulse Width   Slow    RAMD32/CLK  n/a            0.532         5.000       4.468                u_core/u_id/u_reg_file/regs_reg_r1_0_31_0_13/RAMB_D1/CLK
Low Pulse Width   Fast    RAMD32/CLK  n/a            0.532         5.000       4.468                u_core/u_id/u_reg_file/regs_reg_r1_0_31_0_13/RAMB_D1/CLK
Low Pulse Width   Slow    RAMD32/CLK  n/a            0.532         5.000       4.468                u_core/u_id/u_reg_file/regs_reg_r1_0_31_0_13/RAMC/CLK
Low Pulse Width   Fast    RAMD32/CLK  n/a            0.532         5.000       4.468                u_core/u_id/u_reg_file/regs_reg_r1_0_31_0_13/RAMC/CLK
Low Pulse Width   Slow    RAMD32/CLK  n/a            0.532         5.000       4.468                u_core/u_id/u_reg_file/regs_reg_r1_0_31_0_13/RAMC_D1/CLK
Low Pulse Width   Fast    RAMD32/CLK  n/a            0.532         5.000       4.468                u_core/u_id/u_reg_file/regs_reg_r1_0_31_0_13/RAMC_D1/CLK
Low Pulse Width   Slow    RAMD32/CLK  n/a            0.532         5.000       4.468                u_core/u_id/u_reg_file/regs_reg_r1_0_31_0_13/RAMD/CLK
Low Pulse Width   Fast    RAMD32/CLK  n/a            0.532         5.000       4.468                u_core/u_id/u_reg_file/regs_reg_r1_0_31_0_13/RAMD/CLK
Low Pulse Width   Slow    RAMD32/CLK  n/a            0.532         5.000       4.468                u_core/u_id/u_reg_file/regs_reg_r1_0_31_0_13/RAMD_D1/CLK
Low Pulse Width   Fast    RAMD32/CLK  n/a            0.532         5.000       4.468                u_core/u_id/u_reg_file/regs_reg_r1_0_31_0_13/RAMD_D1/CLK
Low Pulse Width   Slow    RAMD32/CLK  n/a            0.532         5.000       4.468                u_core/u_id/u_reg_file/regs_reg_r1_0_31_0_13/RAME/CLK
Low Pulse Width   Fast    RAMD32/CLK  n/a            0.532         5.000       4.468                u_core/u_id/u_reg_file/regs_reg_r1_0_31_0_13/RAME/CLK
Low Pulse Width   Slow    RAMD32/CLK  n/a            0.532         5.000       4.468                u_core/u_id/u_reg_file/regs_reg_r1_0_31_0_13/RAME_D1/CLK
Low Pulse Width   Fast    RAMD32/CLK  n/a            0.532         5.000       4.468                u_core/u_id/u_reg_file/regs_reg_r1_0_31_0_13/RAME_D1/CLK
High Pulse Width  Slow    RAMD32/CLK  n/a            0.532         5.000       4.468                u_core/u_id/u_reg_file/regs_reg_r1_0_31_0_13/RAMA/CLK
High Pulse Width  Fast    RAMD32/CLK  n/a            0.532         5.000       4.468                u_core/u_id/u_reg_file/regs_reg_r1_0_31_0_13/RAMA/CLK
High Pulse Width  Slow    RAMD32/CLK  n/a            0.532         5.000       4.468                u_core/u_id/u_reg_file/regs_reg_r1_0_31_0_13/RAMA_D1/CLK
High Pulse Width  Fast    RAMD32/CLK  n/a            0.532         5.000       4.468                u_core/u_id/u_reg_file/regs_reg_r1_0_31_0_13/RAMA_D1/CLK
High Pulse Width  Slow    RAMD32/CLK  n/a            0.532         5.000       4.468                u_core/u_id/u_reg_file/regs_reg_r1_0_31_0_13/RAMB/CLK
High Pulse Width  Fast    RAMD32/CLK  n/a            0.532         5.000       4.468                u_core/u_id/u_reg_file/regs_reg_r1_0_31_0_13/RAMB/CLK
High Pulse Width  Slow    RAMD32/CLK  n/a            0.532         5.000       4.468                u_core/u_id/u_reg_file/regs_reg_r1_0_31_0_13/RAMB_D1/CLK
High Pulse Width  Fast    RAMD32/CLK  n/a            0.532         5.000       4.468                u_core/u_id/u_reg_file/regs_reg_r1_0_31_0_13/RAMB_D1/CLK
High Pulse Width  Slow    RAMD32/CLK  n/a            0.532         5.000       4.468                u_core/u_id/u_reg_file/regs_reg_r1_0_31_0_13/RAMC/CLK
High Pulse Width  Fast    RAMD32/CLK  n/a            0.532         5.000       4.468                u_core/u_id/u_reg_file/regs_reg_r1_0_31_0_13/RAMC/CLK
High Pulse Width  Slow    RAMD32/CLK  n/a            0.532         5.000       4.468                u_core/u_id/u_reg_file/regs_reg_r1_0_31_0_13/RAMC_D1/CLK
High Pulse Width  Fast    RAMD32/CLK  n/a            0.532         5.000       4.468                u_core/u_id/u_reg_file/regs_reg_r1_0_31_0_13/RAMC_D1/CLK
High Pulse Width  Slow    RAMD32/CLK  n/a            0.532         5.000       4.468                u_core/u_id/u_reg_file/regs_reg_r1_0_31_0_13/RAMD/CLK
High Pulse Width  Fast    RAMD32/CLK  n/a            0.532         5.000       4.468                u_core/u_id/u_reg_file/regs_reg_r1_0_31_0_13/RAMD/CLK
High Pulse Width  Slow    RAMD32/CLK  n/a            0.532         5.000       4.468                u_core/u_id/u_reg_file/regs_reg_r1_0_31_0_13/RAMD_D1/CLK
High Pulse Width  Fast    RAMD32/CLK  n/a            0.532         5.000       4.468                u_core/u_id/u_reg_file/regs_reg_r1_0_31_0_13/RAMD_D1/CLK
High Pulse Width  Slow    RAMD32/CLK  n/a            0.532         5.000       4.468                u_core/u_id/u_reg_file/regs_reg_r1_0_31_0_13/RAME/CLK
High Pulse Width  Fast    RAMD32/CLK  n/a            0.532         5.000       4.468                u_core/u_id/u_reg_file/regs_reg_r1_0_31_0_13/RAME/CLK
High Pulse Width  Slow    RAMD32/CLK  n/a            0.532         5.000       4.468                u_core/u_id/u_reg_file/regs_reg_r1_0_31_0_13/RAME_D1/CLK
High Pulse Width  Fast    RAMD32/CLK  n/a            0.532         5.000       4.468                u_core/u_id/u_reg_file/regs_reg_r1_0_31_0_13/RAME_D1/CLK



